"net-mfr-rfile"
"Iteration" "net-mfr"
("Iteration" "net-mfr")
1 -912.2789753200663
2 -1099.212855505741
3 -1184.636340946942
4 -1210.987104390668
5 -1200.156523880769
6 -1063.005643556731
7 -1087.591681592822
8 -994.0357076214244
9 -1022.486437566295
10 -965.8119732671285
11 -924.0153031114691
12 -898.1381122791513
13 -961.0387692938095
14 -928.9341016262313
15 -908.9545209572146
16 -896.8128677929021
17 -887.682951337852
18 -880.3652330932919
19 -875.7836604416001
20 -872.9102742494894
21 -871.1347434803868
22 -870.1025552182252
23 -869.6028824252948
24 -869.5031167668996
25 -869.7252159791683
26 -870.2000849915169
27 -870.8573860153351
28 -871.6351992768405
29 -872.4821648530876
30 -873.3823778588581
31 -874.2976940379539
32 -875.2063348411381
33 -876.0897869532855
34 -876.9307804493141
35 -877.7203557150848
36 -878.4534422531937
37 -879.1236848598219
38 -879.7241762871371
39 -880.2562168129222
40 -880.7147824466626
41 -881.0954705347458
42 -881.3974709266876
43 -881.6224138971064
44 -881.779893781896
45 -881.8767883003908
46 -881.9218251456037
47 -881.9247095156836
48 -881.8922418096403
49 -881.8340217647495
50 -881.7559413175645
51 -881.6599445263814
52 -881.5486548960272
53 -881.4229356768341
54 -881.27900992167
55 -881.1127766431329
56 -880.9252956316852
57 -880.7138802558189
58 -880.477812452773
59 -880.2183377343606
60 -879.9381260582559
61 -879.6413924621628
62 -879.3326885830103
63 -879.0161654014845
64 -878.6960709964133
65 -878.3766127741984
66 -878.0606526952657
67 -877.7500957799302
68 -877.4458567875508
69 -877.1484208283285
70 -876.8581632542621
71 -876.5749373320042
72 -876.2981902361144
73 -876.0279668181862
74 -875.7642456739952
75 -875.5076155821827
76 -875.2588233106389
77 -875.0183211179021
78 -874.7869652059189
79 -874.5653941188153
80 -874.35406453724
81 -874.1534909611792
82 -873.9635663772135
83 -873.7841011129723
84 -873.6146309794974
85 -873.4547507212407
86 -873.303611591062
87 -873.1604722873356
88 -873.0248649654559
89 -872.8965648550731
90 -872.7748037930257
91 -872.6596320588388
92 -872.551296866396
93 -872.4501441145114
94 -872.3561372166339
95 -872.2683879262278
96 -872.1860290599609
97 -872.1083126862098
98 -872.0347256423323
99 -871.9645552857668
100 -871.8976336066034
101 -871.8336812175272
102 -871.7725232806545
103 -871.7139018787044
104 -871.6573299899599
105 -871.6028231971468
106 -871.5501985879249
107 -871.4991556574487
108 -871.4495756356511
109 -871.4014285317987
110 -871.3543901671595
111 -871.3081979226409
112 -871.2627079913688
113 -871.2176596987114
114 -871.1728345261777
115 -871.1279542599436
116 -871.0827493941478
117 -871.0370714059858
118 -870.9907281159273
119 -870.9435503933952
120 -870.895326231474
121 -870.8457991800096
122 -870.794772331917
123 -870.7419507734463
124 -870.687267833991
125 -870.6306153703649
126 -870.5718139839112
127 -870.5107701732665
128 -870.4475911763006
129 -870.38229887848
130 -870.3149261825945
131 -870.2453248933547
132 -870.173463608897
133 -870.0992046807602
134 -870.0224553782889
135 -869.9432384184425
136 -869.8616077326263
137 -869.7775944452942
138 -869.6911405590472
139 -869.6022697559393
140 -869.5110096678117
141 -869.4174228285082
142 -869.3215749579929
143 -869.2235135573668
144 -869.1234203231759
145 -869.021412441856
146 -868.9175873792617
147 -868.8119137314529
148 -868.7044896602373
149 -868.5954362379071
150 -868.4848672359
151 -868.3728672369717
152 -868.2596350152039
153 -868.1453860682916
154 -868.0302056086548
155 -867.9143059804557
156 -867.7978214776704
157 -867.6808859313973
158 -867.5636392902436
159 -867.4462184376639
160 -867.3287514935482
161 -867.211350714848
162 -867.0941088921146
163 -866.9771718794733
164 -866.8605564710367
165 -867.6931676879733
166 -868.1576729160199
167 -868.3875317424707
168 -868.4743051570531
169 -868.4722961061884
170 -868.4210398473018
171 -867.4043756560613
172 -867.6635897876754
173 -866.849775555514
174 -867.2389767327741
175 -866.5083594709963
176 -866.0143538455943
177 -866.6065687389204
178 -866.0111869774745
179 -865.5977970917029
180 -865.3050220799013
181 -865.0905726850804
182 -864.9249829876313
183 -864.7923938333997
184 -865.6293626014048
185 -866.1073250862393
186 -866.3589360291177
187 -866.4704662038857
188 -865.5602440074468
189 -866.8251966122874
190 -865.7183866378904
191 -865.9252397866477
192 -866.0252078101091
193 -866.0635820502399
194 -866.0532522625577
195 -866.0154775894677
196 -865.9549323512338
197 -865.8939792270621
198 -864.887061022446
199 -865.1741455131116
200 -864.3953121444475
201 -863.8911839025109
202 -864.4964658471802
203 -863.9241127478446
204 -863.5462004406049
205 -863.295268152807
206 -863.125435607858
207 -863.007740044948
208 -862.9218655520222
209 -862.8551467512058
210 -862.8010769237554
211 -862.7555001731685
212 -862.7137702616683
213 -863.5907524264708
214 -863.2611920627355
215 -863.0148771229121
216 -862.8340427632077
217 -862.7021734760771
218 -862.6069639257553
219 -862.5351970266533
220 -862.4795058411452
221 -862.4352309485801
222 -862.3990117113042
223 -862.3684903204397
224 -862.3423490416189
225 -862.3198169732884
226 -862.3000820877331
227 -862.2825618434388
228 -862.2668886548896
229 -862.2525442050559
230 -862.2391956025425
231 -862.2269944441177
232 -862.2157725516205
233 -862.205684140351
234 -862.1966853656099
235 -862.1887608610913
236 -862.1819223894095
237 -862.1761827223585
238 -862.1715395799071
239 -862.1680351341357
240 -862.1656892460851
241 -862.1645179458657
242 -862.1645518412321
243 -862.1657814946062
244 -862.168189183286
245 -862.1719234432497
246 -862.1769328335544
247 -862.183123472564
248 -862.1904933648203
249 -862.199047247248
250 -862.2087924560034
251 -862.2197193196738
252 -862.2318137425808
253 -862.2450618131534
254 -862.2594532381243
255 -862.2749705296364
256 -862.2915973470507
257 -862.3093060045372
258 -862.3280579062925
259 -862.3478315328829
260 -862.368611780322
261 -862.3903473740368
262 -862.4129862202986
263 -862.436474774511
264 -862.4607508707826
265 -862.4857685867377
266 -862.5115272870864
267 -862.5379821350923
268 -862.5650509234725
269 -862.5926803234503
270 -862.6207938063963
271 -862.6493134858569
272 -862.67818924781
273 -862.7073409229865
274 -862.736690789187
275 -862.7661599061792
276 -862.7956816189987
277 -862.8253024708652
278 -862.8548809078118
279 -862.8842644338807
280 -862.9133940803679
281 -862.9422265826699
282 -862.9707155050214
283 -862.9988125309521
284 -863.0264683550213
285 -863.0536091415183
286 -863.0801671661472
287 -863.1061392144358
288 -863.1314307819684
289 -863.1559647540182
290 -863.1796697321512
291 -863.2024871823952
292 -863.2243875487808
293 -863.2453573698767
294 -863.2653873714344
295 -863.2844619028447
296 -863.302555250265
297 -863.3196329011857
298 -863.3356568903793
299 -863.3506139068371
300 -863.3644861074163
301 -863.3772621036035
302 -863.3889263690266
303 -863.3995087083696
304 -863.409025025691
305 -864.3326819492387
306 -864.0549628111659
307 -863.8544147453064
308 -863.7146482136496
309 -863.6188373727781
310 -863.5528906370234
311 -863.5087714527913
312 -863.4817352276553
313 -863.4636241587152
314 -863.4512186910755
315 -863.4423546005158
316 -863.4357781903331
317 -863.4305522561223
318 -863.425960411227
319 -863.4215442102123
320 -863.4168608692394
321 -863.411554321544
322 -863.4055477743187
323 -863.39878512552
324 -863.3914834136046
325 -863.3836215135871
326 -863.3751962736362
327 -863.3662124996466
328 -863.3567869704423
329 -863.3468928400417
330 -863.3365267611141
331 -863.3256927656028
332 -863.3144292869341
333 -863.3027165895775
334 -863.2905373048358
335 -863.2778888475966
336 -863.2647819829757
337 -863.2514107400538
338 -863.237846036837
339 -863.224016416821
340 -863.2098830636399
341 -863.19542359231
342 -863.1806394793086
343 -863.1655221173271
344 -863.1500598517395
345 -863.1342443816997
346 -863.1180623489796
347 -863.1015113551477
348 -863.0845905184541
349 -863.0673110364579
350 -863.0496821783275
351 -863.0316969486016
352 -863.0133682124067
353 -862.9946815346796
354 -862.9756351544952
355 -862.9562675940832
356 -862.9366604059946
357 -862.9167839148113
358 -862.8965478025819
359 -862.8759449383334
360 -862.8549850544542
361 -862.8337042731387
362 -862.812151912759
363 -862.7903066520325
364 -862.7681487056825
365 -862.7456701708128
366 -862.7228749065771
367 -862.6997738194226
368 -862.6763699620691
369 -862.6526644945819
370 -862.6287638487522
371 -862.6046158170652
372 -862.5801614284985
373 -862.5554235222119
374 -862.5304078927613
375 -862.5051044833325
376 -862.4795336527313
377 -862.4537146084219
378 -862.4276292236432
379 -862.401330238438
380 -862.3749472442523
381 -862.3484421373053
382 -862.3218204522617
383 -862.2950895229421
384 -862.268217400137
385 -862.2412002905933
386 -862.2139951389055
387 -862.1866590404824
388 -862.1592381240447
389 -862.1317769841032
390 -862.1043025532952
391 -862.0768553083817
392 -862.0494595117351
393 -862.0221417897378
394 -861.9949192610773
395 -861.9678201934815
396 -861.940857850183
397 -861.9140465747017
398 -861.8874025983323
399 -861.8609338312634
400 -861.8346497246009
401 -861.808557221453
402 -861.7826641188921
403 -862.6687160287785
404 -862.3640065031441
405 -862.1346539228587
406 -861.9636924704612
407 -861.8366537698548
408 -861.7406269847756
409 -861.6690180677296
410 -861.6156788308107
411 -861.5731197035374
412 -861.5381012499379
413 -861.5082265994392
414 -861.4817872635747
415 -861.457586403416
416 -861.4347125763032
417 -861.4128028961691
418 -861.3918231141547
419 -861.3714712201612
420 -861.3516546957428
421 -861.3322578229485
422 -861.3132291945251
423 -861.2945369066915
424 -861.2761374889773
425 -861.2580454760604
426 -861.2402716962666
427 -861.222855982084
428 -861.2058095731325
429 -861.1890992255604
430 -861.1726758304258
431 -861.1565255599834
432 -861.1406205516906
433 -861.1249429890007
434 -861.109602446598
435 -861.094582060585
436 -861.0800836827356
437 -861.06603652109
438 -861.052437678434
439 -861.0392156054035
440 -861.0263268091174
441 -861.0137574449467
442 -861.0015016177929
443 -860.9895571680191
444 -860.977925424601
445 -860.9666079753174
446 -860.9555999608489
447 -860.9449033886499
448 -860.9345177469743
449 -860.92443357222
450 -860.9146390937262
451 -860.9051226540369
452 -860.8958757368813
453 -860.8868790626161
454 -860.8781736229904
455 -860.8697289750355
456 -860.8616266928861
457 -860.8538444912355
458 -860.8463475037612
459 -860.8391123385359
460 -860.8321273928414
461 -860.8253874985365
462 -860.8188822438203
463 -860.8125832935365
464 -860.8064727959832
465 -860.8005915506825
466 -860.7949720771671
467 -860.7896313244938
468 -860.7845689843064
469 -860.7797908211128
470 -860.7753072960927
471 -860.771122270312
472 -860.7673245514869
473 -860.7638712340683
474 -860.7607283333009
475 -860.7578679677957
476 -860.7552734230726
477 -860.7529393430872
478 -860.7508650356729
479 -860.7490545022993
480 -860.7475186480483
481 -860.7462547352069
482 -860.7452332209868
483 -860.7444745303233
484 -861.693272411624
485 -862.2658926014495
486 -862.6079482641189
487 -862.8079170920118
488 -862.925328527297
489 -862.0540783896228
490 -862.4549790102492
491 -861.7623938418182
492 -862.2756074929147
493 -861.6544835173901
494 -863.1182570603222
495 -862.2449488947053
496 -863.5333449960006
497 -862.5036127662561
498 -862.7626939971426
499 -861.9573528463059
500 -862.3849131702169
501 -861.704691795735
502 -861.2833298162836
503 -861.9594046289271
504 -861.4450136710848
505 -861.1263892064985
506 -860.9339115071525
507 -860.821212606104
508 -860.7580949309378
509 -860.7255582140911
510 -860.711529610388
511 -860.7060188221873
512 -860.7066400522872
513 -860.7102016838844
514 -860.7154053885996
515 -860.721091387807
516 -860.7283913947427
517 -860.736333966631
518 -860.7452865219727
519 -860.7535062342884
520 -860.7609638374354
521 -860.7679501169445
522 -860.7746415513722
523 -860.7814332553419
524 -860.7889359668909
525 -860.7959261530767
526 -860.8025925075866
527 -860.8090589512599
528 -860.8155874496401
529 -860.8221136806203
530 -860.8285353653833
531 -860.8346612021892
532 -860.8397978926255
533 -860.8447142154278
534 -860.8494187000838
535 -860.8538529766288
536 -860.8579948216698
537 -860.8622051532926
538 -860.8661581544588
539 -860.8697265373036
540 -860.8729807510952
541 -860.8758845637699
542 -860.8784216715952
543 -861.827581774131
544 -862.3999473394321
545 -862.7413340831038
546 -862.9422097113064
547 -863.058036720711
548 -863.1240980623577
549 -863.1593421649361
550 -863.1763259210975
551 -863.1819602130507
552 -862.2434836234675
553 -862.5958578073397
554 -861.8783197072393
555 -861.4305815823868
556 -861.1550837487923
557 -860.9859352955385
558 -860.8836304972699
559 -860.8214546725422
560 -860.7823103600639
561 -860.7552360318482
562 -860.7360351987957
563 -860.7188845775926
564 -860.7020688786722
565 -860.6863801743112
566 -860.6715258525126
567 -860.6569802829213
568 -860.6419618886637
569 -860.625508946844
570 -860.607188982717
571 -860.5867484971786
572 -860.5650489632551
573 -860.5424259626313
574 -860.5174116602575
575 -860.4898359829554
576 -860.4599556208898
577 -860.4277108548831
578 -860.3930745703557
579 -860.3557186951616
580 -860.3154862696913
581 -860.2719836921124
582 -860.2251165417358
583 -860.1751965335076
584 -861.0199410820859
585 -860.6889171159069
586 -860.4278330792223
587 -860.2180230553838
588 -860.0468755681053
589 -859.9026555856277
590 -859.7754208258632
591 -859.658286036863
592 -859.5465911405258
593 -859.4367374172609
594 -859.3259277608113
595 -859.2120329110297
596 -859.0935232776658
597 -858.969030339448
598 -858.8376786808199
599 -858.698708107692
600 -858.5514653416028
601 -862.1256461936919
602 -862.366337314815
603 -861.49611195062
604 -860.8725391125232
605 -860.4023027521654
606 -859.0901907399183
607 -858.18978338869
608 -857.5400524637105
609 -857.0413485286444
610 -856.6305564779359
611 -856.2686525202902
612 -855.930815570508
613 -855.6020333040369
614 -855.2693360869276
615 -855.829233951888
616 -855.1852809423401
617 -854.6119506208031
618 -854.0865203407207
619 -853.5921372890364
620 -853.1144412258236
621 -852.6426049484564
622 -852.1677082573243
623 -851.6843327887651
624 -851.1880515544598
625 -850.6769641714501
626 -850.1470136537499
627 -849.596512309942
628 -849.0261623244362
629 -848.436001506127
630 -847.8247993379085
631 -847.1915875570162
632 -846.5362794267403
633 -845.8592388504517
634 -845.1595868996094
635 -844.4364320587861
636 -843.6901292408789
637 -843.8424495688243
638 -844.5129637718528
639 -844.5912277068545
640 -855.1374969473205
641 -850.3213069553761
642 -847.8946004573933
643 -843.3252284312543
644 -841.9209065736856
645 -838.8846366734654
646 -838.4149896663832
647 -836.7909140711289
648 -836.3764615480916
649 -833.8986390093741
650 -833.7274141091774
651 -836.7291202416153
652 -837.2060181197251
653 -833.4828349828587
654 -830.7204879289477
655 -828.5565268618293
656 -826.7718242479528
657 -824.3195028111585
658 -823.1741525519203
659 -822.9429899157366
660 -820.5549270174862
661 -820.304141843553
662 -817.9043697868682
663 -816.7731680506928
664 -815.5767896007852
665 -813.4720968959143
666 -811.6554042979527
667 -810.8755687967824
668 -810.768214964259
669 -809.3010406890404
670 -809.5640611003464
671 -809.1859318348429
672 -806.7165372739289
673 -803.7934795256227
674 -803.1331562016911
675 -800.5398076263234
676 -799.2535859875973
677 -797.1109320204258
678 -797.7758482368611
679 -796.0009530558173
680 -794.3321523700265
681 -792.0474468947195
682 -790.1133663903527
683 -788.4085406600625
684 -787.6841324191934
685 -789.1917114922779
686 -788.7910707071178
687 -785.5896204697856
688 -783.0952059963099
689 -781.8881655887099
690 -781.449018402928
691 -779.1662187585946
692 -778.0800256459269
693 -776.1552999531874
694 -775.3116748880673
695 -773.5638938595379
696 -772.8450537256332
697 -771.1937237521338
698 -770.5420454461097
699 -768.949237821947
700 -767.5553879783878
701 -766.3023394206286
702 -765.147525795197
703 -764.0628011539144
704 -763.0323813936417
705 -762.0419882387296
706 -761.0855959156531
707 -760.1565008763596
708 -759.2532807342045
709 -758.3742946837622
710 -757.5184047362746
711 -757.4156660015832
712 -756.3558211632646
713 -756.1672635599724
714 -754.9987271874577
715 -754.7453675379486
716 -754.3247569259912
717 -753.0528774063708
718 -752.0054807862722
719 -751.1192099133956
720 -750.3498024315699
721 -749.6622356127294
722 -749.0319522162906
723 -748.4425231365748
724 -747.8855089640643
725 -747.3539807938441
726 -746.8456994291438
727 -746.3594166746109
728 -746.6226133459901
729 -745.9259224823754
730 -745.3249310993011
731 -744.7977404598043
732 -744.3276065531933
733 -743.9017409385808
734 -743.5109428230666
735 -743.1483097379243
736 -742.8090363049403
737 -742.4897539602708
738 -742.9442221168497
739 -743.1275194221345
740 -743.1338913656724
741 -743.0384927154354
742 -742.8812559062001
743 -741.9540056602524
744 -741.2898697525812
745 -740.8038689231996
746 -740.4388309236615
747 -740.1530954330226
748 -739.9194528772856
749 -739.721031548776
750 -739.5460230225932
751 -739.3874976096826
752 -739.9490754268896
753 -739.5741453776574
754 -739.2812832531438
755 -739.0480177905782
756 -738.85850401961
757 -738.7009915171942
758 -738.5671230521281
759 -738.4506921188963
760 -738.3473835448601
761 -738.2543109673015
762 -738.1693014752757
763 -738.0906692898045
764 -738.017329154826
765 -737.9485138490385
766 -737.8836044167101
767 -737.8220841881157
768 -737.7638580050061
769 -737.708360841995
770 -737.655410804678
771 -737.6048338031422
772 -737.5564606564847
773 -737.5101437059911
774 -738.2194695961247
775 -738.6427580908181
776 -738.8797622718831
777 -738.9993718545377
778 -739.053489603108
779 -739.0629385013741
780 -738.311556493962
781 -739.3035608871481
782 -739.1511536367789
783 -738.3423169655622
784 -737.807747747057
785 -737.4561898223594
786 -737.2281248390074
787 -737.0809086357352
788 -736.9848346132186
789 -736.9196257936027
790 -736.873092446395
791 -736.8364460781002
792 -736.8052443469976
793 -736.7766277059549
794 -736.7529056172392
795 -736.7298250251794
796 -736.7069397753587
797 -736.6850269557088
798 -736.6643017546791
799 -736.6445375796646
800 -736.6254460714272
801 -736.6069721169885
802 -737.2830892302944
803 -737.0310390662453
804 -736.8521860496086
805 -736.7246916997855
806 -736.6339565674581
807 -736.5690887369842
808 -736.5223603948981
809 -736.4884083406114
810 -736.4632657455001
811 -736.4440708933548
812 -736.4288718732278
813 -736.4163249302555
814 -736.405627036984
815 -736.3962791404881
816 -736.3878740103698
817 -736.3802778078493
818 -736.3735427968558
819 -736.36748120126
820 -736.362109462071
821 -736.3574590692203
822 -736.3535270723703
823 -736.3503041009106
824 -736.3478274583125
825 -736.3460850233658
826 -736.3450673854268
827 -736.3447778344611
828 -736.3452274327182
829 -736.3464426114189
830 -736.3484174130414
831 -736.3511034565827
832 -736.3544239931975
833 -736.358429526167
834 -736.3632994290043
835 -736.3690041900843
836 -736.3754750563444
837 -736.3826761923459
838 -736.3905975840634
839 -736.399231325472
840 -736.408566209888
841 -736.4186079744713
842 -737.1229417489243
843 -736.8971680092366
844 -736.7446915748142
845 -736.6455392060485
846 -736.5845910864027
847 -736.5501977333982
848 -736.5342247226512
849 -736.5308691066352
850 -736.5359972288657
851 -736.5467677625769
852 -737.238805307244
853 -737.0280705573771
854 -736.8889376688137
855 -736.8001940517546
856 -736.7475042777551
857 -736.720270019268
858 -736.7108166504577
859 -736.713600121282
860 -736.724726879566
861 -736.7414213831532
862 -736.7617636497544
863 -736.7844791497948
864 -736.8087057844941
865 -736.8338573182423
866 -736.8595411417003
867 -736.8857187697018
868 -736.9120529540671
869 -736.9385363049134
870 -736.9651329498789
871 -736.991779151611
872 -737.0184633125851
873 -737.0451786242703
874 -737.0719297805103
875 -737.0987166924846
876 -737.1255383049197
877 -737.1523985570026
878 -737.1792827395689
879 -737.2060391440908
880 -737.232694597177
881 -737.2593041936408
882 -737.2858922746419
883 -737.3124881750896
884 -737.3391686141299
885 -737.3658575668493
886 -737.3925090599973
887 -737.4190957791411
888 -737.4456058660652
889 -737.4720323161977
890 -737.4983359938667
891 -737.5245306763568
892 -737.5506395326034
893 -737.5766767807188
894 -737.6026349410814
895 -737.6284958513074
896 -737.6542802925603
897 -737.6800074834097
898 -737.7056874771174
899 -737.7313408259012
900 -737.7569777858929
901 -737.7825939570643
902 -737.808201696826
903 -737.8338179939051
904 -737.8594522814551
905 -737.8851161865413
906 -737.9108314940769
907 -737.9366172650522
908 -737.9624802496818
909 -737.9884353564551
910 -738.0145102716064
911 -738.0407303849108
912 -738.0671219691498
913 -738.0937020170404
914 -738.120511368614
915 -738.14757996983
916 -738.8567577048044
917 -738.6585579417023
918 -738.5289731196269
919 -739.1410878377887
920 -738.8600396848638
921 -738.6756988259962
922 -738.5611733706266
923 -738.4963309137099
924 -738.4658588267499
925 -738.4588462703854
926 -738.4676689669737
927 -738.4869788878926
928 -738.5130831374936
929 -738.5434927075011
930 -738.5766701136525
931 -738.6118276348194
932 -738.6481863084532
933 -738.6854437052349
934 -738.7234137115931
935 -738.762041468519
936 -738.8012891380489
937 -738.8411599649966
938 -738.881661898499
939 -738.9227117412694
940 -738.9642566598297
941 -739.00635692292
942 -739.0490344932036
943 -739.0922824316607
944 -739.1360738998483
945 -739.1803936483652
946 -739.2252571923867
947 -739.2706680870574
948 -739.3166664802703
949 -739.3631205677272
950 -739.4099740484378
951 -739.457220110307
952 -739.5048364960057
953 -739.5528382734433
954 -739.6012168579056
955 -739.6499492769985
956 -739.6990223246906
957 -739.7484143486813
958 -739.7980437183493
959 -739.8478877540564
960 -739.8978931997202
961 -739.948063154338
962 -739.9983890730963
963 -740.0488503676261
964 -740.0994109978611
965 -740.1500451612092
966 -740.2007199494144
967 -740.2513981938932
968 -740.3020430377575
969 -740.3526252655786
970 -740.4031169138034
971 -740.453493784937
972 -740.5037266963288
973 -740.5537886918564
974 -740.6036594970855
975 -740.6533144705246
976 -740.7027313676996
977 -740.7518934823124
978 -740.800781394393
979 -740.8493768287419
980 -740.8976699983762
981 -740.9456507479204
982 -740.9933378872166
983 -741.0407365540578
984 -741.0878471647741
985 -741.1346670886239
986 -741.1811873684838
987 -741.2274088174842
988 -741.2733366701297
989 -741.3189755229113
990 -741.3643172429897
991 -741.4093667304273
992 -741.4541183460605
993 -741.4985775656272
994 -741.5427692974081
995 -741.5867110306839
996 -742.3251774574072
997 -742.1426030192249
998 -742.0269292864887
999 -741.9589399055399
1000 -741.9256577809864
1001 -741.9171819004957
1002 -741.9261245732615
1003 -741.9471102267175
1004 -741.9763365329093
1005 -742.0110394465255
1006 -742.0492460253377
1007 -742.0896823375417
1008 -742.1314044114702
1009 -742.1738357782154
1010 -742.2165431936215
1011 -742.2593543948326
1012 -742.3021921182512
1013 -742.345157970484
1014 -742.3880786164763
1015 -742.4309852775334
1016 -742.4739146144627
1017 -743.2205892041984
1018 -743.0270814697825
1019 -742.904194817334
1020 -742.833323375905
1021 -742.8002055248686
1022 -742.7937738176591
1023 -742.8055200464826
1024 -742.8294823963263
1025 -742.8615188032456
1026 -742.898762505743
1027 -742.9392736586709
1028 -742.981741295097
1029 -743.0253353166935
1030 -743.0695254287572
1031 -743.1139784066494
1032 -743.1585825629166
1033 -743.2032454033475
1034 -743.2478728631477
1035 -743.2924248481695
1036 -743.336864108348
1037 -743.3811506527057
1038 -743.4252310195892
1039 -743.4690772060395
1040 -743.5126662160214
1041 -743.5559438133192
1042 -743.5988507870672
1043 -743.6413652061284
1044 -743.6834190773177
1045 -743.7249616919504
1046 -743.7659089980477
1047 -743.806201938732
1048 -743.8458187168287
1049 -743.8846326334144
1050 -743.9226675432991
1051 -743.9599040262049
1052 -743.9963107073802
1053 -744.0318569157733
1054 -744.0664960155328
1055 -744.1001770605505
1056 -744.1328489301485
1057 -744.1644776719477
1058 -744.1949881142797
1059 -744.224343631591
1060 -744.2525071225812
1061 -744.2794456932021
1062 -744.3051304881484
1063 -744.3294903681093
1064 -744.3525030591948
1065 -745.0651038647701
1066 -744.8616755309325
1067 -744.723020271172
1068 -744.6299721314067
1069 -744.569796233017
1070 -744.5327493371722
1071 -744.5115785174389
1072 -744.5009488085025
1073 -744.4970200686973
1074 -744.4970104411886
1075 -744.4989317415505
1076 -744.5014444193
1077 -744.503523846219
1078 -744.5045884432301
1079 -744.5042727507379
1080 -744.5023661465328
1081 -744.4987231077871
1082 -744.4933106932385
1083 -744.4861696493101
1084 -744.4771655737468
1085 -744.4661206627987
1086 -744.4531739322862
1087 -744.4384086254001
1088 -744.4218962042083
1089 -744.4036782662912
1090 -744.3838024392551
1091 -744.3622604058623
1092 -744.3390810115617
1093 -744.3142881040995
1094 -744.2878985519972
1095 -744.2599230317613
1096 -744.2303642587146
1097 -744.1992607362716
1098 -744.1666955748576
1099 -744.1327015518007
1100 -744.0973165412936
1101 -744.06053635807
1102 -744.0223702668579
1103 -743.9828280215033
1104 -743.9419215320985
1105 -743.899720265846
1106 -743.8563045772993
1107 -743.8117445181181
1108 -743.7660981231732
1109 -743.7194028930523
1110 -743.671712222151
1111 -743.6230856549705
1112 -743.5735545547658
1113 -743.523145013768
1114 -743.4718975654561
1115 -743.4198580067423
1116 -743.3670642668765
1117 -743.3135588198903
1118 -743.2593845938679
1119 -743.2045830213699
1120 -743.1492024847055
1121 -743.0932896497704
1122 -743.0368875168843
1123 -742.9800428543261
1124 -742.9228000355054
1125 -742.8652002468675
1126 -742.8072823440326
1127 -743.4614959206164
1128 -743.1686089661611
1129 -742.9440386548597
1130 -742.7701142818315
1131 -742.6332662438425
1132 -742.5228589458429
1133 -742.4308832230284
1134 -742.351483337247
1135 -742.2803930630818
1136 -742.214698557975
1137 -742.1523902488194
1138 -742.092153808122
1139 -742.0331661247068
1140 -741.9749866187477
1141 -741.9173363403808
1142 -741.8601518832002
1143 -741.8030118722642
1144 -741.7458026099854
1145 -741.6889095632898
1146 -741.6325004012148
1147 -741.5766340594953
1148 -742.2232367351212
1149 -741.9492233606346
1150 -741.7379650624853
1151 -741.5723207860714
1152 -741.440474767325
1153 -741.3332865431167
1154 -741.2439672925983
1155 -741.1675102656843
1156 -741.1002560190083
1157 -741.0394928554813
1158 -740.9831622534458
1159 -740.9298631867346
1160 -740.8785985563088
1161 -740.828710370414
1162 -740.7798540221772
1163 -740.7317299904004
1164 -740.6841184696368
1165 -740.6370192049791
1166 -740.5900761690707
1167 -740.5432867392175
1168 -740.4967852827872
1169 -740.4506637825942
1170 -740.405008516736
1171 -740.3598536691525
1172 -740.3152091079552
1173 -740.2710530262245
1174 -740.2273673462722
1175 -740.1841433230796
1176 -740.1413697763264
1177 -740.099046756574
1178 -740.0571643223487
1179 -740.0157229002593
1180 -739.9747178406176
1181 -739.9341351523459
1182 -739.8939735182024
1183 -739.8542410074488
1184 -739.8149247473057
1185 -739.7760495154321
1186 -739.7376015418084
1187 -739.6996004201254
1188 -739.6620556977221
1189 -739.625094505497
1190 -739.5886383859147
1191 -739.552646214854
1192 -739.5171052495255
1193 -739.4820112629214
1194 -739.4473462729886
1195 -739.4131208485634
1196 -743.0895347129158
1197 -742.3646206137068
1198 -741.8904029469948
1199 -741.580647417076
1200 -741.371694804815
1201 -740.4847101865785
1202 -741.405091817475
1203 -740.482284908003
1204 -739.8947289007112
1205 -740.2612443827722
1206 -739.7405706709932
1207 -739.4051236454939
1208 -739.1900855309499
1209 -739.0488077095948
1210 -738.9534746735796
1211 -738.8882215384675
1212 -738.8393262490697
1213 -738.7985893601817
1214 -738.7649450799126
1215 -738.7349741526641
1216 -738.7059339727363
1217 -738.6784682957742
1218 -738.6520125469265
1219 -738.6268536649035
1220 -738.6023927475579
1221 -738.5791043665454
1222 -738.5555663224569
1223 -738.5321233825706
1224 -738.5099038505626
1225 -738.4876952842664
1226 -738.465617498566
1227 -738.4437835569823
1228 -738.4216754052911
1229 -738.3998747557254
1230 -738.3784144153907
1231 -738.3568776869778
1232 -738.3358336644204
1233 -738.3149783680956
1234 -738.2946086511959
1235 -738.2743582469144
1236 -738.2541669391397
1237 -738.2340292131353
1238 -738.2139574470103
1239 -738.1939799343002
1240 -738.8701820208687
1241 -738.6232681041427
1242 -738.4424237322813
1243 -738.3103975187228
1244 -738.897853435494
1245 -738.6162597288372
1246 -738.4116603439942
1247 -738.26246358618
1248 -738.1536131282969
1249 -738.0737583240993
1250 -738.0143250671235
1251 -737.9691013918039
1252 -737.9335423778253
1253 -737.9043633268018
1254 -737.8792658608558
1255 -737.8567106478116
1256 -737.8356545952233
1257 -737.815331345122
1258 -737.7952874544786
1259 -737.7752921482964
1260 -737.7550908079497
1261 -737.7343930066806
1262 -737.7130752810968
1263 -737.6911666062848
1264 -737.6686007389932
1265 -737.6453870818616
1266 -737.6216066912959
1267 -737.5972953880049
1268 -737.5724453541529
1269 -737.5470158534537
1270 -737.5209456272551
1271 -737.4942211055477
1272 -737.4669378088038
1273 -737.4390284550686
1274 -737.4104089840566
1275 -737.3810072566325
1276 -737.3507816157365
1277 -737.3196946896927
1278 -737.2877246289501
1279 -737.2548485737351
1280 -737.2210327624932
1281 -737.1864017548934
1282 -737.1509107807319
1283 -737.1145006792364
1284 -737.0771128833709
1285 -737.0387084179032
1286 -736.9992610864804
1287 -736.9587466278707
1288 -736.9171513564664
1289 -736.8744563023092
1290 -736.8306485782051
1291 -736.7857272166074
1292 -736.7396855778221
1293 -736.6925181590381
1294 -736.6442198302361
1295 -736.5947959227339
1296 -736.5442554956446
1297 -736.4926032305651
1298 -736.4398502094417
1299 -736.3860137722845
1300 -736.3311127288948
1301 -736.2751678705114
1302 -736.2181854643643
1303 -736.1602259142715
1304 -736.8533698210171
1305 -737.2490413592627
1306 -738.2041464323736
1307 -737.2737003047673
1308 -738.1519860573892
1309 -737.1833881980851
1310 -737.2960820900797
1311 -736.5992382175867
1312 -736.8821597755632
1313 -736.2920698625707
1314 -736.6387632300322
1315 -736.0894117120383
1316 -736.4611570163354
1317 -736.6750514817491
1318 -737.5116082955088
1319 -737.2482108913595
1320 -737.0535727424609
1321 -736.9024253164017
1322 -736.7864445166283
1323 -736.6825277672754
1324 -736.5951835424903
1325 -736.5088433862702
1326 -736.4318064570363
1327 -736.3517548529179
1328 -735.5407578033576
1329 -735.0141045195439
1330 -735.3995659244077
1331 -734.884527453056
1332 -734.541305538472
1333 -735.0415259048266
1334 -734.6004112190486
1335 -734.3045294639176
1336 -734.8328062193932
1337 -734.4117951856754
1338 -734.1299777660457
1339 -733.9386909342863
1340 -733.8057470418939
1341 -733.7103282803721
1342 -733.6384004494195
1343 -733.5818524521762
1344 -733.5343179517758
1345 -733.4943663506809
1346 -733.4605823941953
1347 -733.4307459900605
1348 -734.0856745039512
1349 -733.8479444552269
1350 -733.6738034305184
1351 -733.5472586706513
1352 -733.4567942407269
1353 -733.3934431329461
1354 -733.3505585062562
1355 -733.3235099849707
1356 -733.308365213606
1357 -733.3031054281632
1358 -733.3046258870701
1359 -733.3118454427178
1360 -733.3240303205679
1361 -733.340632419156
1362 -733.3611798679243
1363 -733.385669315645
1364 -733.4132700417476
1365 -733.4446446299993
1366 -733.4796927881969
1367 -733.5181830548211
1368 -734.2578819179415
1369 -734.0736746431818
1370 -733.9605198324401
1371 -733.9007310353938
1372 -733.880789620449
1373 -733.8900871049253
1374 -733.9213304060497
1375 -733.968535142308
1376 -734.0274250801396
1377 -734.0950074526295
1378 -734.1691874256099
1379 -734.2485165981316
1380 -734.3321915897952
1381 -734.4196496892241
1382 -734.5105801993039
1383 -734.604690898651
1384 -734.7018897773606
1385 -734.8021068665369
1386 -734.9051876806805
1387 -735.0110210598846
1388 -735.1195031395083
1389 -735.230638532949
1390 -735.3443342468194
1391 -735.4605078818133
1392 -735.579042828258
1393 -735.699879591065
1394 -735.8229445375712
1395 -735.9481506584796
1396 -736.0753478587831
1397 -736.2045112873295
1398 -736.3355789486885
1399 -736.4684495986382
1400 -736.6030549865102
1401 -736.7392986553768
1402 -737.535142671878
1403 -737.4566658117528
1404 -737.4453211553699
1405 -737.4817708898212
1406 -737.5530751923341
1407 -737.6494130420597
1408 -737.763466554234
1409 -737.8898847139745
1410 -738.0246846798402
1411 -738.1650715215477
1412 -738.3091016485988
1413 -738.4553573470929
1414 -738.602848723928
1415 -738.7509422885588
1416 -738.899426490747
1417 -739.7204204581799
1418 -739.6431626882188
1419 -739.6331894301242
1420 -739.67242860248
1421 -739.7470569843073
1422 -739.8463824735288
1423 -739.9623438245378
1424 -740.0890311729349
1425 -740.2223409755604
1426 -740.359459009925
1427 -740.4984101930668
1428 -740.6379021913384
1429 -740.7770922405168
1430 -740.9154754512577
1431 -741.0527042271386
1432 -741.1885382000389
1433 -741.3228310016134
1434 -741.4554836732964
1435 -741.5864138959417
1436 -741.7155470780248
1437 -741.8428677169809
1438 -741.9683474893804
1439 -742.0919668148105
1440 -742.2136754071028
1441 -742.3334193855515
1442 -743.0952955221226
1443 -742.9964721008931
1444 -742.9605183359175
1445 -742.9685774819249
1446 -743.0077840307393
1447 -743.0684316669815
1448 -743.1433635115394
1449 -743.2274515419031
1450 -743.3169095040763
1451 -743.4091441169411
1452 -743.5023276448873
1453 -743.5953409009759
1454 -743.6878125915617
1455 -743.7780343823081
1456 -743.8665399635127
1457 -743.952692891163
1458 -744.0365821652007
1459 -744.1182732148409
1460 -744.1978123606118
1461 -744.2752124626393
1462 -744.3504944153714
1463 -744.4236650409895
1464 -744.4947256382547
1465 -745.2399881559685
1466 -745.080757499275
1467 -744.9872092299649
1468 -744.9422115937105
1469 -744.9315023352489
1470 -744.9438800563626
1471 -744.9718497680676
1472 -745.0097955831375
1473 -745.0538205716399
1474 -745.1011527286631
1475 -745.1497971700728
1476 -745.1985803044981
1477 -745.2470177529724
1478 -745.2945355404643
1479 -745.3410190439809
1480 -745.3863374562741
1481 -745.4304031521159
1482 -745.4731864169001
1483 -745.514652850066
1484 -745.5548894722867
1485 -745.5938712831326
1486 -745.6313475506095
1487 -745.6674944426284
1488 -745.7022834354301
1489 -745.7359930436489
1490 -745.7686369563787
1491 -745.8002320114891
1492 -745.8307709091467
1493 -745.8603052158328
1494 -745.8888487175711
1495 -745.9164139952056
1496 -745.943049633422
1497 -745.9687784407937
1498 -745.9936557083798
1499 -746.0176744262219
1500 -746.0410041043215
1501 -746.0636345305606
1502 -746.0855523944541
1503 -746.1067730286447
1504 -746.1272800532705
1505 -746.1470557645131
1506 -746.1661535754246
1507 -746.1843505224264
1508 -746.2013959243317
1509 -746.2175038208616
1510 -746.2330447612375
1511 -746.248133738501
1512 -746.2628167117979
1513 -746.2770766203854
1514 -746.2908659142855
1515 -746.3041631946566
1516 -746.3169474046147
1517 -746.3291833576775
1518 -746.3408265229876
1519 -746.3518322952661
1520 -746.3621873730444
1521 -746.3720235436567
1522 -746.381335795866
1523 -746.3900643424106
1524 -746.3981773174705
1525 -746.4056307496429
1526 -746.4124895292991
1527 -746.4188010548858
1528 -746.4246056622059
1529 -746.4297405096528
1530 -746.4341699726118
1531 -746.4347747844664
1532 -747.1738763541929
1533 -746.9559403359008
1534 -746.7976508522083
1535 -746.6812180064411
1536 -746.5970115601926
1537 -746.538035488084
1538 -746.4978642961626
1539 -746.4706474026891
1540 -746.4519182127859
1541 -746.4385594537708
1542 -746.4283475291505
1543 -746.419745374894
1544 -746.4113740860471
1545 -746.4027814912283
1546 -746.3937883140345
1547 -746.3843512977093
1548 -746.3745443236984
1549 -746.3643171696508
1550 -746.3536442621056
1551 -746.3423897859345
1552 -746.3308015950518
1553 -746.3192049985744
1554 -746.3075950661453
1555 -746.2958613206558
1556 -746.2839214954167
1557 -746.2716436623084
1558 -746.2589761875738
1559 -746.2459359668376
1560 -746.2325013025754
1561 -746.2187033445095
1562 -746.2044264339296
1563 -746.1898105344494
1564 -746.1744795494776
1565 -746.1585629560493
1566 -746.1422652478246
1567 -746.1255288901453
1568 -746.1083283103164
1569 -746.0906653308421
1570 -746.0725781459803
1571 -746.0541079161671
1572 -746.0353044531305
1573 -746.0162074259337
1574 -745.9968879276412
1575 -745.9774358288942
1576 -745.9579229033412
1577 -745.938427475717
1578 -745.9190242137578
1579 -745.8997963977811
1580 -745.8805576321727
1581 -745.8613940229533
1582 -745.8418214261742
1583 -745.8187402725432
1584 -745.7984434351497
1585 -745.7797999219288
1586 -745.7620755052984
1587 -745.7447904585788
1588 -745.727704461533
1589 -745.7107083388418
1590 -745.6937534432077
1591 -745.6768385269273
1592 -745.6599702564156
1593 -745.6431675111553
1594 -745.6264691970418
1595 -745.6099985244221
1596 -745.5936884634706
1597 -745.5774709403624
1598 -745.5612759087586
1599 -745.5450686485771
1600 -746.2646897817831
1601 -746.0277294607931
1602 -745.8485873345079
1603 -745.7136000844104
1604 -745.6120924087297
1605 -745.5367672110708
1606 -745.4813206489446
1607 -745.4402710869584
1608 -745.4092295268189
1609 -745.3848670774402
1610 -745.3644544150218
1611 -746.0622653468628
1612 -745.8188895994334
1613 -745.6393022637031
1614 -745.506043198969
1615 -745.4073494974573
1616 -745.3339941910858
1617 -745.2791599988316
1618 -745.2375102649844
1619 -745.2051776914242
1620 -745.1793124366767
1621 -745.1572323537255
1622 -745.1379571775949
1623 -745.1201060793414
1624 -745.1037751578888
1625 -745.0895518501072
1626 -745.0766500450445
1627 -745.0639519567063
1628 -745.051268278978
1629 -745.0385600208126
1630 -745.0258656041761
1631 -745.0134849880648
1632 -745.0016325664769
1633 -744.989975816795
1634 -744.9787276322644
1635 -744.9683364307881
1636 -744.9583689570575
1637 -744.9486033039508
1638 -744.9383064570752
1639 -744.928066748917
1640 -744.9183926938396
1641 -744.9089903629737
1642 -744.9001632205169
1643 -744.8920084764651
1644 -744.8845195840678
1645 -744.8776453129101
1646 -744.8713505684613
1647 -744.8655512047702
1648 -744.8601767207842
1649 -744.8551986759999
1650 -744.8503477128568
1651 -744.8456376136409
1652 -744.8389453269493
1653 -744.8319598775024
1654 -744.8265618540815
1655 -744.8221501095356
1656 -744.8181898884602
1657 -744.8143065399568
1658 -744.8103643133679
1659 -745.5200017951447
1660 -745.3007813599539
1661 -745.1375861873754
1662 -745.0165563467812
1663 -744.9283832728263
1664 -744.8660789066295
1665 -744.8234463417585
1666 -744.7950676536562
1667 -745.4705436257739
1668 -745.2318587396987
1669 -745.0631584337652
1670 -744.943564362385
1671 -744.8589269210829
1672 -744.798925713774
1673 -744.7562079267803
1674 -744.725422797912
1675 -744.7025446907592
1676 -744.684886379738
1677 -744.6703822201125
1678 -744.6577015047969
1679 -744.6455919942208
1680 -744.6338160811213
1681 -744.6231478062203
1682 -744.6126684411701
1683 -744.6016957937916
1684 -744.5902059437657
1685 -744.5776026276822
1686 -744.5642119752715
1687 -744.550375722261
1688 -744.5362351612223
1689 -744.521820849653
1690 -744.5074316887622
1691 -744.4922848679091
1692 -744.4763202733812
1693 -744.4599897698345
1694 -744.4432232923704
1695 -744.4260710010267
1696 -744.4082995846364
1697 -744.3898287305557
1698 -744.3705523580787
1699 -744.3505561434845
1700 -744.3296657454607
1701 -744.3082467398874
1702 -744.286486409442
1703 -744.2644186169389
1704 -744.2420014187326
1705 -744.2191369417446
1706 -744.1958318911686
1707 -744.1719721079459
1708 -744.1474941432386
1709 -744.1224224672713
1710 -744.0967802171764
1711 -744.070575926699
1712 -744.722459616515
1713 -744.4718398170842
1714 -744.2881048096388
1715 -744.8406954360863
1716 -744.5262259799252
1717 -744.2918521004508
1718 -744.1169848025792
1719 -743.9864247195658
1720 -743.8890153779207
1721 -743.8156714309627
1722 -743.7586682232227
1723 -743.7118486996551
1724 -743.6714370271827
1725 -743.6350525724029
1726 -743.6004797256209
1727 -743.5663273587221
1728 -743.5319526518338
1729 -743.4971875282264
1730 -743.4619459925332
1731 -743.4259913013755
1732 -743.3894981634521
1733 -743.3525897756354
1734 -743.3154049303768
1735 -743.2780178065439
1736 -743.2405016502187
1737 -743.2025396198359
1738 -743.1642976624862
1739 -743.1265756997037
1740 -743.0895346502605
1741 -743.0523758978725
1742 -743.0152123362965
1743 -742.9771129948392
1744 -742.9385611636296
1745 -742.9001421677232
1746 -742.8620531006906
1747 -742.8242706187216
1748 -742.7867104656265
1749 -742.7492743612203
1750 -744.1638677048636
1751 -745.7490539913358
1752 -745.2559578711584
1753 -745.6457904529068
1754 -745.8052617381629
1755 -745.2508380913282
1756 -744.1521595902819
1757 -743.446151791527
1758 -742.9894001466016
1759 -742.6907975426641
1760 -742.4909885926821
1761 -742.3531736346775
1762 -742.2556451953119
1763 -742.1786289503126
1764 -742.1184231755261
1765 -742.0681704903672
1766 -742.0235507358898
1767 -741.9820561566416
1768 -741.9419748709815
1769 -741.9004638378764
1770 -741.8591327959912
1771 -742.4837023182711
1772 -742.2359368316122
1773 -742.0446752268011
1774 -741.8967669044741
1775 -741.7821571259203
1776 -741.6922648685382
1777 -741.6208150836633
1778 -741.5612185138331
1779 -741.5090021486961
1780 -741.4620748987558
1781 -741.4179375534417
1782 -741.3754740219446
1783 -741.3344132828128
1784 -741.2933858589256
1785 -741.252124473492
1786 -741.2104166336172
1787 -741.1687037369071
1788 -741.1270297940106
1789 -741.0848766839161
1790 -741.7515838138929
1791 -741.4419430665139
1792 -741.9365818073979
1793 -742.2187903628511
1794 -742.3174412029504
1795 -741.7484325129748
1796 -741.3619124405318
1797 -741.0976074446037
1798 -740.9156714471515
1799 -740.785189982176
1800 -740.6858638331612
1801 -740.6074725453628
1802 -740.542702364525
1803 -740.4869671928276
1804 -740.4377860193782
1805 -740.3922467718974
1806 -740.3493675858386
1807 -740.3085207507698
1808 -740.2690924376743
1809 -740.9425622951062
1810 -740.6356516023926
1811 -741.1390599257788
1812 -740.7227121264241
1813 -740.4473780641542
1814 -740.2610654154565
1815 -740.1314512103212
1816 -740.03678631662
1817 -739.9639997723671
1818 -739.9054060439099
1819 -739.8555629308041
1820 -739.810900296315
1821 -739.7699705317553
1822 -739.7313404504835
1823 -739.6938970633224
1824 -739.6570405060861
1825 -739.6203603570616
1826 -739.5833347222519
1827 -740.1842830809253
1828 -739.9453806050085
1829 -739.7634227265082
1830 -739.6243131465629
1831 -739.5183653128113
1832 -740.0626226598397
1833 -739.7933964102269
1834 -739.5980683515647
1835 -739.4546265194728
1836 -739.3479138079231
1837 -739.2666974857243
1838 -739.2029813253521
1839 -739.1514532120918
1840 -739.1078974688794
1841 -739.0694760736408
1842 -739.0341779576928
1843 -739.000930823313
1844 -738.9690128680829
1845 -738.9380078390133
1846 -738.9073915282794
1847 -739.5828981309934
1848 -739.9983679121476
1849 -739.5317653077029
1850 -739.2265151488325
1851 -739.7315231369771
1852 -739.3307059276106
1853 -739.068476944196
1854 -738.8955678421859
1855 -738.7785360719681
1856 -738.6980729290045
1857 -738.6408824974653
1858 -738.5978113711822
1859 -738.5613488009449
1860 -738.5283548890997
1861 -738.4978564014048
1862 -738.4694530172294
1863 -738.4431610185291
1864 -738.417940993068
1865 -738.3935558758363
1866 -738.3696206775315
1867 -738.3460674154148
1868 -738.322644985501
1869 -738.2994881227663
1870 -738.2766278327193
1871 -738.2543964343695
1872 -738.2325875434886
1873 -738.8281582980628
1874 -738.6041855191199
1875 -738.4407138916407
1876 -738.3202611169841
1877 -738.2307565593135
1878 -738.1633148536858
1879 -738.1112253264034
1880 -738.7817495435298
1881 -738.4816545508185
1882 -739.6947705088839
1883 -739.6530185624216
1884 -739.7184673217846
1885 -739.0372406475047
1886 -738.5914989131081
1887 -738.2992319361963
1888 -738.1080619418343
1889 -737.982050174774
1890 -737.8972468124978
1891 -737.8378360407578
1892 -738.5137626865679
1893 -738.2113860039301
1894 -738.7302191847805
1895 -739.0330070221876
1896 -738.5042477568016
1897 -738.1612681056847
1898 -738.617156814521
1899 -739.5740317320243
1900 -740.1580956777581
1901 -739.8133955813715
1902 -738.9051602132429
1903 -738.3226929493535
1904 -737.9508994982023
1905 -737.7122451166698
1906 -737.558803812695
1907 -737.4543654721347
1908 -737.383357916681
1909 -737.3327471098726
1910 -737.2942769205821
1911 -737.2602797310526
1912 -737.2296867307687
1913 -737.2012301965952
1914 -737.1745518132935
1915 -737.1480923272807
1916 -737.1214061625204
1917 -737.0943588719186
1918 -737.6801090914726
1919 -737.452072612142
1920 -737.2843594592343
1921 -737.1594879306103
1922 -737.0645127316365
1923 -736.9904258527416
1924 -736.9317097512113
1925 -737.6019022059659
1926 -737.2959021523681
1927 -737.8076774030858
1928 -737.3995743887917
1929 -737.1307269307181
1930 -737.5758057983259
1931 -737.2539436807725
1932 -737.7416895696912
1933 -738.0162234067843
1934 -737.4522253046945
1935 -737.0784064810546
1936 -736.8270081365986
1937 -736.6559867077038
1938 -736.536537646257
1939 -736.4486246313082
1940 -736.3809158556339
1941 -736.323548114556
1942 -736.2727757813731
1943 -736.2263786961097
1944 -736.1819343669416
1945 -736.1382328263539
1946 -736.0957399210137
1947 -736.0522156324673
1948 -736.007173137857
1949 -735.9608523511564
1950 -735.9141251796168
1951 -735.8673553730628
1952 -735.818927895663
1953 -735.7702432056375
1954 -737.1176095774847
1955 -737.2403472170279
1956 -737.2920026224396
1957 -737.2934035734557
1958 -736.5746351451146
1959 -737.5132000076229
1960 -736.6747347127938
1961 -736.8313249071277
1962 -736.2084081716965
1963 -736.5027295024989
1964 -736.6622307057778
1965 -736.0439440534394
1966 -735.6343564145725
1967 -736.0552298889606
1968 -735.6030056557347
1969 -735.2955027882816
1970 -735.080386966187
1971 -734.9222100656038
1972 -734.8003222384916
1973 -735.3224364811661
1974 -735.0286020484418
1975 -734.8044262887527
1976 -734.6302858903061
1977 -734.4888320133566
1978 -734.3718119635286
1979 -734.2705484316432
1980 -734.1800528125416
1981 -734.0967602930784
1982 -734.0188528922611
1983 -733.9426214016192
1984 -733.8676789592823
1985 -734.4248084440334
1986 -734.1414463765615
1987 -733.9203920825238
1988 -734.4478474785963
1989 -734.0458004547811
1990 -735.846957589056
1991 -735.5447437546541
1992 -734.6119788398671
1993 -733.9917280221474
1994 -733.5734266093516
1995 -733.283240137368
1996 -733.7609159722464
1997 -734.0451978434501
1998 -733.5009338309959
1999 -733.1316528034559
2000 -732.8684627103974
2001 -732.6715892867784
2002 -732.5154390130893
2003 -732.385108381687
2004 -732.2696198341474
2005 -732.1630663948806
2006 -732.0605313253162
2007 -731.9609766955364
2008 -731.8624826866724
2009 -731.7642813720356
2010 -731.6662057614088
2011 -731.5674618194413
2012 -731.4682209217161
2013 -731.3690188913549
2014 -731.2680430888648
2015 -731.1654224470667
2016 -731.061073112275
2017 -730.9558941075159
2018 -731.5346068313092
2019 -731.179034414856
2020 -732.2672550279076
2021 -731.5512324757424
2022 -731.047151675379
2023 -730.6856339985021
2024 -730.4186406515363
2025 -730.210729033662
2026 -730.6758562379621
2027 -730.3179986844764
2028 -730.0357236466384
2029 -730.4796784670928
2030 -730.0404772054321
2031 -730.3793550493881
2032 -729.8810933532091
2033 -729.5163908027672
2034 -729.2365819549489
2035 -729.0115373086441
2036 -728.8214275433195
2037 -728.6527008179827
2038 -728.4971020152134
2039 -728.3478234780389
2040 -728.2016977936686
2041 -728.0567489210653
2042 -727.9114746583272
2043 -727.765237271406
2044 -727.6166775914364
2045 -727.4658412632386
2046 -727.3133004746194
2047 -727.1598220453661
2048 -727.0022199247046
2049 -727.4775155503625
2050 -727.0966102427255
2051 -726.7806093820092
2052 -726.5108219210175
2053 -726.2722997532951
2054 -726.0556614210221
2055 -725.852805710022
2056 -726.3305494194511
2057 -725.8972597589961
2058 -725.5478246248443
2059 -725.9169781372131
2060 -725.4187835162949
2061 -725.0253123383784
2062 -724.6994961385217
2063 -724.416487840808
2064 -724.1601474496881
2065 -723.9196399843604
2066 -723.6878090073767
2067 -723.4600244132201
2068 -723.232765553172
2069 -723.004341922132
2070 -722.7728956467115
2071 -722.5380173443757
2072 -722.2995821766774
2073 -722.0575407413133
2074 -721.8104962941561
2075 -722.2024539025515
2076 -721.73682599245
2077 -721.3294633804628
2078 -720.9618543438492
2079 -720.6221072504129
2080 -720.3008030153259
2081 -719.9908936423208
2082 -720.3613551418872
2083 -719.8164718267178
2084 -719.3553273271209
2085 -718.9539435734217
2086 -718.5858280297667
2087 -718.237575242809
2088 -717.8997147954399
2089 -717.5659791317886
2090 -717.2324741366865
2091 -716.8969846654255
2092 -716.5581909153211
2093 -716.2149922545581
2094 -715.8682626699311
2095 -715.5159222170504
2096 -715.1578177358259
2097 -714.7940636017854
2098 -714.4250594231605
2099 -715.4056023273012
2100 -715.1887068763263
2101 -716.2119343521742
2102 -715.4204134277851
2103 -714.747876217721
2104 -713.5010934394874
2105 -713.2259539221133
2106 -712.2275581102937
2107 -711.4419454452855
2108 -710.7904299439828
2109 -710.2230908752116
2110 -709.7058108549737
2111 -709.2192523024967
2112 -708.7486875286834
2113 -708.2869423579119
2114 -707.8276479752794
2115 -707.3671170401041
2116 -706.9040755832647
2117 -706.4372680991019
2118 -705.9669795972933
2119 -706.1530051484312
2120 -706.1030502887608
2121 -706.4899200285597
2122 -706.6190141674726
2123 -705.1656739458853
2124 -704.7172491985903
2125 -703.5725700158681
2126 -702.661617037745
2127 -702.5628392481623
2128 -701.6489951690658
2129 -700.8828013988009
2130 -700.8728907096025
2131 -700.009365622526
2132 -699.2696745313311
2133 -699.2694902828021
2134 -699.0438735984113
2135 -698.713578399023
2136 -698.3271332883498
2137 -697.2141013721232
2138 -696.3058134283667
2139 -695.5292717339247
2140 -694.8378192815458
2141 -694.1964339088084
2142 -694.2094989119678
2143 -694.0411986203001
2144 -693.7033943095045
2145 -693.8997725895292
2146 -692.5476739724797
2147 -692.729230200883
2148 -693.8507112468923
2149 -691.8964762809919
2150 -691.6899634882604
2151 -690.0919680725917
2152 -689.4803915090627
2153 -690.1797112700483
2154 -688.4954249467776
2155 -688.5118564226094
2156 -687.6119552205782
2157 -686.1897048668318
2158 -685.0667529381723
2159 -684.7672450133431
2160 -684.3383184897523
2161 -683.2600213763191
2162 -682.9729463570637
2163 -681.9336670031493
2164 -681.0472213118317
2165 -680.2621786910887
2166 -679.5435992448668
2167 -678.8656279431327
2168 -678.2130387151118
2169 -677.57612421998
2170 -676.9495240731463
2171 -676.9241562687644
2172 -677.3338473488202
2173 -676.6945584639182
2174 -676.7602928973863
2175 -677.7389312708113
2176 -679.3967567824525
2177 -677.659822758501
2178 -678.2776999719938
2179 -677.0629887585525
2180 -676.1145829521565
2181 -673.3611037117633
2182 -672.0598676117389
2183 -670.3658596809734
2184 -669.7341333336135
2185 -669.0383392125236
2186 -668.4644186015362
2187 -667.8605541223295
2188 -667.2376971351424
2189 -666.6026227879212
2190 -665.9609837530352
2191 -665.2301782926359
2192 -664.6379214569771
2193 -663.3529080631795
2194 -662.957642778708
2195 -662.3790934388246
2196 -661.2029255674161
2197 -660.7887465996938
2198 -659.7144442542368
2199 -658.7916915644546
2200 -657.9705587845125
2201 -657.7839024977148
2202 -656.8641955653964
2203 -656.037016684361
2204 -655.2750435855327
2205 -654.5540518578625
2206 -654.4093137329356
2207 -653.5361605435791
2208 -653.2815099482186
2209 -652.338844332102
2210 -651.4906583699291
2211 -650.707746403911
2212 -649.9696046703496
2213 -650.4108613604795
2214 -649.2936715744627
2215 -648.9139970430393
2216 -648.3909880115082
2217 -647.8672159602016
2218 -647.2463320462634
2219 -646.6021425030485
2220 -647.7671024610942
2221 -646.4034509461707
2222 -645.3008440818468
2223 -645.5455773706655
2224 -643.7176236218147
2225 -642.3016099530121
2226 -641.6966423082075
2227 -640.5567050545551
2228 -640.124753329087
2229 -639.0931859040921
2230 -638.7223487727742
2231 -637.7307306063526
2232 -636.8603946823783
2233 -637.2154032557856
2234 -637.1230347270372
2235 -637.9369789741279
2236 -636.5651570073602
2237 -634.90467697682
2238 -634.1276946943519
2239 -633.3972419521139
2240 -632.7333699498914
2241 -632.0588770546218
2242 -631.3913330342759
2243 -630.1852048697165
2244 -629.7207493224851
2245 -628.6503538357799
2246 -628.2795249347483
2247 -627.2701261381441
2248 -626.9371202255506
2249 -626.5416428199416
2250 -625.4589095561222
2251 -625.1191700907381
2252 -624.0925184707876
2253 -623.7118302231247
2254 -622.7617929409793
2255 -621.9224650662499
2256 -622.2480641729695
2257 -621.1448058049151
2258 -621.833462984773
2259 -620.4080825745968
2260 -619.7519147710265
2261 -618.6294352296261
2262 -617.6931344027348
2263 -616.8814930265335
2264 -616.1515520013452
2265 -615.4734077858188
2266 -614.8286564902214
2267 -614.2052195694117
2268 -613.5941920495172
2269 -613.5016340171276
2270 -613.2600011808599
2271 -613.3601591175543
2272 -613.2548208798565
2273 -611.9044787200932
2274 -610.8206464256589
2275 -611.0087220547724
2276 -609.8310235438227
2277 -610.5254805212345
2278 -609.0940560401368
2279 -609.0480548097044
2280 -608.1907144897194
2281 -607.5173021210089
2282 -607.4220220714985
2283 -607.0759840639091
2284 -606.1934986326845
2285 -605.9384794402143
2286 -605.0384190096795
2287 -604.252803585767
2288 -603.5112678329466
2289 -603.9347830611423
2290 -603.395147292693
2291 -602.8858987186851
2292 -601.882270611591
2293 -600.9970540224366
2294 -600.7671238883239
2295 -600.4518085292154
2296 -600.5357045332588
2297 -601.4303827082041
2298 -600.2492132019197
2299 -599.7962081587752
2300 -598.7358331452903
2301 -597.4004667891999
2302 -596.3962307045341
2303 -595.0504779780318
2304 -594.0159354760621
2305 -593.7029069110154
2306 -592.8094646871089
2307 -592.0564735891261
2308 -591.9073847806665
2309 -591.1177725548911
2310 -591.3758417138305
2311 -590.416524276174
2312 -589.6056856356803
2313 -589.3900138294053
2314 -588.5829996277944
2315 -588.3714224584646
2316 -587.5655441967743
2317 -586.8660224777368
2318 -586.2372438985057
2319 -586.0928124799938
2320 -585.3946576848999
2321 -584.7619584018239
2322 -584.6424634077198
2323 -584.3810334217611
2324 -584.0142393198448
2325 -583.5968997285878
2326 -582.6776878823058
2327 -581.903575261577
2328 -581.6929674204208
2329 -580.919716754567
2330 -580.2431324222068
2331 -579.6318481013416
2332 -579.5461699934779
2333 -578.8300237319467
2334 -578.665488004253
2335 -577.9012242949373
2336 -577.6956247022438
2337 -577.329493642132
2338 -576.5048481699081
2339 -576.7179700902861
2340 -575.7540343957834
2341 -575.4317898933291
2342 -574.5494210045126
2343 -574.2827862691315
2344 -573.4458867394526
2345 -573.2118876284902
2346 -572.3966030566695
2347 -572.1799273513216
2348 -571.8309375185574
2349 -572.3915952358383
2350 -572.0465664852196
2351 -571.672685348506
2352 -572.5766117523258
2353 -570.6922247536619
2354 -570.6544607820831
2355 -569.09732205503
2356 -567.9143903364668
2357 -567.8844435939282
2358 -567.2073848011304
2359 -566.1944775318192
2360 -565.8238240164571
2361 -564.9522913223469
2362 -564.6063214301269
2363 -564.2872173078238
2364 -563.4350085058059
2365 -563.1477905021097
2366 -562.8010404484122
2367 -562.8059007699944
2368 -561.7333708725005
2369 -560.854934857912
2370 -560.547965203533
2371 -559.7351451190348
2372 -559.481497207116
2373 -559.5731013740869
2374 -559.4533125010712
2375 -559.168881784354
2376 -558.7480259639806
2377 -558.7871920671561
2378 -557.7454665703493
2379 -558.1570938499732
2380 -557.3975278825558
2381 -556.6997144780622
2382 -555.2019580829558
2383 -555.790431990308
2384 -554.6981903678105
2385 -553.7595470844674
2386 -553.0576568086801
2387 -552.4429283764706
2388 -551.8564289566411
2389 -551.7380234767265
2390 -550.6137167967777
2391 -550.5632775635343
2392 -549.8702693843866
2393 -549.7281657102981
2394 -548.6152029959724
2395 -547.7215573234072
2396 -546.9743302640856
2397 -546.3229487134768
2398 -546.1484986042948
2399 -545.4485920457619
2400 -545.6380322714041
2401 -544.7630774718698
2402 -544.0192370807808
2403 -543.3648056812888
2404 -542.7719690289515
2405 -542.2201706698771
2406 -541.6939608762872
2407 -541.5323798373445
2408 -541.6914849828166
2409 -541.2594373579036
2410 -540.3721033450469
2411 -540.4441387525681
2412 -539.4832267238592
2413 -539.093183166025
2414 -538.2592471936662
2415 -537.5514804726687
2416 -537.3316787147346
2417 -536.6185098214099
2418 -535.9872204338757
2419 -535.4099671798544
2420 -534.8698885548284
2421 -535.5872067661498
2422 -535.4656744956104
2423 -535.5530885632475
2424 -535.9059214165301
2425 -534.7374218853702
2426 -534.2043832733284
2427 -533.9741613130102
2428 -533.8129067878676
2429 -533.0739150727147
2430 -531.6108309729335
2431 -531.7039392499261
2432 -530.7908816454753
2433 -530.4203240378008
2434 -529.6197898461337
2435 -528.5441902858579
2436 -527.686418633391
2437 -526.9768154302545
2438 -526.687295877373
2439 -526.0254323521358
2440 -525.433530743084
2441 -524.8871035336598
2442 -524.3700222789947
2443 -523.8717989711488
2444 -523.7030578279331
2445 -523.118764316849
2446 -522.5714464193068
2447 -522.0512380706527
2448 -521.5507669690626
2449 -521.0643554260972
2450 -520.973500744097
2451 -520.7465256028564
2452 -521.1897164736739
2453 -520.8471380914325
2454 -520.1437246913148
2455 -519.1412748093417
2456 -518.3315762254638
2457 -518.0264329564262
2458 -517.3038165567683
2459 -516.680802034508
2460 -516.7958317052464
2461 -516.0482674385789
2462 -515.4002410789162
2463 -514.8220108977285
2464 -515.0271532839275
2465 -514.9733902037509
2466 -514.4234217623928
2467 -515.2902687030896
2468 -514.6530374252006
2469 -514.0774947854934
2470 -513.5288706991503
2471 -512.2856048201691
2472 -511.7015558662935
2473 -511.1597742227392
2474 -510.3085047237936
2475 -509.6096240475419
2476 -509.6541520053922
2477 -508.8986696083052
2478 -508.6425900438472
2479 -509.4042571361833
2480 -508.656940499741
2481 -508.2748302309102
2482 -507.2228728687056
2483 -506.7534167951343
2484 -506.6670050274802
2485 -506.4519301602062
2486 -506.1569495838492
2487 -505.8076988194238
2488 -505.7877101741553
2489 -505.6338978009877
2490 -506.4292233956613
2491 -505.3554578911911
2492 -504.3968061865862
2493 -503.3532299307008
2494 -502.8743201058086
2495 -503.0068340266785
2496 -501.6621578307855
2497 -500.9708305096247
2498 -500.0536441418841
2499 -499.3172489095498
2500 -498.7035193355176
2501 -498.1683640433326
2502 -497.6819335324359
2503 -497.2254695217599
2504 -497.123641212344
2505 -496.9048795959195
2506 -496.2799506213025
2507 -496.7341105645891
2508 -496.4893367070487
2509 -496.5191546081994
2510 -495.4232619075211
2511 -494.5635231493098
2512 -494.2123625837913
2513 -493.5059736817311
2514 -492.9130431291871
2515 -492.3952346488405
2516 -492.2708930913836
2517 -492.0502068397584
2518 -492.1032375031156
2519 -491.3103055768291
2520 -490.9920129851637
2521 -490.3093282907814
2522 -489.7320065500981
2523 -489.4864629852958
2524 -489.2051658407575
2525 -488.628317131741
2526 -488.1155677711965
2527 -487.9808053837928
2528 -487.752459141861
2529 -487.4636372397727
2530 -487.4647527514056
2531 -486.6681250696413
2532 -486.3451780895533
2533 -485.6774489824576
2534 -485.1149512591456
2535 -484.6250745718854
2536 -484.1831803569539
2537 -484.0983600663728
2538 -483.8456301873806
2539 -483.6233276623745
2540 -483.6006756727473
2541 -482.881360653957
2542 -482.5946427743694
2543 -481.9650245998859
2544 -481.4315720205935
2545 -480.9639851556861
2546 -480.5406216246436
2547 -480.7679163681934
2548 -480.1670143520715
2549 -479.9595288957863
2550 -479.3944845064818
2551 -480.125529665983
2552 -479.8638610108088
2553 -480.1098527314128
2554 -479.5833386537565
2555 -479.4112940504874
2556 -479.144248867402
2557 -478.6331222493558
2558 -478.131662120628
2559 -477.421484614038
2560 -476.5265848001119
2561 -476.769376889599
2562 -475.8957476408823
2563 -476.1468346743818
2564 -475.5679369223451
2565 -475.0813617901836
2566 -474.6547359254934
2567 -473.9751815149729
2568 -473.4321799854611
2569 -473.2253204753634
2570 -472.7503004518585
2571 -472.3373459908106
2572 -472.5107168457193
2573 -471.9786255295224
2574 -471.8167055361694
2575 -471.6009621814403
2576 -471.0599069883742
2577 -471.5592374595185
2578 -471.1337593540098
2579 -471.3635238150947
2580 -471.6992416315005
2581 -471.2102430263474
2582 -470.4740718854319
2583 -469.6018375003014
2584 -469.4808767028966
2585 -468.7846350592054
2586 -468.5344775526401
2587 -467.9899389134185
2588 -468.0746964528799
2589 -467.5154058854082
2590 -467.3459657115831
2591 -466.8562790534665
2592 -466.7333129068237
2593 -466.279612060105
2594 -465.8971595314603
2595 -465.5631745042873
2596 -465.2613492523533
2597 -464.9810855247065
2598 -464.714920048462
2599 -464.692527308812
2600 -464.659992351159
2601 -464.2534414215086
2602 -464.485404505021
2603 -463.9610842031032
2604 -464.0537775875075
2605 -463.8051316746278
2606 -463.2636890123291
2607 -463.1107598149946
2608 -462.64898714712
2609 -462.2693913745525
2610 -461.9455106296231
2611 -461.6598076863951
2612 -461.3986668735597
2613 -461.1527935852285
2614 -460.9163368092015
2615 -460.9171848684352
2616 -460.6128990022221
2617 -460.3334922696079
2618 -460.0718250435945
2619 -459.8228624662212
2620 -460.409606486128
2621 -459.8787299171628
2622 -460.2366411332798
2623 -459.6047021439325
2624 -459.3812918550911
2625 -459.4583988647423
2626 -459.422176459156
2627 -459.6270918013605
2628 -459.0844400900933
2629 -458.6391594802548
2630 -458.5139829125976
2631 -457.8550343587306
2632 -457.3521359722642
2633 -456.9540027944026
2634 -456.6232826213093
2635 -456.3366640519686
2636 -456.0768196808883
2637 -456.1213818464792
2638 -455.7836437198186
2639 -456.0533071298262
2640 -455.5758141490856
2641 -455.1836608184273
2642 -455.3655865937099
2643 -454.8914197850754
2644 -454.4996390758857
2645 -454.164306231909
2646 -454.0923077993545
2647 -453.7459033694077
2648 -453.4380096689192
2649 -453.1559256728399
2650 -452.8908123628894
2651 -452.6361546698449
2652 -452.3876155092537
2653 -452.1423855369932
2654 -451.8985933578586
2655 -451.6550978611821
2656 -451.4111713458369
2657 -451.1664320449495
2658 -450.920543214929
2659 -450.9337188001055
2660 -450.8476176829649
2661 -450.4404283407368
2662 -450.084648145666
2663 -450.5128197779664
2664 -449.9535941551454
2665 -450.2786893596921
2666 -449.6080302602844
2667 -449.3393922234301
2668 -448.7998628647944
2669 -448.6257475899072
2670 -448.1510368863301
2671 -448.017306992377
2672 -447.5668741805407
2673 -447.4460889268304
2674 -447.2701572874043
2675 -446.7855102353453
2676 -446.6386842324794
2677 -446.1746852989001
2678 -446.8087093031906
2679 -446.8189974946484
2680 -447.488266649221
2681 -447.2761333778686
2682 -446.5131759657668
2683 -445.9256897119931
2684 -445.9053055608982
2685 -445.3134186181107
2686 -444.3243328354146
2687 -444.3155813712152
2688 -443.9566944876517
2689 -443.6381574060155
2690 -442.8292558120684
2691 -442.1946096287509
2692 -441.925577633321
2693 -441.3909972796842
2694 -440.9326123762013
2695 -440.7747499132165
2696 -440.3080568668499
2697 -440.3592514321371
2698 -440.0650387719165
2699 -439.765066316339
2700 -439.4328896626856
2701 -439.3727645728779
2702 -438.6742394776431
2703 -438.6329619816918
2704 -437.9497741970615
2705 -437.9156985458041
2706 -438.0275655552254
2707 -437.4640541767484
2708 -437.4582803586899
2709 -437.5011690552967
2710 -437.4632442636697
2711 -436.5464990845746
2712 -435.8581071272957
2713 -435.2210701837092
2714 -434.4848340363449
2715 -434.1637442988746
2716 -433.5613208015478
2717 -433.0476838072967
2718 -432.5917669433035
2719 -432.17327394997
2720 -431.7781121872738
2721 -431.3962093969266
2722 -431.0218424179655
2723 -430.6511513176138
2724 -430.2816719647964
2725 -429.9127614602401
2726 -429.5436191194914
2727 -429.3918853805587
2728 -429.3711499038833
2729 -429.020950575724
2730 -428.6587904610329
2731 -428.2797459550778
2732 -427.6881193661584
2733 -427.3815576049789
2734 -427.467637892425
2735 -427.2084298295596
2736 -426.6876323823033
2737 -426.4729778249847
2738 -425.7076517501744
2739 -425.3370160886039
2740 -424.7097020984855
2741 -424.3996910267613
2742 -424.0389716552709
2743 -423.4871565221962
2744 -423.4310734834037
2745 -422.8345192367896
2746 -422.3107780461056
2747 -422.7001770135939
2748 -421.9563577884091
2749 -422.2043125560509
2750 -422.233300663767
2751 -421.8824662470913
2752 -421.4874198102696
2753 -421.1068573931398
2754 -420.2961590800157
2755 -420.0853893596961
2756 -419.1687010618315
2757 -418.6810016484542
2758 -418.659666092923
2759 -417.8700786492261
2760 -417.900491178211
2761 -417.1122214385105
2762 -416.4664086049948
2763 -415.9188061938473
2764 -415.6583007221052
2765 -415.6027672749416
2766 -414.9738129633831
2767 -414.6593184436234
2768 -414.2727240996091
2769 -413.9459327782798
2770 -413.6039836114021
2771 -414.0959466929927
2772 -413.2080417752289
2773 -412.4967637429152
2774 -412.1112509830763
2775 -411.9334064184787
2776 -411.8732750152494
2777 -411.704204054145
2778 -411.4784160235315
2779 -410.7867543377337
2780 -411.0049614930203
2781 -410.2511772837388
2782 -410.0275461078926
2783 -409.14157030554
2784 -409.0334817526455
2785 -408.8668618249623
2786 -408.4439939936979
2787 -408.0045458451337
2788 -407.2036311693087
2789 -406.5593254134853
2790 -406.0213257129182
2791 -405.5538205073174
2792 -405.2934293978416
2793 -404.8468269382118
2794 -404.4329861521953
2795 -404.0409595125803
2796 -403.8514225602498
2797 -403.5798280007131
2798 -403.3049199006267
2799 -402.8135905014024
2800 -402.3697274002586
2801 -402.1435431484226
2802 -401.6927599928251
2803 -401.2787422174025
2804 -401.0455924732008
2805 -400.8059898249108
2806 -400.5190532310043
2807 -400.2074132491769
2808 -400.2562951202499
2809 -400.6905914184216
2810 -400.2842628016683
2811 -399.7265275312823
2812 -399.2742948480658
2813 -398.8533908241256
2814 -398.4719500252844
2815 -398.2838625434173
2816 -398.3821193850854
2817 -397.8174914545739
2818 -396.9701263326675
2819 -396.3078255164499
2820 -396.1323486797431
2821 -395.7232837586204
2822 -395.1829301818303
2823 -395.2263811710158
2824 -395.0105982921926
2825 -394.3939542259374
2826 -394.5846631196773
2827 -394.0690895765663
2828 -393.9213135235522
2829 -393.4151441441838
2830 -393.4857250989912
2831 -393.0759456005125
2832 -392.870410201391
2833 -392.4474267053248
2834 -392.2645928722347
2835 -392.0442973144541
2836 -391.5930665000173
2837 -391.0626679463609
2838 -390.8116199900335
2839 -390.3572048833901
2840 -389.9380863575799
2841 -389.6152977729081
2842 -389.3110819412902
2843 -388.8439240213091
2844 -388.4478183948115
2845 -388.1000560750358
2846 -387.7846678127786
2847 -387.4907211082781
2848 -387.3404796487323
2849 -387.0283958606532
2850 -386.7348914939354
2851 -386.5818087170675
2852 -386.2706229384013
2853 -385.9796109506001
2854 -385.703864419189
2855 -385.4397830253287
2856 -385.1847139796943
2857 -384.936891408434
2858 -384.6950617798516
2859 -384.5777191233505
2860 -384.3062449052703
2861 -384.0500258150889
2862 -383.9259922613934
2863 -383.6515383943073
2864 -383.565409311892
2865 -383.2648770484831
2866 -383.1595524555778
2867 -383.0193455289317
2868 -383.0011924042186
2869 -382.9297147744868
2870 -383.0554356292389
2871 -382.6621669816131
2872 -382.5898389238836
2873 -382.2102205252
2874 -382.3560770819552
2875 -381.9198161827633
2876 -382.0178266059345
2877 -381.5713198815153
2878 -381.3711280907929
2879 -381.0511433833541
2880 -380.8602490215462
2881 -380.9136225727888
2882 -380.6620179849444
2883 -380.4746132231351
2884 -380.289817038254
2885 -379.980163438191
2886 -379.7207449097946
2887 -379.4986846365676
2888 -379.4363426436329
2889 -379.3579270542455
2890 -379.6234195671399
2891 -379.4720661694749
2892 -379.2152067725133
2893 -378.7257036745708
2894 -378.3589815885258
2895 -378.0773819345353
2896 -377.8547807287724
2897 -377.6709791345677
2898 -377.5120449086161
2899 -377.3677218777543
2900 -377.4167107550217
2901 -377.2274002065064
2902 -377.0587568183128
2903 -376.9055084979691
2904 -376.7639168059659
2905 -376.6309298911437
2906 -376.5045227713919
2907 -376.3829856610517
2908 -376.3530229860929
2909 -376.2933296121145
2910 -376.133466820574
2911 -375.9894897310171
2912 -375.8573931740241
2913 -375.7340976807648
2914 -375.617507922371
2915 -375.505712045452
2916 -375.4797182619972
2917 -375.3475134477133
2918 -375.5080962910794
2919 -375.3768653905008
2920 -375.735047458507
2921 -375.5398377009487
2922 -375.3491110207663
2923 -375.1752875036474
2924 -375.1367929131842
2925 -374.8376879902252
2926 -374.6108226612935
2927 -374.4336735148679
2928 -374.3639600455747
2929 -374.2174700517112
2930 -374.0913066279864
2931 -373.9787089442566
2932 -373.9472229478281
2933 -373.8260198811815
2934 -373.7154920451461
2935 -373.8919905239067
2936 -373.6985110409724
2937 -373.8901481264924
2938 -373.7507602148053
2939 -373.5742839934663
2940 -373.5185970064048
2941 -373.2964172513904
2942 -373.2484075537342
2943 -373.0658416816605
2944 -373.1669511400321
2945 -372.9580873443816
2946 -373.0212983512538
2947 -372.8087722049349
2948 -372.7569480991298
2949 -372.6768747497053
2950 -372.499313133463
2951 -372.3557842241458
2952 -372.236015606423
2953 -372.3935211537582
2954 -372.3210580128998
2955 -372.4938819122186
2956 -372.2182158526344
2957 -372.2050438013603
2958 -371.9702889702256
2959 -371.8440907119881
2960 -372.0079432867821
2961 -371.9269422843296
2962 -372.0072982181571
2963 -371.9219314848534
2964 -371.6190480784726
2965 -371.7753081048102
2966 -371.7293668750848
2967 -371.5738818729851
2968 -371.7911235535495
2969 -371.5604101133968
2970 -371.3696462588744
2971 -371.4090645359281
2972 -371.0594473437191
2973 -370.8030262107122
2974 -370.6105844204262
2975 -370.4602666278691
2976 -370.5370086188519
2977 -370.5148492539696
2978 -370.3109392823654
2979 -370.3520524553363
2980 -370.1436779426572
2981 -370.1703947162505
2982 -369.9617003063291
2983 -369.9466999955059
2984 -370.0483928806967
2985 -369.7802277278599
2986 -370.0903466520534
2987 -369.9955629151558
2988 -369.633566735537
2989 -369.6137272725613
2990 -369.4761030214195
2991 -369.3163560029993
2992 -369.1761692607429
2993 -369.0807937459008
2994 -368.8498521652522
2995 -368.6276879692144
2996 -368.4437903569336
2997 -368.2852501487947
2998 -368.2647136305683
2999 -368.1295614355876
3000 -368.0444176460392
3001 -367.8543741474884
3002 -367.8371334788521
3003 -367.7497732807008
3004 -367.6367482226769
3005 -367.4588385611355
3006 -367.5888637805565
3007 -367.5010113517319
3008 -367.4111009370197
3009 -367.1429975950623
3010 -366.802650885286
3011 -366.5901197775669
3012 -366.444653963042
3013 -366.192560379171
3014 -365.9975057852218
3015 -365.7918649680329
3016 -365.6010307076027
3017 -365.4777753473705
3018 -365.2802355496468
3019 -365.1603409574327
3020 -365.0767865706453
3021 -364.8322023273151
3022 -364.7375235478819
3023 -364.7886018184992
3024 -364.6660169085113
3025 -364.9168434747668
3026 -364.5891953304097
3027 -364.5289939375377
3028 -363.9855604305502
3029 -363.6686741644312
3030 -363.670805684206
3031 -363.3019403884954
3032 -363.1006900970368
3033 -362.9725719028204
3034 -362.6302325419952
3035 -362.4277841176123
3036 -362.0531667586318
3037 -362.0340164228336
3038 -361.7753165646621
3039 -361.5078228443871
3040 -361.3099245567574
3041 -361.4060603220363
3042 -361.1433334424862
3043 -361.1234920743267
3044 -361.1865380915978
3045 -360.6766655960697
3046 -360.4285452442471
3047 -360.1054325122271
3048 -359.7218769894641
3049 -359.2807353978517
3050 -359.324181442572
3051 -358.8716272293171
3052 -358.6680541821679
3053 -358.3672525936919
3054 -358.1845422228781
3055 -357.8159460478522
3056 -357.6766068995063
3057 -357.3280734998708
3058 -357.2145459823975
3059 -356.9409723165886
3060 -356.8080472722763
3061 -356.5867779072657
3062 -356.2462329360411
3063 -355.9868020871918
3064 -355.6702401359604
3065 -355.4249008306917
3066 -355.1776653863158
3067 -355.0552594673357
3068 -354.8954323784084
3069 -354.6383551017722
3070 -354.5048025738792
3071 -354.1634020198925
3072 -353.9739394813339
3073 -353.7271794831744
3074 -353.4509170514204
3075 -353.1670511689717
3076 -352.9516004527489
3077 -352.8797426652955
3078 -352.6654077206582
3079 -352.3562426201883
3080 -352.0779637879348
3081 -351.8221857293601
3082 -351.9421178540689
3083 -351.7255503915059
3084 -351.3716368723113
3085 -351.4059225001608
3086 -351.5492759408667
3087 -351.1518323418805
3088 -351.0717830083699
3089 -350.7307273978607
3090 -350.5079056469162
3091 -350.2207515883649
3092 -349.9140300343885
3093 -349.6060207299315
3094 -349.5456758402992
3095 -349.2363608845653
3096 -349.1261721171125
3097 -349.0942475159317
3098 -348.8261100776407
3099 -348.6094640625399
3100 -348.352613968687
3101 -347.9785247516713
3102 -347.7538292010154
3103 -347.4598728513936
3104 -347.2646972812863
3105 -347.0402926091098
3106 -346.9112205725555
3107 -346.6577909892784
3108 -346.4896419826973
3109 -346.2809738063323
3110 -346.0558694427876
3111 -346.1126951917959
3112 -345.9384686659484
3113 -345.7766549396663
3114 -345.5955029709479
3115 -345.3990745519111
3116 -345.1481383288503
3117 -345.1851338165933
3118 -345.0624264657841
3119 -345.08041011091
3120 -344.7840450370281
3121 -344.6464919342645
3122 -344.4834731096938
3123 -344.3003858000458
3124 -343.9428665272285
3125 -343.8089655000378
3126 -343.6757784192397
3127 -343.3494402240629
3128 -343.1074836086312
3129 -342.9339171403167
3130 -342.825518758747
3131 -342.8660552904382
3132 -342.7300402343015
3133 -342.6377920303373
3134 -342.5153378585719
3135 -342.3929312646243
3136 -342.0435447144163
3137 -341.7652887598508
3138 -341.6156877560219
3139 -341.5288345818637
3140 -341.2933075085926
3141 -341.1692316558197
3142 -340.9677564313979
3143 -340.9236911355446
3144 -340.7894219939739
3145 -340.6592541419853
3146 -340.6843763690659
3147 -340.7896614121042
3148 -340.7646528726689
3149 -340.5416611762726
3150 -340.35735419449
3151 -340.3161714337747
3152 -339.9832282484614
3153 -339.8707101326515
3154 -340.0622212271115
3155 -339.833182772558
3156 -339.5252208640476
3157 -339.3673638256375
3158 -339.2967121173788
3159 -339.2838286655739
3160 -339.2396590311507
3161 -339.1283172667391
3162 -338.9552185580493
3163 -338.8319604975725
3164 -338.7929969054469
3165 -338.7244637513425
3166 -338.4991782696808
3167 -338.3548429433139
3168 -338.3346050840637
3169 -338.3932030756168
3170 -338.4206932671547
3171 -338.2990748238608
3172 -338.1026420074836
3173 -338.0332886754181
3174 -337.891385853263
3175 -337.7394855992806
3176 -337.7158492223738
3177 -337.672421769978
3178 -337.5389518121536
3179 -337.479192107053
3180 -337.540773440165
3181 -337.5782423366944
3182 -337.5776209496817
3183 -337.4477286467036
3184 -337.4404389398514
3185 -337.3213059637544
3186 -337.2268165183631
3187 -337.2864522213867
3188 -337.209959604629
3189 -337.2334138246229
3190 -337.1401885077801
3191 -337.0502639479043
3192 -336.9428528186719
3193 -337.0145705238543
3194 -336.9413402157586
3195 -337.0286838239421
3196 -336.9384098360349
3197 -336.8000724424487
3198 -336.8738804896694
3199 -336.8375611376996
3200 -336.7945848907721
3201 -336.8062503178348
3202 -336.9237662785607
3203 -336.9519042406235
3204 -336.9981322422524
3205 -337.0500954353478
3206 -337.004780922408
3207 -336.6958562832941
3208 -336.6152146410896
3209 -336.5730074024465
3210 -336.4030134992519
3211 -336.4517937330075
3212 -336.3108627242223
3213 -336.1454576118422
3214 -336.0252066853911
3215 -335.9940577792109
3216 -335.9787790913813
3217 -336.0671007187991
3218 -336.1684060232092
3219 -336.2073611295972
3220 -335.9876750586122
3221 -335.824896864306
3222 -335.7538588067333
3223 -335.8181052530245
3224 -335.7554350007138
3225 -335.775208166898
3226 -335.6158618746899
3227 -335.6448107979814
3228 -335.5651043668321
3229 -335.4815245265218
3230 -335.4838322339284
3231 -335.371260601651
3232 -335.353336657031
3233 -335.3210594377735
3234 -335.2603827461088
3235 -335.3701655243937
3236 -335.3448679147348
3237 -335.4004658760588
3238 -335.1556170577123
3239 -335.0581665570855
3240 -334.9734666263883
3241 -335.0646895572793
3242 -334.90282614459
3243 -334.9117716276052
3244 -334.7367950294373
3245 -334.6314073454806
3246 -334.5936745216827
3247 -334.4587620428085
3248 -334.4002885558732
3249 -334.3426511202051
3250 -334.2847224308164
3251 -334.1941378316388
3252 -334.1104362049768
3253 -333.9830783343397
3254 -333.9104498683817
3255 -333.8010093060425
3256 -333.7889305053739
3257 -333.6913741407561
3258 -333.5798619405495
3259 -333.6111396045647
3260 -333.4974234711655
3261 -333.3821722068009
3262 -333.3502596929162
3263 -333.271490538337
3264 -333.1331018519114
3265 -333.1009857322052
3266 -333.0691977384899
3267 -332.9227571865863
3268 -332.8615549539065
3269 -332.8072443067991
3270 -332.6417403416536
3271 -332.6303164959366
3272 -332.6328784441464
3273 -332.5319815063206
3274 -332.4927767838827
3275 -332.6171250070917
3276 -332.5207921238052
3277 -332.5817012655164
3278 -332.6351846657129
3279 -332.3122022659234
3280 -332.0870063358838
3281 -332.0436557161429
3282 -331.8141530317118
3283 -331.5044810652287
3284 -331.2622032603247
3285 -331.0655023675052
3286 -330.9471977518219
3287 -330.781750489922
3288 -330.6315971921626
3289 -330.4906336765448
3290 -330.4905149020812
3291 -330.3129862981561
3292 -330.1484931125225
3293 -329.9928603904327
3294 -329.8429479908608
3295 -329.6964952603647
3296 -329.551810367348
3297 -329.4936231097611
3298 -329.4031241552949
3299 -329.361238548164
3300 -329.2728109523872
3301 -329.0170717807227
3302 -328.8981354391675
3303 -328.6590921908257
3304 -328.4469908591221
3305 -328.3526186744251
3306 -328.1353423897662
3307 -328.0013197233602
3308 -327.8664062016445
3309 -327.6966823505304
3310 -327.5661635340156
3311 -327.6726036169938
3312 -327.5042905659606
3313 -327.4070400913229
3314 -327.020002482474
3315 -326.8287851330608
3316 -326.5127185180214
3317 -326.2897215662473
3318 -326.0301389877516
3319 -325.7932742110458
3320 -325.570320926263
3321 -325.4109249834071
3322 -325.1819621879544
3323 -325.0483037638963
3324 -325.0130657494841
3325 -324.7786970920729
3326 -324.6517222787758
3327 -324.4285851272804
3328 -324.2604275082706
3329 -324.030984375496
3330 -323.8799994312178
3331 -323.5239753740054
3332 -323.3047183427946
3333 -323.0191366884342
3334 -322.6765335908541
3335 -322.4456444830889
3336 -322.2709879336726
3337 -322.0920710126251
3338 -321.881210831321
3339 -321.8489846810645
3340 -321.5572191790459
3341 -321.1801459044854
3342 -320.8741612632419
3343 -320.5459931658733
3344 -320.2325912536842
3345 -319.9188417245152
3346 -319.6285128456306
3347 -319.3630710558451
3348 -319.0446606677595
3349 -318.8004441658987
3350 -318.5614151191355
3351 -318.4278731306925
3352 -318.1988497464547
3353 -317.9544732602417
3354 -317.6808887281849
3355 -317.5183997828457
3356 -317.1438600542303
3357 -316.7298423182992
3358 -316.4957137284721
3359 -316.2247417354245
3360 -315.8373486175539
3361 -315.9311858923784
3362 -315.6707031129425
3363 -315.3243515953484
3364 -314.9286415847959
3365 -314.6276025818627
3366 -314.2102131994079
3367 -313.8766403151387
3368 -313.4791652537105
3369 -313.0780281765933
3370 -312.8257539752188
3371 -312.4698187783222
3372 -312.2834721564745
3373 -311.839374021356
3374 -311.4119523380833
3375 -311.0265409352106
3376 -310.7747255818235
3377 -310.4206895198212
3378 -310.1916665067783
3379 -309.8553419395778
3380 -309.6272795208261
3381 -309.3197319843027
3382 -308.9383560366373
3383 -308.6679457787874
3384 -308.2702613213228
3385 -307.9486698026494
3386 -307.5715214346875
3387 -307.190964745125
3388 -306.7615075598296
3389 -306.4198496308167
3390 -306.1252227554091
3391 -305.8403594501177
3392 -305.5163558903133
3393 -305.1822575723339
3394 -304.7247118984893
3395 -304.3459982890748
3396 -304.0373165837038
3397 -303.6651324719789
3398 -303.2536258031608
3399 -302.9473466855151
3400 -302.5158463496347
3401 -302.1453259509584
3402 -301.765776411705
3403 -301.4123866334119
3404 -301.1258859158452
3405 -300.7655001223379
3406 -300.4862097564879
3407 -300.1798439773829
3408 -299.7712732843629
3409 -299.432871194009
3410 -299.0723757283325
3411 -298.6681004716689
3412 -298.2660605390296
3413 -297.8968574726107
3414 -297.5369993833205
3415 -297.2874802368191
3416 -296.9470161877123
3417 -296.5905515916511
3418 -296.2577335924212
3419 -295.8289438380902
3420 -295.4566334579851
3421 -295.1793713317144
3422 -294.8521703567878
3423 -294.4899812274319
3424 -294.0922069663899
3425 -293.7652027363745
3426 -293.462040034975
3427 -293.1515474575078
3428 -292.8459169817262
3429 -292.4810924167327
3430 -292.1048822558498
3431 -291.7332944610769
3432 -291.4017557482047
3433 -291.0467284229354
3434 -290.6654197433275
3435 -290.3229228049593
3436 -289.9553020048844
3437 -289.6125088434414
3438 -289.2640217580724
3439 -288.9510848239886
3440 -288.6030389593407
3441 -288.2674564619355
3442 -287.9264399431883
3443 -287.6170130338409
3444 -287.286862636685
3445 -287.0054818883864
3446 -286.6720397090694
3447 -286.4214408173515
3448 -286.0942174795711
3449 -285.7973295800722
3450 -285.4984332739359
3451 -285.2424314360653
3452 -284.9541588823616
3453 -284.6750520064579
3454 -284.3900513475103
3455 -284.1498990076979
3456 -283.8802360191652
3457 -283.6103574782902
3458 -283.3316657167837
3459 -283.0992843224458
3460 -282.8238294146532
3461 -282.529468880623
3462 -282.2809160502832
3463 -282.0035464915673
3464 -281.7489467474587
3465 -281.5015872236034
3466 -281.2900914498197
3467 -281.040028967009
3468 -280.7810877813966
3469 -280.5388586688699
3470 -280.3604180134117
3471 -280.0954046825369
3472 -279.8374838387608
3473 -279.5894855627506
3474 -279.3738769921254
3475 -279.1347258141697
3476 -278.9248823581015
3477 -278.6952914208003
3478 -278.4680291652691
3479 -278.2776284263381
3480 -278.0438624847792
3481 -277.8137194243251
3482 -277.5984191546547
3483 -277.4000598369856
3484 -277.222389111873
3485 -276.9734650026014
3486 -276.7329472888269
3487 -276.5153746091207
3488 -276.2897005776688
3489 -276.1212145012453
3490 -275.895868983517
3491 -275.6826809007731
3492 -275.5036442844967
3493 -275.2934268815453
3494 -275.0965405039705
3495 -274.9006889328651
3496 -274.7083111164172
3497 -274.5172340372789
3498 -274.3231752555468
3499 -274.1314238643935
3500 -273.9306645974709
3501 -273.7327888122593
3502 -273.542372871033
3503 -273.3605472910371
3504 -273.1860633717273
3505 -273.0150594989543
3506 -272.8520742418113
3507 -272.6889466152205
3508 -272.5284422202761
3509 -272.3683134076292
3510 -272.2076907743597
3511 -272.046307592891
3512 -271.8838664688805
3513 -271.7204116827526
3514 -271.5537634417743
3515 -271.3908815019465
3516 -271.2253574542406
3517 -271.0615044689773
3518 -270.8988925309438
3519 -270.7376252255837
3520 -270.5773431079795
3521 -270.4181532666535
3522 -270.2599983831701
3523 -270.1030254464411
3524 -269.9446945911498
3525 -269.7919932802738
3526 -269.6378745903181
3527 -269.4857465686837
3528 -269.3354392462499
3529 -269.1860174153776
3530 -269.0371868360722
3531 -268.8894713750285
3532 -268.7433054932086
3533 -268.5988988390595
3534 -268.4566310983914
3535 -268.316331936118
3536 -268.1753666036435
3537 -268.0368960575587
3538 -267.9040183989844
3539 -267.7687944995403
3540 -267.6355122210753
3541 -267.5037924510409
3542 -267.3742286455274
3543 -267.2464481765801
3544 -267.1202399704863
3545 -266.9954141874536
3546 -266.8712303162255
3547 -266.7478462095813
3548 -266.6228788900297
3549 -266.5029173547828
3550 -266.3800781158973
3551 -266.2589270478822
3552 -266.1396647579896
3553 -266.0256142189938
3554 -265.9087520810764
3555 -265.794209360096
3556 -265.681865354126
3557 -265.571431746284
3558 -265.462354879048
3559 -265.3546335658238
3560 -265.2481482458551
3561 -265.1410150985237
3562 -265.0448368516745
3563 -264.9386439241165
3564 -264.8351102024944
3565 -264.734065322815
3566 -264.6460783804882
3567 -264.5462266762802
3568 -264.4499653528418
3569 -264.3566408447886
3570 -264.2736989396761
3571 -264.1836910122076
3572 -264.0971912985445
3573 -264.021445285128
3574 -263.9384723061162
3575 -263.8569581085518
3576 -263.781874494795
3577 -263.7171964067664
3578 -263.6446588209259
3579 -263.57910506268
3580 -263.5234462129556
3581 -263.4751800961296
3582 -263.4079655986711
3583 -263.3463681071493
3584 -263.3007813055698
3585 -263.2443960356122
3586 -263.1924332723196
3587 -263.1452528087867
3588 -263.1143123475491
3589 -263.0719308222142
3590 -263.034336919649
3591 -263.0021365541663
3592 -262.9859332802573
3593 -262.9593675809322
3594 -262.9308366567141
3595 -262.9364471954921
3596 -262.9224073425094
3597 -262.9190637124377
3598 -262.9130112795353
3599 -262.9113893120805
3600 -262.9071585374244
3601 -262.9179281219544
3602 -262.9459568756535
3603 -262.9512412182855
3604 -262.9722058153995
3605 -262.9891277696558
3606 -263.0205891784926
3607 -263.0617852099355
3608 -263.0973803688715
3609 -263.1358486656903
3610 -263.1698613754461
3611 -263.2191491337884
3612 -263.2977329431381
3613 -263.3436679084577
3614 -263.3869167160399
3615 -263.4463493354774
3616 -263.5089536358705
3617 -263.5806767913514
3618 -263.6474955951676
3619 -263.7110106800781
3620 -263.7885779275364
3621 -263.8683204907736
3622 -263.9564083705506
3623 -264.0399710042974
3624 -264.1263736321974
3625 -264.2096146288306
3626 -264.3048531310888
3627 -264.4143509241226
3628 -264.5270339565467
3629 -264.6213090888331
3630 -264.7212483187548
3631 -264.8355902413486
3632 -264.9398771124697
3633 -265.0488385270029
3634 -265.1699325492066
3635 -265.2817024048255
3636 -265.3970989112528
3637 -265.5229998782732
3638 -265.640331818581
3639 -265.7727010219829
3640 -265.8969526632151
3641 -266.0149940792564
3642 -266.1421134389685
3643 -266.2642290799819
3644 -266.3932577180191
3645 -266.5164761494399
3646 -266.6442934258724
3647 -266.7793266471837
3648 -266.9007493956391
3649 -267.0233528727932
3650 -267.1464829161672
3651 -267.2697233243782
3652 -267.4002820568916
3653 -267.5219013097768
3654 -267.6443137873852
3655 -267.7666953302895
3656 -267.8937461714299
3657 -268.0129857506797
3658 -268.1312837672206
3659 -268.2521378693316
3660 -268.3661914079262
3661 -268.4825265288106
3662 -268.5937415537153
3663 -268.7073523001017
3664 -268.8189402429379
3665 -268.9286062440598
3666 -269.0362073615335
3667 -269.141536322795
3668 -269.2443755119552
3669 -269.3493999436931
3670 -269.4456299044442
3671 -269.5400840672264
3672 -269.6325512867388
3673 -269.7230731392962
3674 -269.8113477858784
3675 -269.8980604842438
3676 -269.9826792319639
3677 -270.0625284709732
3678 -270.1401621877797
3679 -270.2168717830152
3680 -270.2886825107103
3681 -270.3592432551312
3682 -270.4258829246883
3683 -270.4908137893584
3684 -270.5530995044857
3685 -270.6129286118207
3686 -270.6702408921768
3687 -270.7252420895245
3688 -270.7778281374513
3689 -270.828348721185
3690 -270.8765368847457
3691 -270.9220492277442
3692 -270.9646036590473
3693 -271.0044333604467
3694 -271.0419417434321
3695 -271.0769681996497
3696 -271.1096165201931
3697 -271.1399678844447
3698 -271.168110475894
3699 -271.1943540459486
3700 -271.2192643066358
3701 -271.2416286709395
3702 -271.2614504726295
3703 -271.2787781064278
3704 -271.2937232560408
3705 -271.3060663530875
3706 -271.3156578755783
3707 -271.3224292891573
3708 -271.3265548356094
3709 -271.3277085399923
3710 -271.3258800094499
3711 -271.320869279542
3712 -271.3122582980002
3713 -271.3011641551286
3714 -271.2874839541074
3715 -271.2714317627838
3716 -271.2530998418363
3717 -271.2324326920742
3718 -271.209463237462
3719 -271.1841479855146
3720 -271.1560295288281
3721 -271.1253667873426
3722 -271.0922301844506
3723 -271.0562750636302
3724 -271.0149942193893
3725 -270.9719448688645
3726 -270.9267779697198
3727 -270.8789350897662
3728 -270.8279995889069
3729 -270.7740360514713
3730 -270.7165265145027
3731 -270.6557670684907
3732 -270.5921738470508
3733 -270.5258276534373
3734 -270.4566500710633
3735 -270.3852476479065
3736 -270.3113866550018
3737 -270.2269018105374
3738 -270.1434410624913
3739 -270.0600884998462
3740 -269.9750505149622
3741 -269.8877476831503
3742 -269.797632896144
3743 -269.7052224753253
3744 -269.6104819926246
3745 -269.5130111052838
3746 -269.4126240199363
3747 -269.3001776341965
3748 -269.1877823914592
3749 -269.0747849133767
3750 -268.9602465995887
3751 -268.8431976708956
3752 -268.7238243802854
3753 -268.6016339008515
3754 -268.4764408242713
3755 -268.3483681797204
3756 -268.2173813340253
3757 -268.0836113257274
3758 -267.9470716651391
3759 -267.8075854226331
3760 -267.6652237057131
3761 -267.5198694669287
3762 -267.3718916675007
3763 -267.2214017624385
3764 -267.0683498872161
3765 -266.9125427866114
3766 -266.7542055178943
3767 -266.5933065331076
3768 -266.4300521033348
3769 -266.2641704396447
3770 -266.0962126107259
3771 -265.9261881559485
3772 -265.754026050075
3773 -265.5796750975932
3774 -265.4032652564806
3775 -265.2249011175448
3776 -265.0448971919836
3777 -264.863135277953
3778 -264.6795813162932
3779 -264.4942222655002
3780 -264.3068728534709
3781 -264.1178569896044
3782 -263.9272172623564
3783 -263.7351849902303
3784 -263.5416840790731
3785 -263.3318764130737
3786 -263.1266403559484
3787 -262.9254060689148
3788 -262.7233400714342
3789 -262.5211604863829
3790 -262.3188795925935
3791 -262.115870549392
3792 -261.9116801254355
3793 -261.7064840096751
3794 -261.5004202536772
3795 -261.2938802310061
3796 -261.0868325946199
3797 -260.8795193838508
3798 -260.6720326800714
3799 -260.4645039073905
3800 -260.2570540962002
3801 -260.0497044759395
3802 -259.8422902779431
3803 -259.6349445132262
3804 -259.4276970898605
3805 -259.2203971323252
3806 -259.0132246246469
3807 -258.806319120347
3808 -258.5998500925569
3809 -258.3938459130106
3810 -258.1884404512966
3811 -257.9837346039896
3812 -257.7795059897653
3813 -257.5765928895901
3814 -257.3751450736249
3815 -257.1760219708087
3816 -256.9790871228421
3817 -256.7841942936247
3818 -256.5911375806
3819 -256.3999882491984
3820 -256.2113536966905
3821 -256.0252433227359
3822 -255.8415741592238
3823 -255.660252049108
3824 -255.4813308197257
3825 -255.3054684190095
3826 -255.1318633597303
3827 -254.9609564297649
3828 -254.7930537686383
3829 -254.6283751931029
3830 -254.4664590050964
3831 -254.3077419146797
3832 -254.1520668600095
3833 -253.9998247786311
3834 -253.8506886185938
3835 -253.7047388141953
3836 -253.5619876021583
3837 -253.4226454103581
3838 -253.2871821658087
3839 -253.1549562220872
3840 -253.0252447166433
3841 -252.8984370873185
3842 -252.7748868864894
3843 -252.6546833689029
3844 -252.5378974618597
3845 -252.4246845109573
3846 -252.315180533006
3847 -252.209263375927
3848 -252.1069725866425
3849 -252.0083501886944
3850 -251.9132702483294
3851 -251.8212563491375
3852 -251.7323628998968
3853 -251.6461287542367
3854 -251.5631366072527
3855 -251.4833951935609
3856 -251.4069085149234
3857 -251.3337300246976
3858 -251.2632804816517
3859 -251.1953459239235
3860 -251.1296734791894
3861 -251.0667823035309
3862 -251.0065631263432
3863 -250.948973278342
3864 -250.8938024876805
3865 -250.8410133547691
3866 -250.7900729899304
3867 -250.7414647524815
3868 -250.695223468553
3869 -250.6520448025661
3870 -250.6114271250171
3871 -250.5731093349478
3872 -250.5001264153828
3873 -250.4464781690708
3874 -250.399538176564
3875 -250.3622671375165
3876 -250.3325885458287
3877 -250.3074087850165
3878 -250.2855771056964
3879 -250.2646745779415
3880 -250.2446855870378
3881 -250.2256984673234
3882 -250.2076378226017
3883 -250.1908095527634
3884 -250.1752735483036
3885 -250.1612439989661
3886 -250.1485204377413
3887 -250.1363732988312
3888 -250.1247429516556
3889 -250.1135470409403
3890 -250.1032171774932
3891 -250.0939844208745
3892 -250.085957611286
3893 -250.0793910218129
3894 -250.0738365607822
3895 -250.0697324725635
3896 -250.0670072252024
3897 -250.065027884727
3898 -250.0638906459063
3899 -250.0635532536489
3900 -250.0638618111252
3901 -250.0652102536262
3902 -250.0672229001422
3903 -250.0689882351668
3904 -250.0706718788779
3905 -250.0727994469628
3906 -250.075192688811
3907 -250.078316537992
3908 -250.0822192256222
3909 -250.0863781705547
3910 -250.0910395283814
3911 -250.0960913673019
3912 -250.1018275093078
3913 -250.107945071069
3914 -250.1147576095609
3915 -250.1218722033673
3916 -250.1292149290387
3917 -250.1375917261547
3918 -250.1465713363114
3919 -250.1557561222551
3920 -250.1650221932339
3921 -250.1804361497194
3922 -250.1939125899639
3923 -250.2059235795489
3924 -250.216298517319
3925 -250.2254013754784
3926 -250.2342284396279
3927 -250.2426061139595
3928 -250.2506039635669
3929 -250.2581689560534
3930 -250.2657614125673
3931 -250.2727329729854
3932 -250.2789747525293
3933 -250.285253611706
3934 -250.2912442921775
3935 -250.2970551319896
3936 -250.2952028787888
3937 -250.297265828244
3938 -250.298952575362
3939 -250.3043848865794
3940 -250.3087977428471
3941 -250.3129251327264
3942 -250.3166716297432
3943 -250.3185809630878
3944 -250.318541505882
3945 -250.3169441549373
3946 -250.3128940267118
3947 -250.3068768006682
3948 -250.2993266921582
3949 -250.2904747392544
3950 -250.2808080701078
3951 -250.2693714801055
3952 -250.2561203772075
3953 -250.2417636620269
3954 -250.226104673699
3955 -250.2086298772671
3956 -250.1906498421923
3957 -250.1699950671969
3958 -250.1471720044032
3959 -250.1220846113513
3960 -250.0948573796436
3961 -250.0651190784351
3962 -250.0345187416642
3963 -250.0027673562158
3964 -249.9694442965928
3965 -249.9342214875247
3966 -249.8971003392279
3967 -249.8582198324684
3968 -249.818111820999
3969 -249.7762489758376
3970 -249.7319826292386
3971 -249.6819902169457
3972 -249.6320109117675
3973 -249.5815891370512
3974 -249.5305520801604
3975 -249.4781302648394
3976 -249.4245044300143
3977 -249.3689842098705
3978 -249.3118424451365
3979 -249.252981733753
3980 -249.1921430827826
3981 -249.1294204747081
3982 -249.0579791099476
3983 -248.9875132906845
3984 -248.9180490295005
3985 -248.8484497059472
3986 -248.7772910258823
3987 -248.7050079827663
3988 -248.6310278853336
3989 -248.555241561522
3990 -248.4772862568948
3991 -248.396854932617
3992 -248.3140664632447
3993 -248.2285174883112
3994 -248.1403352531549
3995 -248.040781511929
3996 -247.9424261615794
3997 -247.8446561697632
3998 -247.7450936418957
3999 -247.6443431484568
4000 -247.5413140262373
4001 -247.4356129365707
4002 -247.327323267021
4003 -247.2155497688244
4004 -247.0995828962276
4005 -246.9806379834907
4006 -246.8581731642266
4007 -246.732331759454
4008 -246.6028897703567
4009 -246.4570364004546
4010 -246.3142046174841
4011 -246.1705313864984
4012 -246.0258467023567
4013 -245.8789041047707
4014 -245.7288326501728
4015 -245.5744501107682
4016 -245.4155104803115
4017 -245.2519222784859
4018 -245.0839671492748
4019 -244.9120077733325
4020 -244.7362612195168
4021 -244.5560717165398
4022 -244.371307103732
4023 -244.1646417100634
4024 -243.9639634034174
4025 -243.76130007351
4026 -243.5586527972636
4027 -243.3536723549292
4028 -243.1454509097395
4029 -242.9331469025374
4030 -242.716330164921
4031 -242.4944934666517
4032 -242.2677351776156
4033 -242.0359940066192
4034 -241.7994486374591
4035 -241.5580753288839
4036 -241.3121915830095
4037 -241.0621315309375
4038 -240.8076638127353
4039 -240.5282125081779
4040 -240.2571730213753
4041 -239.9849314898859
4042 -239.7139809583977
4043 -239.4420147611567
4044 -239.1677409216854
4045 -238.8905488591622
4046 -238.6099513548386
4047 -238.3255555137326
4048 -238.0373661216279
4049 -237.7452028979631
4050 -237.4494573759986
4051 -237.1509435286515
4052 -236.8495585180372
4053 -236.5450672315508
4054 -236.2376761537474
4055 -235.9274891581814
4056 -235.5912924816147
4057 -235.266327234686
4058 -234.9420988824331
4059 -234.6212146217256
4060 -234.3007574329079
4061 -233.9796185693778
4062 -233.6569703993482
4063 -233.3327366219344
4064 -233.0037448623071
4065 -232.673589809096
4066 -232.342048128357
4067 -232.0094018868386
4068 -231.6755745123467
4069 -231.3407400488486
4070 -231.0050271232022
4071 -230.6687649215274
4072 -230.3317512822397
4073 -229.99411253437
4074 -229.6560911074524
4075 -229.3180196046462
4076 -228.9544591022739
4077 -228.6052682724008
4078 -228.2580790979924
4079 -227.9169773752683
4080 -227.5790311661413
4081 -227.242911513981
4082 -226.9078514540871
4083 -226.5735250796168
4084 -226.2397205205007
4085 -225.9063189174022
4086 -225.5732355698319
4087 -225.2404958798328
4088 -224.8984968711116
4089 -224.5600040783993
4090 -224.224662800459
4091 -223.8915635140726
4092 -223.560047430209
4093 -223.2291044362906
4094 -222.8993204639429
4095 -222.5706314016766
4096 -222.2429001559296
4097 -221.8899852108853
4098 -221.5519900332245
4099 -221.2179719829746
4100 -220.8896781805199
4101 -220.5660536163305
4102 -220.2453370295389
4103 -219.9266233339675
4104 -219.6092874422772
4105 -219.2929570214399
4106 -218.9774958450873
4107 -218.6630689736334
4108 -218.3494028420674
4109 -218.0365620624985
4110 -217.7067333230943
4111 -217.3847514704562
4112 -217.0689616927255
4113 -216.7556025180058
4114 -216.4460614604097
4115 -216.1395509924605
4116 -215.8351687351621
4117 -215.53254346061
4118 -215.2314980720946
4119 -214.9069251654085
4120 -214.5962134612311
4121 -214.2910221857347
4122 -213.9903356706872
4123 -213.6948177923129
4124 -213.4028100726393
4125 -213.1133034770678
4126 -212.8259160885326
4127 -212.5402902366502
4128 -212.2563844351036
4129 -211.9740736147436
4130 -211.6933016240961
4131 -211.4141263230126
4132 -211.1365696950476
4133 -210.8606702564813
4134 -210.5864282677647
4135 -210.3139848443811
4136 -210.0431592213546
4137 -209.7740230867398
4138 -209.5067741342295
4139 -209.2414303254706
4140 -208.9780295982803
4141 -208.7165096086474
4142 -208.4293714398106
4143 -208.1561376250429
4144 -207.8689970390666
4145 -207.5969257668788
4146 -207.3355881734068
4147 -207.0809365781401
4148 -206.8332135634839
4149 -206.5902106235848
4150 -206.3505882358992
4151 -206.1137404088956
4152 -205.8792638576622
4153 -205.6468654324285
4154 -205.416338660658
4155 -205.1877453483563
4156 -204.9609281547318
4157 -204.7358083483233
4158 -204.5126312982742
4159 -204.2914326379557
4160 -204.0721568061049
4161 -203.8547747482753
4162 -203.6393793376701
4163 -203.4261585371225
4164 -203.2151103321311
4165 -203.0062082581385
4166 -202.7994056487889
4167 -202.594678939432
4168 -202.3920502869524
4169 -202.1914509096355
4170 -201.9928214913543
4171 -201.7962977226927
4172 -201.6019736726542
4173 -201.4101000707088
4174 -201.20263575788
4175 -201.0063959267844
4176 -200.8166596317201
4177 -200.6298842434055
4178 -200.4473179332263
4179 -200.268991118532
4180 -200.0940217942766
4181 -199.9216300221241
4182 -199.7516233210721
4183 -199.5636325153266
4184 -199.3862236469011
4185 -199.2171168318216
4186 -199.054237380608
4187 -198.8953775631058
4188 -198.7386256458821
4189 -198.5849149019791
4190 -198.4341980946857
4191 -198.2860502405993
4192 -198.1402443677508
4193 -197.9961359022029
4194 -197.8542360808241
4195 -197.7142518356124
4196 -197.5763574963763
4197 -197.4404533959517
4198 -197.306521117021
4199 -197.1748679941297
4200 -197.0454079578648
4201 -196.9181206415343
4202 -196.7924976016093
4203 -196.6689716186192
4204 -196.5475726049615
4205 -196.4280638605185
4206 -196.3105079054453
4207 -196.1950178501308
4208 -196.0815557370184
4209 -195.9702406494213
4210 -195.8609544840867
4211 -195.7538072176498
4212 -195.6486455082051
4213 -195.5453198425548
4214 -195.4439546817235
4215 -195.344984096048
4216 -195.2481450310014
4217 -195.1530394694869
4218 -195.0595287941273
4219 -194.9674817206419
4220 -194.8765028323593
4221 -194.7867741670713
4222 -194.6986885373965
4223 -194.6121933757253
4224 -194.512258330744
4225 -194.4192570554931
4226 -194.3314724407709
4227 -194.2471839828918
4228 -194.1657136276947
4229 -194.0862914105353
4230 -194.0080970575708
4231 -193.9312477102046
4232 -193.8553056850356
4233 -193.7802727938391
4234 -193.7061457592237
4235 -193.6326444952716
4236 -193.5594292050949
4237 -193.4862150447325
4238 -193.4126520777599
4239 -193.339192958036
4240 -193.2656392702354
4241 -193.1923365969658
4242 -193.1192429802263
4243 -193.0461816078393
4244 -192.9729633812865
4245 -192.8990901999109
4246 -192.824890190442
4247 -192.7505350771075
4248 -192.6744971580542
4249 -192.5981845703468
4250 -192.5218580227071
4251 -192.4453506462951
4252 -192.3685702660139
4253 -192.2912123085904
4254 -192.2132748823423
4255 -192.1347659374904
4256 -192.0555420760287
4257 -191.957606638495
4258 -191.8657194675359
4259 -191.7771939829281
4260 -191.6911080804116
4261 -191.6066069238509
4262 -191.5229399423702
4263 -191.439473524744
4264 -191.3560517305386
4265 -191.2723485136285
4266 -191.188419399364
4267 -191.1047788554723
4268 -191.0215795712729
4269 -190.9388676684302
4270 -190.8565764773183
4271 -190.7759141938654
4272 -190.6959100056328
4273 -190.6164180422237
4274 -190.5374606263795
4275 -190.4594416606444
4276 -190.3827225271112
4277 -190.3072373517199
4278 -190.2334814954516
4279 -190.1616566329422
4280 -190.0918951207275
4281 -190.023975625593
4282 -189.958147750258
4283 -189.8945257762625
4284 -189.8183415895381
4285 -189.7513582310881
4286 -189.6908124229277
4287 -189.6358781060353
4288 -189.5857958984335
4289 -189.5397245830943
4290 -189.497456519035
4291 -189.4591130392972
4292 -189.4242571087959
4293 -189.3938317935368
4294 -189.3677659613805
4295 -189.345671224089
4296 -189.326999846196
4297 -189.312513391636
4298 -189.3024329664675
4299 -189.2967633704014
4300 -189.2956110135484
4301 -189.2989916815662
4302 -189.3067696940148
4303 -189.3189846733632
4304 -189.3355057225215
4305 -189.3567099300508
4306 -189.3827946900331
4307 -189.3957335006816
4308 -189.4213047023354
4309 -189.4560346302306
4310 -189.4976325624524
4311 -189.5449673798479
4312 -189.5985909206728
4313 -189.6576122700734
4314 -189.7216776858284
4315 -189.7906613409927
4316 -189.8644423727018
4317 -189.9428268704512
4318 -190.025486529739
4319 -190.1121851557447
4320 -190.2030779177382
4321 -190.2977418616408
4322 -190.3961016806389
4323 -190.4980222770756
4324 -190.6033976229058
4325 -190.7120472257537
4326 -190.8239097247259
4327 -190.9461290828189
4328 -191.0695496854211
4329 -191.1944525682474
4330 -191.3211628060121
4331 -191.4500371622664
4332 -191.5813942722612
4333 -191.7149928503765
4334 -191.8555240106297
4335 -191.9966374634978
4336 -192.1385693890617
4337 -192.2565563303337
4338 -192.3879330202362
4339 -192.5250612319613
4340 -192.6663108093009
4341 -192.8156061404011
4342 -192.9668720726067
4343 -193.119525422796
4344 -193.2731380796215
4345 -193.4275562184036
4346 -193.5820469471957
4347 -193.7366120694257
4348 -193.8910582318577
4349 -194.0453759319522
4350 -194.2018073215735
4351 -194.357429188734
4352 -194.5125386102957
4353 -194.6664744796024
4354 -194.8194464005712
4355 -194.9713905167754
4356 -195.1223195691495
4357 -195.272175654633
4358 -195.4205379651162
4359 -195.5691816503522
4360 -195.7158294722051
4361 -195.8607721244582
4362 -196.0039841153174
4363 -196.145558648631
4364 -196.2853852589
4365 -196.4233622173227
4366 -196.5597134944778
4367 -196.6941700995931
4368 -196.826669870182
4369 -196.9568841296319
4370 -197.0849379298623
4371 -197.2119888822256
4372 -197.3365188691929
4373 -197.4585669355749
4374 -197.5782571039196
4375 -197.695498460687
4376 -197.8103228517242
4377 -197.9227914256447
4378 -198.0329410380309
4379 -198.140766986992
4380 -198.2461559518063
4381 -198.348929970548
4382 -198.4492605836757
4383 -198.5470140405817
4384 -198.6420741841112
4385 -198.7345732054855
4386 -198.8243844234402
4387 -198.9110999283727
4388 -198.9949931411338
4389 -199.0760061915461
4390 -199.1544516096558
4391 -199.232417225884
4392 -199.3077203326798
4393 -199.3800141566753
4394 -199.4497153337895
4395 -199.5167152784143
4396 -199.5813756236264
4397 -199.6439648998971
4398 -199.7042691893401
4399 -199.7623666459906
4400 -199.8182258690957
4401 -199.8719251987204
4402 -199.9233934219654
4403 -199.9729203562567
4404 -200.0204082322349
4405 -200.0657680501994
4406 -200.109031937768
4407 -200.1500470488409
4408 -200.1890290064249
4409 -200.2262230562953
4410 -200.2614356110532
4411 -200.2943661573826
4412 -200.3249224530101
4413 -200.3532279017035
4414 -200.3793969622997
4415 -200.4035165526516
4416 -200.4255214979972
4417 -200.4452436508957
4418 -200.4628885533046
4419 -200.478610602203
4420 -200.4923938782015
4421 -200.5042468175941
4422 -200.5139722613219
4423 -200.5216449538314
4424 -200.5273105471736
4425 -200.5310628015424
4426 -200.5327718012386
4427 -200.5325848833318
4428 -200.5304505474294
4429 -200.5263312124415
4430 -200.5202670267018
4431 -200.5124413785374
4432 -200.5024530047401
4433 -200.4905086473955
4434 -200.4768199652087
4435 -200.4614066017167
4436 -200.4443014383151
4437 -200.425648748804
4438 -200.4054628829666
4439 -200.3839089358336
4440 -200.3609430064872
4441 -200.3364540060371
4442 -200.3103139374076
4443 -200.2826124572176
4444 -200.2533260700477
4445 -200.2226632208426
4446 -200.1908305156576
4447 -200.1580585791127
4448 -200.1242984908272
4449 -200.0897047784839
4450 -200.0545895344045
4451 -200.0189613741668
4452 -199.9829494610558
4453 -199.9464706750625
4454 -199.9097199254187
4455 -199.8724578702054
4456 -199.8347827723282
4457 -199.7969114949081
4458 -199.7586552927057
4459 -199.7205084064622
4460 -199.6824667849886
4461 -199.6445483251982
4462 -199.6069933986455
4463 -199.5699428975704
4464 -199.5335225362447
4465 -199.4978267420245
4466 -199.4630169634609
4467 -199.4288257083986
4468 -199.3953635505635
4469 -199.3623803678357
4470 -199.3298712537502
4471 -199.2978076083206
4472 -199.2663939697234
4473 -199.2356813216636
4474 -199.2055620864188
4475 -199.1760300051477
4476 -199.1471645538498
4477 -199.1190904420944
4478 -199.0919594949814
4479 -199.0658085817629
4480 -199.0405677506789
4481 -199.0162124075079
4482 -198.9927518258184
4483 -198.9699157626844
4484 -198.9475109001944
4485 -198.9255219328471
4486 -198.9039798476285
4487 -198.8826728048039
4488 -198.8616244988896
4489 -198.8405403573582
4490 -198.819385009112
4491 -198.7979973924625
4492 -198.7763017059183
4493 -198.7544357287312
4494 -198.7321794882631
4495 -198.7095131434084
4496 -198.686296621132
4497 -198.6622624091845
4498 -198.6372611380682
4499 -198.6112799841589
4500 -198.5882538756041
4501 -198.5636694709914
4502 -198.5374736153912
4503 -198.5095920717556
4504 -198.4800097977204
4505 -198.4487671249722
4506 -198.4159595228883
4507 -198.3816452521742
4508 -198.3457219965532
4509 -198.308292788916
4510 -198.2691859783713
4511 -198.2286788288196
4512 -198.1865468040128
4513 -198.1425165505871
4514 -198.0967791421685
4515 -198.0494575520312
4516 -198.0005230603394
4517 -197.9500692701693
4518 -197.8978542194715
4519 -197.843892577816
4520 -197.7881573110611
4521 -197.7307087464997
4522 -197.6713881116873
4523 -197.6103519662943
4524 -197.5477437263965
4525 -197.48358312904
4526 -197.4176501065793
4527 -197.3500106709358
4528 -197.2809144419509
4529 -197.2103084917308
4530 -197.1382148831401
4531 -197.0647365059092
4532 -196.989768471252
4533 -196.9131373056516
4534 -196.8351738445072
4535 -196.7558043628786
4536 -196.6750970895444
4537 -196.5930271633076
4538 -196.5096115429
4539 -196.4250347393186
4540 -196.3393247037664
4541 -196.2521948926553
4542 -196.1637005018866
4543 -196.0740505802434
4544 -195.983432066757
4545 -195.8916694882525
4546 -195.7987525642195
4547 -195.7048043361444
4548 -195.6101970315239
4549 -195.5148758092138
4550 -195.4186261451818
4551 -195.3215601819418
4552 -195.2234984265019
4553 -195.1245943316441
4554 -195.0249223402554
4555 -194.924335022198
4556 -194.8227549999601
4557 -194.7202228343307
4558 -194.6168676503438
4559 -194.5127553685087
4560 -194.4079208701246
4561 -194.3020722992947
4562 -194.1956343954655
4563 -194.0683564619862
4564 -193.9482423537222
4565 -193.8313429379372
4566 -193.7169955618841
4567 -193.6045064542904
4568 -193.4926605707058
4569 -193.3806082224363
4570 -193.2683040623897
4571 -193.1557132170196
4572 -193.042323015703
4573 -192.9285225731257
4574 -192.814285377193
4575 -192.699382950367
4576 -192.5840955114845
4577 -192.4687846483393
4578 -192.3534058145406
4579 -192.2378921780763
4580 -192.1220092533216
4581 -192.0056341166886
4582 -191.8885851652076
4583 -191.7715804492996
4584 -191.6540262820849
4585 -191.5357024906079
4586 -191.4169625138559
4587 -191.2975761700295
4588 -191.1779045268554
4589 -191.0581437977804
4590 -190.9384242976379
4591 -190.7928348462707
4592 -190.6559135733682
4593 -190.5251071667312
4594 -190.3984446423077
4595 -190.2755465016265
4596 -190.1543989893506
4597 -190.0350525869679
4598 -189.9173016869329
4599 -189.8008391766761
4600 -189.685262160097
4601 -189.5700610004277
4602 -189.4561452209805
4603 -189.3429399537515
4604 -189.2301166862285
4605 -189.1178443632295
4606 -189.005966334679
4607 -188.8948315362392
4608 -188.783914177826
4609 -188.6733304964509
4610 -188.5318271911941
4611 -188.4021585137527
4612 -188.2787075257803
4613 -188.1612016207975
4614 -188.0488012430312
4615 -187.9392101841443
4616 -187.8319630432683
4617 -187.7266434622468
4618 -187.6223671976597
4619 -187.5187569964445
4620 -187.4164395740779
4621 -187.3146667766738
4622 -187.2128776191276
4623 -187.1115215257343
4624 -187.0111471153326
4625 -186.9115324086859
4626 -186.7738274466275
4627 -186.6503021699434
4628 -186.5341242489036
4629 -186.4258319611305
4630 -186.3213732790092
4631 -186.2204085268438
4632 -186.1204482275085
4633 -186.0204580335176
4634 -185.9222150069376
4635 -185.8249482014485
4636 -185.7281239382394
4637 -185.6319229194685
4638 -185.4889607715031
4639 -185.3639550198824
4640 -185.2495378825712
4641 -185.142304108834
4642 -185.0396102118182
4643 -184.9370065555815
4644 -184.8371853194568
4645 -184.7392954044727
4646 -184.6418260913796
4647 -184.5448685123247
4648 -184.4483530275116
4649 -184.3517953117816
4650 -184.2024074943584
4651 -184.0741747645549
4652 -183.9568926025883
4653 -183.8478859060117
4654 -183.7385184458192
4655 -183.6338944795754
4656 -183.5318863888286
4657 -183.4313864272602
4658 -183.3311852342339
4659 -183.2297281142683
4660 -183.1275600017049
4661 -182.9682601642783
4662 -182.8277191737136
4663 -182.7030604167396
4664 -182.5827390890749
4665 -182.4660303917115
4666 -182.353819235105
4667 -182.2432853075358
4668 -182.1332945307441
4669 -182.0220103393564
4670 -181.9094631897731
4671 -181.7344669324648
4672 -181.5786895969673
4673 -181.4405089281149
4674 -181.3021405069684
4675 -181.1694942770749
4676 -181.0388238232197
4677 -180.9078636065065
4678 -180.7745800507831
4679 -180.638540815637
4680 -180.4996697687723
4681 -180.3561311563134
4682 -180.1495363257505
4683 -179.9603514784534
4684 -179.7885641339605
4685 -179.6149947633743
4686 -179.4438707463345
4687 -179.2735155335227
4688 -179.1010238999282
4689 -178.9245161344439
4690 -178.7443127176448
4691 -178.5595412195401
4692 -178.3130999630398
4693 -178.0820734765355
4694 -177.8683691096462
4695 -177.6518860702532
4696 -177.4370260318493
4697 -177.2221049064704
4698 -177.0043146217615
4699 -176.7821586515533
4700 -176.5550465636814
4701 -176.2673194977144
4702 -175.9984550740046
4703 -175.7428955393898
4704 -175.4846149795393
4705 -175.2293548704445
4706 -174.9737217625846
4707 -174.7156420623398
4708 -174.4536941315669
4709 -174.1866935874097
4710 -173.8631081940898
4711 -173.5570429623363
4712 -173.2616275302834
4713 -172.9535361134487
4714 -172.653332951455
4715 -172.3570119930689
4716 -172.0614935695353
4717 -171.7141427930557
4718 -171.3882059792909
4719 -171.0694301314856
4720 -170.7563353264044
4721 -170.4475923277851
4722 -170.1411111884363
4723 -169.7874583957182
4724 -169.4355444176288
4725 -169.0958543990725
4726 -168.7689265161049
4727 -168.4486462014665
4728 -168.0879152424364
4729 -167.7245819211552
4730 -167.3108573730339
4731 -166.9372096731211
4732 -166.5930396799343
4733 -166.2651004541559
4734 -165.947022767811
4735 -165.6349788683093
4736 -165.3269779594932
4737 -165.0206653838584
4738 -164.7146877638505
4739 -164.4083910129144
4740 -164.1018828282803
4741 -163.7942778405623
4742 -163.4856972811184
4743 -163.1767094248799
4744 -162.8671863849747
4745 -162.5576551558418
4746 -162.2481101465596
4747 -161.9380724831863
4748 -161.6285027905722
4749 -161.3190235185068
4750 -161.0101061697892
4751 -160.7017320731484
4752 -160.3943003613816
4753 -160.0880546978989
4754 -159.7830116126344
4755 -159.4792987288998
4756 -159.177058758742
4757 -158.8766211582553
4758 -158.5773978073808
4759 -158.2799207403681
4760 -157.9836629925379
4761 -157.6890817697317
4762 -157.3964878122152
4763 -157.1052725629259
4764 -156.8159411746735
4765 -156.5286530123465
4766 -156.2436061214212
4767 -155.9607682381002
4768 -155.6799632600821
4769 -155.4008424100875
4770 -155.1234920503958
4771 -154.8479684496406
4772 -154.5745518725313
4773 -154.3033289458373
4774 -154.0339350988238
4775 -153.7662459206421
4776 -153.5011264510952
4777 -153.2383230618029
4778 -152.9774896524693
4779 -152.7186605857528
4780 -152.4618705299289
4781 -152.2070266338145
4782 -151.9539585115305
4783 -151.7026223623299
4784 -151.4525653373307
4785 -151.2033582716859
4786 -150.9561636288015
4787 -150.710497150307
4788 -150.4663272769894
4789 -150.2235175632862
4790 -149.9821573263866
4791 -149.7416930464475
4792 -149.5024737317517
4793 -149.2645738066307
4794 -149.0277869413957
4795 -148.7918256645843
4796 -148.5566835054701
4797 -148.3218786581694
4798 -148.087121291778
4799 -147.8522360575112
4800 -147.6171909219055
4801 -147.3822709295887
4802 -147.1478605160755
4803 -146.9143319508174
4804 -146.681830576054
4805 -146.4504285193341
4806 -146.2202124087804
4807 -145.9909099040104
4808 -145.762358791035
4809 -145.5345804226262
4810 -145.3074210578199
4811 -145.080949013012
4812 -144.8551371929539
4813 -144.6300044569684
4814 -144.405571456034
4815 -144.1818618170212
4816 -143.9588434083439
4817 -143.7366054433605
4818 -143.5151383478115
4819 -143.2945262849946
4820 -143.07482637086
4821 -142.8560342753543
4822 -142.6382636540673
4823 -142.4214837156539
4824 -142.2055061183308
4825 -141.990508524761
4826 -141.7765197613495
4827 -141.5635068600883
4828 -141.3514763688563
4829 -141.1404882789728
4830 -140.9305229405453
4831 -140.7217186611325
4832 -140.5140812822654
4833 -140.3076867200091
4834 -140.1026166064968
4835 -139.898978195549
4836 -139.6968676667577
4837 -139.4962498604493
4838 -139.2970158636591
4839 -139.0994070550356
4840 -138.9035047283152
4841 -138.7092793010261
4842 -138.5167574655176
4843 -138.3260292119034
4844 -138.1371085185582
4845 -137.9500061215121
4846 -137.7648122551102
4847 -137.5815608256273
4848 -137.4002896505689
4849 -137.2210594075924
4850 -137.043925642174
4851 -136.8689549654853
4852 -136.6962155236995
4853 -136.5258528329755
4854 -136.3573035860196
4855 -136.1909899690678
4856 -136.0270436042458
4857 -135.8654791089455
4858 -135.70630082431
4859 -135.5497591186184
4860 -135.3957353137161
4861 -135.2442638374432
4862 -135.0956670721985
4863 -134.9495901503063
4864 -134.806316907273
4865 -134.6656896285324
4866 -134.5278682167642
4867 -134.3927249692915
4868 -134.2607564757818
4869 -134.1316081470801
4870 -134.0052182105529
4871 -133.8818327529212
4872 -133.7614199061206
4873 -133.6440466837497
4874 -133.5295760807136
4875 -133.4180575472437
4876 -133.3095295050567
4877 -133.2037583347577
4878 -133.1007793492097
4879 -133.0006075106005
4880 -132.9031963376306
4881 -132.8086763034802
4882 -132.7170597791317
4883 -132.628190951116
4884 -132.5416638661241
4885 -132.4578050439958
4886 -132.376673354061
4887 -132.2983341103374
4888 -132.2231461560891
4889 -132.1508847101734
4890 -132.0816016529884
4891 -132.0151946186495
4892 -131.9518784114706
4893 -131.8913994162805
4894 -131.8339155496099
4895 -131.7794331679224
4896 -131.7279443318359
4897 -131.6794530629899
4898 -131.6340673062429
4899 -131.5919111010678
4900 -131.5527280614899
4901 -131.5163233499872
4902 -131.4823420814924
4903 -131.4512749949324
4904 -131.4230603034317
4905 -131.3978153457515
4906 -131.3754548375897
4907 -131.355966234094
4908 -131.3395854571215
4909 -131.3258067706895
4910 -131.3146811012101
4911 -131.3063955047868
4912 -131.3008057458445
4913 -131.2981840626501
4914 -131.2981564002211
4915 -131.3009967045461
4916 -131.3067292901138
4917 -131.3155526677424
4918 -131.3276136943986
4919 -131.3435152150976
4920 -131.3627495053403
4921 -131.3848147662246
4922 -131.4094821893276
4923 -131.4370233196979
4924 -131.4668863510625
4925 -131.4989863686154
4926 -131.5335743927486
4927 -131.570996812167
4928 -131.6112702304189
4929 -131.6543458279673
4930 -131.7002364632278
4931 -131.7488122189507
4932 -131.7999587616341
4933 -131.8535553648045
4934 -131.9096343104466
4935 -131.9677892212031
4936 -132.0286379415572
4937 -132.0920447455793
4938 -132.1578837495495
4939 -132.2263758966976
4940 -132.2970832057404
4941 -132.3699110896902
4942 -132.4437910830763
4943 -132.5191412470096
4944 -132.5964790847283
4945 -132.674949148202
4946 -132.7544088127326
4947 -132.8359887855914
4948 -132.9194474392788
4949 -133.0045044495469
4950 -133.091105671507
4951 -133.1788327171564
4952 -133.2674973122708
4953 -133.3569697387297
4954 -133.447233608671
4955 -133.5385952604139
4956 -133.6309781840923
4957 -133.7246935274027
4958 -133.8194507395514
4959 -133.9135365866703
4960 -134.0073979448833
4961 -134.101157082478
4962 -134.1948098499919
4963 -134.2882526216008
4964 -134.3814908691205
4965 -134.4748759848921
4966 -134.5678076223211
4967 -134.660199914935
4968 -134.7522870357903
4969 -134.8441655973074
4970 -134.9348559326464
4971 -135.0246820998306
4972 -135.1141775157913
4973 -135.2025529019026
4974 -135.2900828003337
4975 -135.3770591789524
4976 -135.4630922295034
4977 -135.5479688847268
4978 -135.6315382509838
4979 -135.7141826452981
4980 -135.7954366249396
4981 -135.8752033670658
4982 -135.9533132283744
4983 -136.0295299861221
4984 -136.1041832257008
4985 -136.1774179242811
4986 -136.2490604429532
4987 -136.3188849713896
4988 -136.3869437358961
4989 -136.4534062711485
4990 -136.5187719813213
4991 -136.5830905538082
4992 -136.6459822974471
4993 -136.7076033916495
4994 -136.7663780601911
4995 -136.8233562861494
4996 -136.8786877348799
4997 -136.9321699017631
4998 -136.983650566941
4999 -137.0333017989955
5000 -137.08112507303
5001 -137.1281146326279
5002 -137.1741728342351
5003 -137.2186816559892
5004 -137.2617755988734
5005 -137.3034031683615
5006 -137.3434246071381
5007 -137.3820306840815
5008 -137.4189950390652
5009 -137.4550394771767
5010 -137.4901467106243
5011 -137.5243452798035
5012 -137.5577335263293
5013 -137.5906220023122
5014 -137.622300309858
5015 -137.652717688232
5016 -137.68248152048
5017 -137.7113303139336
5018 -137.738911632722
5019 -137.7651412762424
5020 -137.7904094346236
5021 -137.8151535187387
5022 -137.8388855890658
5023 -137.8618786371088
5024 -137.8844840450948
5025 -137.9064746732729
5026 -137.9278508856096
5027 -137.9485825971087
5028 -137.9689482624972
5029 -137.9898118437477
5030 -138.0109276417024
5031 -138.0320121908551
5032 -138.0522727916941
5033 -138.0726325690136
5034 -138.0929661085676
5035 -138.1125729446403
5036 -138.1313538285823
5037 -138.1490008426915
5038 -138.1656138045828
5039 -138.1812209370908
5040 -138.1964248593463
5041 -138.2113924870247
5042 -138.2261503049067
5043 -138.2415102379152
5044 -138.2575900974171
5045 -138.2734742483743
5046 -138.2889504340865
5047 -138.3043238849313
5048 -138.3185252014335
5049 -138.3320292518444
5050 -138.3446214199066
5051 -138.3562531354966
5052 -138.3666975951037
5053 -138.376138829743
5054 -138.3847791920403
5055 -138.3927463950328
5056 -138.4000006843858
5057 -138.4069328254739
5058 -138.4133348950724
5059 -138.4189343246815
5060 -138.4242771509248
5061 -138.428970433709
5062 -138.432656735887
5063 -138.4355779415975
5064 -138.4381073065522
5065 -138.4399233297648
5066 -138.4409490828527
5067 -138.4413053972398
5068 -138.4410861411853
5069 -138.4401931647813
5070 -138.4389899289851
5071 -138.4374921371733
5072 -138.4357729421366
5073 -138.4336859821831
5074 -138.4314235809402
5075 -138.429270921839
5076 -138.4263968756179
5077 -138.4233352828322
5078 -138.4204429392351
5079 -138.4177570689623
5080 -138.4151479659405
5081 -138.4128367971894
5082 -138.4107460915567
5083 -138.4087430593566
5084 -138.4066975154257
5085 -138.4050079208376
5086 -138.403635334263
5087 -138.4026484022032
5088 -138.4019219290265
5089 -138.401512845068
5090 -138.4014343102158
5091 -138.40183479064
5092 -138.4028701400084
5093 -138.4043880664308
5094 -138.4063575237359
5095 -138.4088559879033
5096 -138.4122780365999
5097 -138.4166746408601
5098 -138.4219810036042
5099 -138.4279917572217
5100 -138.4350459053304
5101 -138.4426907276915
5102 -138.4510801295745
5103 -138.4603329084644
5104 -138.4706369665056
5105 -138.4819941296903
5106 -138.4945825456692
5107 -138.5084992989277
5108 -138.523520724061
5109 -138.539538677034
5110 -138.5567749626595
5111 -138.5749201825972
5112 -138.5940125050672
5113 -138.613858061022
5114 -138.634859756428
5115 -138.6569652476365
5116 -138.6798697123716
5117 -138.7037419822871
5118 -138.7286162716208
5119 -138.7544871756522
5120 -138.7814813577193
5121 -138.8095545579046
5122 -138.8385762213867
5123 -138.868462600977
5124 -138.8988076299096
5125 -138.9298215308631
5126 -138.9614784426313
5127 -138.9937322790601
5128 -139.0267135213439
5129 -139.0603453108365
5130 -139.0946066721359
5131 -139.1294979545846
5132 -139.1651373721096
5133 -139.2011574930424
5134 -139.2375951907079
5135 -139.2745471800953
5136 -139.3118713363608
5137 -139.3496619355499
5138 -139.387894149494
5139 -139.4265915472409
5140 -139.4659013113985
5141 -139.5059895006061
5142 -139.5463451863567
5143 -139.5869415268735
5144 -139.6278435038011
5145 -139.6690840416216
5146 -139.7107253717905
5147 -139.7524726847059
5148 -139.7949588633607
5149 -139.8377047464321
5150 -139.8807399518022
5151 -139.9241936990554
5152 -139.9682325207363
5153 -140.0127543626014
5154 -140.0581784618356
5155 -140.1038959139245
5156 -140.1503735196623
5157 -140.197756324936
5158 -140.245920566904
5159 -140.29493935789
5160 -140.3452710303985
5161 -140.3966659372153
5162 -140.4492269426531
5163 -140.5030056705281
5164 -140.5578350873064
5165 -140.6143051344007
5166 -140.6721549934205
5167 -140.7313109759859
5168 -140.7920297421296
5169 -140.8540656961841
5170 -140.917785021804
5171 -140.982982819406
5172 -141.0498457057428
5173 -141.1188097167297
5174 -141.1897808920787
5175 -141.2629954977626
5176 -141.338242224561
5177 -141.4156169696992
5178 -141.4951235710741
5179 -141.5769412045565
5180 -141.6610888080551
5181 -141.747728680905
5182 -141.8369579046725
5183 -141.9289115816011
5184 -142.0236142799596
5185 -142.1209874885335
5186 -142.2210837438645
5187 -142.3240856358143
5188 -142.42997618789
5189 -142.5387861214415
5190 -142.6506212567224
5191 -142.7655629086746
5192 -142.8835074419618
5193 -143.0043401011485
5194 -143.1280253376882
5195 -143.2545875288939
5196 -143.3840337677367
5197 -143.5163269540564
5198 -143.6514451499985
5199 -143.78945616331
5200 -143.9302716633846
5201 -144.0737971436432
5202 -144.2199914578248
5203 -144.3688998090589
5204 -144.5202144220004
5205 -144.6741846464646
5206 -144.8307229388159
5207 -144.9897552509213
5208 -145.1509660694809
5209 -145.3144710992643
5210 -145.4802105541244
5211 -145.6481755641369
5212 -145.8181011027885
5213 -145.989967171763
5214 -146.1635419604067
5215 -146.3389456362889
5216 -146.5160933817875
5217 -146.6949128222989
5218 -146.8752065851489
5219 -147.0568935498026
5220 -147.2398613737799
5221 -147.4238037581875
5222 -147.6084977083627
5223 -147.7940030123717
5224 -147.9801954608684
5225 -148.1670664047745
5226 -148.3544955525899
5227 -148.5421680307381
5228 -148.7300803756371
5229 -148.9181390151829
5230 -149.106125335246
5231 -149.2938255524789
5232 -149.4816565061716
5233 -149.6691795930299
5234 -149.856319819103
5235 -150.0428221570495
5236 -150.228542287518
5237 -150.4135365564188
5238 -150.5978337305562
5239 -150.781237445781
5240 -150.9633700956077
5241 -151.1441511671883
5242 -151.3238515336738
5243 -151.5022301578636
5244 -151.6792063430234
5245 -151.8546788372066
5246 -152.0285287921818
5247 -152.2004053257833
5248 -152.3702423316715
5249 -152.5378762781252
5250 -152.7031681441241
5251 -152.8661792988462
5252 -153.0266190209354
5253 -153.1841592502857
5254 -153.3388859524928
5255 -153.4908604119383
5256 -153.6400211320004
5257 -153.7860954525323
5258 -153.929317707451
5259 -154.0693730027981
5260 -154.206055789695
5261 -154.3394408628933
5262 -154.4693998168232
5263 -154.5957638864017
5264 -154.7183381842773
5265 -154.8367418885281
5266 -154.9510648691339
5267 -155.0610399321461
5268 -155.1665398817983
5269 -155.2678863145597
5270 -155.3647107399551
5271 -155.4568920482446
5272 -155.5443998254796
5273 -155.6269272866994
5274 -155.7044297399843
5275 -155.7766833028697
5276 -155.8440729524625
5277 -155.9067284401653
5278 -155.9643798831816
5279 -156.0166450577292
5280 -156.0633931553022
5281 -156.104885249668
5282 -156.140621436619
5283 -156.1706128402344
5284 -156.1949862970116
5285 -156.2136269697059
5286 -156.2264657822595
5287 -156.2333011715803
5288 -156.2343071198319
5289 -156.2292652570958
5290 -156.2180603682597
5291 -156.2009282054495
5292 -156.1780040811875
5293 -156.1489613429108
5294 -156.1138602454424
5295 -156.0729358710193
5296 -156.025685633567
5297 -155.972287959546
5298 -155.9127260208448
5299 -155.8470541834621
5300 -155.7756966330567
5301 -155.6981448589552
5302 -155.6141859101185
5303 -155.5239335679059
5304 -155.4274472045671
5305 -155.3247718984071
5306 -155.2162235848778
5307 -155.1023636353403
5308 -154.9824047819002
5309 -154.8566767998203
5310 -154.7245742061247
5311 -154.5860850692357
5312 -154.4415102326572
5313 -154.2910196628009
5314 -154.1343178929045
5315 -153.9715765934801
5316 -153.8034120260414
5317 -153.6298089647814
5318 -153.451522111396
5319 -153.2680779104393
5320 -153.0788026655823
5321 -152.8838867911257
5322 -152.6828228211394
5323 -152.4760732663347
5324 -152.26396590878
5325 -152.0461868610995
5326 -151.822986918494
5327 -151.5941459271539
5328 -151.3610519813247
5329 -151.1228799157483
5330 -150.879570502887
5331 -150.631454920949
5332 -150.3787536607198
5333 -150.1217208899714
5334 -149.8600702106069
5335 -149.5944432909402
5336 -149.324677213102
5337 -149.0510502341067
5338 -148.7739343696864
5339 -148.4922331509936
5340 -148.2062577258793
5341 -147.9167063938276
5342 -147.6237660324876
5343 -147.3276923067453
5344 -147.0283203159135
5345 -146.7255485339252
5346 -146.4204585905197
5347 -146.1123114454776
5348 -145.8008208371737
5349 -145.4866477085118
5350 -145.1697932617681
5351 -144.8501682280798
5352 -144.5278042708636
5353 -144.2032491734551
5354 -143.8769696388384
5355 -143.5497582052573
5356 -143.2209935855188
5357 -142.890743240526
5358 -142.5589372760208
5359 -142.2255478144149
5360 -141.8906666630318
5361 -141.5546384798647
5362 -141.2172055378216
5363 -140.8785493629779
5364 -140.5393452824861
5365 -140.1994412675073
5366 -139.8591048241198
5367 -139.5189007781403
5368 -139.1783663504401
5369 -138.8376704568036
5370 -138.4973853098743
5371 -138.1575962974216
5372 -137.8183923392088
5373 -137.4795640450455
5374 -137.1415169173993
5375 -136.8040893329714
5376 -136.4674782981629
5377 -136.1323595131108
5378 -135.7989339285706
5379 -135.4665749362279
5380 -135.1357153182725
5381 -134.8062522231102
5382 -134.4777155255609
5383 -134.1505645999786
5384 -133.8254400709808
5385 -133.5022884699521
5386 -133.1813116242159
5387 -132.8625143015653
5388 -132.5456195210448
5389 -132.2310126278599
5390 -131.9184026432665
5391 -131.6081949332353
5392 -131.3001269323383
5393 -130.9940156213126
5394 -130.6903918315609
5395 -130.3895614330892
5396 -130.0913442173
5397 -129.7961971031969
5398 -129.504212848033
5399 -129.2151203792335
5400 -128.9282824060398
5401 -128.6439556622383
5402 -128.3627582798794
5403 -128.0839955248794
5404 -127.8079744650087
5405 -127.5351729851834
5406 -127.2662011302162
5407 -127.0007664121026
5408 -126.7382835162648
5409 -126.4788144516822
5410 -126.2224287621763
5411 -125.9695343166159
5412 -125.7197417826412
5413 -125.4727338278129
5414 -125.2283879808365
5415 -124.9871914795459
5416 -124.7500501553533
5417 -124.5167291838836
5418 -124.2869016797693
5419 -124.0604741731969
5420 -123.8374164974727
5421 -123.6177063739762
5422 -123.40122543277
5423 -123.1877012212146
5424 -122.9770543582808
5425 -122.769826782846
5426 -122.5663202868985
5427 -122.3663843529534
5428 -122.1700565415198
5429 -121.977172033547
5430 -121.7872564461714
5431 -121.6008062898574
5432 -121.4175077409481
5433 -121.237009856812
5434 -121.0595308055258
5435 -120.88512196166
5436 -120.7142854973223
5437 -120.5468493585643
5438 -120.3824583658611
5439 -120.2211205350267
5440 -120.0626697968349
5441 -119.906863426615
5442 -119.7538417010017
5443 -119.6040809529157
5444 -119.457165494291
5445 -119.3128691805801
5446 -119.1714094947524
5447 -119.0328615870415
5448 -118.8965201740866
5449 -118.7627913200398
5450 -118.6316528515713
5451 -118.5033490321449
5452 -118.3774657419114
5453 -118.2539676988103
5454 -118.1331150981706
5455 -118.0147879839393
5456 -117.8984548088582
5457 -117.7841413736898
5458 -117.6722068112179
5459 -117.5627736807403
5460 -117.4555704629682
5461 -117.3505573226616
5462 -117.2477424787639
5463 -117.1468096471513
5464 -117.0477387617517
5465 -116.9502557610487
5466 -116.8552809030269
5467 -116.7618172019826
5468 -116.6696746270013
5469 -116.5787356789935
5470 -116.4890293398316
5471 -116.4007946545727
5472 -116.3142377119566
5473 -116.2293787385927
5474 -116.1463319853771
5475 -116.0650505067367
5476 -115.9854777283402
5477 -115.907556299041
5478 -115.8312122763205
5479 -115.756558604938
5480 -115.6835926285858
5481 -115.612232658139
5482 -115.5424277094412
5483 -115.4740925660927
5484 -115.4074675323028
5485 -115.3425945137805
5486 -115.2791053682122
5487 -115.2168638388995
5488 -115.1556381789977
5489 -115.0951787534189
5490 -115.0353962554632
5491 -114.9763055569763
5492 -114.9179164948637
5493 -114.860257525241
5494 -114.8035385999347
5495 -114.7475933312238
5496 -114.6923361136668
5497 -114.6377073751253
5498 -114.583635964587
5499 -114.5301613949192
5500 -114.4772102292589
5501 -114.4247771313516
5502 -114.3727566850588
5503 -114.3209112567232
5504 -114.2693253514946
5505 -114.2179422473738
5506 -114.1667536232779
5507 -114.1156619845314
5508 -114.0646267124231
5509 -114.0133368264966
5510 -113.9619272863266
5511 -113.9103916782912
5512 -113.8588287417105
5513 -113.8071921495576
5514 -113.7553861195983
5515 -113.7034861897955
5516 -113.6514814261985
5517 -113.5991750099966
5518 -113.5464639591171
5519 -113.4932313439844
5520 -113.4393988982338
5521 -113.38489229246
5522 -113.3296139037726
5523 -113.2734619537518
5524 -113.2163384334041
5525 -113.1581775513672
5526 -113.098888922771
5527 -113.0383831226179
5528 -112.9765345522896
5529 -112.9134285453988
5530 -112.8491417925247
5531 -112.7835709787364
5532 -112.7168264709182
5533 -112.648801963277
5534 -112.5795133602731
5535 -112.5088715614864
5536 -112.4368963472727
5537 -112.3635703858519
5538 -112.2887535072511
5539 -112.2123160645026
5540 -112.1342610467571
5541 -112.054730297434
5542 -111.9734947714136
5543 -111.8905949709483
5544 -111.8058916434948
5545 -111.7196804401194
5546 -111.6319833007805
5547 -111.5426025043623
5548 -111.4515534838029
5549 -111.3586716190888
5550 -111.2638684210392
5551 -111.1671330135289
5552 -111.0685037961503
5553 -110.9679559665853
5554 -110.8661293411832
5555 -110.7627905222917
5556 -110.6576214638393
5557 -110.5506726191838
5558 -110.4416909651984
5559 -110.3305363870337
5560 -110.2171802982555
5561 -110.1014209525925
5562 -109.9831962624538
5563 -109.8627472979193
5564 -109.7401296104334
5565 -109.6151839277883
5566 -109.4880720541875
5567 -109.3584649994123
5568 -109.2284461251242
5569 -109.098395055135
5570 -108.9683329326909
5571 -108.8374283040394
5572 -108.7053348905055
5573 -108.571748422099
5574 -108.4366271650026
5575 -108.2998616499992
5576 -108.1610475817591
5577 -108.0200834319265
5578 -107.8771133782093
5579 -107.7321486358953
5580 -107.5854898369293
5581 -107.4372765480731
5582 -107.2879857648791
5583 -107.1378470003228
5584 -106.9871649410501
5585 -106.8367679807927
5586 -106.6895651778825
5587 -106.54576511837
5588 -106.4044195634435
5589 -106.2643433951768
5590 -106.1243749325674
5591 -105.9835395148402
5592 -105.841657759264
5593 -105.6983060588297
5594 -105.5540384077303
5595 -105.4068282912923
5596 -105.2566832613973
5597 -105.1036486461159
5598 -104.9480486268033
5599 -104.7877007246306
5600 -104.6296448447923
5601 -104.4748095550642
5602 -104.3232983284918
5603 -104.1747041339893
5604 -104.0274417527122
5605 -103.8809176561739
5606 -103.7328956778354
5607 -103.5833071917459
5608 -103.4316974456041
5609 -103.2778665266633
5610 -103.1218002012817
5611 -102.9628489789002
5612 -102.8013513730995
5613 -102.6364858732377
5614 -102.4612749747279
5615 -102.2871381671141
5616 -102.1169281331357
5617 -101.9512495126725
5618 -101.7917034449522
5619 -101.6355503018056
5620 -101.4800018652552
5621 -101.3236259979208
5622 -101.1655007119135
5623 -101.0071180636559
5624 -100.8482083467592
5625 -100.6878605622254
5626 -100.5254924262595
5627 -100.3610897585137
5628 -100.1947156378867
5629 -100.0160853885833
5630 -99.84104335896222
5631 -99.67212700013064
5632 -99.50979398765136
5633 -99.35662703134778
5634 -99.20975363148014
5635 -99.06495235477428
5636 -98.92158723515351
5637 -98.7784243200214
5638 -98.6334021935163
5639 -98.48729558252347
5640 -98.3395145719214
5641 -98.18981696328643
5642 -98.03795265272089
5643 -97.88375280857355
5644 -97.72724942866085
5645 -97.55825360258652
5646 -97.38945517733255
5647 -97.22539294459099
5648 -97.06824907119451
5649 -96.92188998745686
5650 -96.78415827558561
5651 -96.65179302429085
5652 -96.52214783609085
5653 -96.39415873524545
5654 -96.26763592929703
5655 -96.14264376848276
5656 -96.01786276173272
5657 -95.89335262877091
5658 -95.76873668027224
5659 -95.63689068321131
5660 -95.50785751382142
5661 -95.38402350546852
5662 -95.26621151692524
5663 -95.15636099900075
5664 -95.05420894577202
5665 -94.95708837581546
5666 -94.86336843907959
5667 -94.77213398699286
5668 -94.68293083276625
5669 -94.59500845394355
5670 -94.50835169379482
5671 -94.42168773183217
5672 -94.33458797510099
5673 -94.24678910876632
5674 -94.15860865521711
5675 -94.06733711737961
5676 -93.97716336533685
5677 -93.88956457311663
5678 -93.80466895443794
5679 -93.72437532364293
5680 -93.64828882423639
5681 -93.57607963718905
5682 -93.50586594390671
5683 -93.43756962853581
5684 -93.37100990546995
5685 -93.30602476579116
5686 -93.24217625855604
5687 -93.17994773351518
5688 -93.11930799780774
5689 -93.05966365713053
5690 -93.00123430967312
5691 -92.94388426407988
5692 -92.88642725149452
5693 -92.83110737045624
5694 -92.77859906054526
5695 -92.72962534039131
5696 -92.68365973310436
5697 -92.64046342908539
5698 -92.59923777847038
5699 -92.55976321147133
5700 -92.52133650466214
5701 -92.48396199422929
5702 -92.44743439762381
5703 -92.41168414076645
5704 -92.37670677222697
5705 -92.34273878781259
5706 -92.3101851929536
5707 -92.27870952235246
5708 -92.24840607459424
5709 -92.21975991837922
5710 -92.19227994394437
5711 -92.16633043977697
5712 -92.14156912525365
5713 -92.11914629167492
5714 -92.09909222447553
5715 -92.0812195894497
5716 -92.0652447092471
5717 -92.05167335738352
5718 -92.0405511999989
5719 -92.03282649261142
5720 -92.0292147900177
5721 -92.02958939736173
5722 -92.03330694310608
5723 -92.04005223661815
5724 -92.04949152790545
5725 -92.06124366154782
5726 -92.07532810940297
5727 -92.09173303960813
5728 -92.11048149586257
5729 -92.13163821854101
5730 -92.15526265391773
5731 -92.18155661463078
5732 -92.21045652159523
5733 -92.24195555733047
5734 -92.27602683978267
5735 -92.31260134039414
5736 -92.351897393759
5737 -92.39422508587579
5738 -92.43979018491288
5739 -92.48898672939686
5740 -92.54151711705326
5741 -92.59637441753944
5742 -92.65379880322151
5743 -92.71465010752634
5744 -92.7796980904773
5745 -92.8464840723438
5746 -92.91390577100921
5747 -92.9813825424277
5748 -93.04967204109099
5749 -93.11794939245046
5750 -93.18717157979435
5751 -93.25894775155328
5752 -93.33375564894469
5753 -93.40980388867378
5754 -93.48843918273974
5755 -93.57058188392304
5756 -93.65657761889469
5757 -93.74619381303926
5758 -93.83953360997413
5759 -93.93581559622143
5760 -94.03394210609989
5761 -94.1336879825685
5762 -94.23539708679107
5763 -94.33928590241561
5764 -94.44463656357851
5765 -94.55122804572716
5766 -94.65896887883096
5767 -94.76852185483821
5768 -94.87846877810267
5769 -94.98896886747833
5770 -95.09968380729941
5771 -95.20969456491828
5772 -95.31963606270756
5773 -95.42971402919636
5774 -95.54089612835696
5775 -95.65389262598828
5776 -95.7689584065479
5777 -95.88627766256896
5778 -96.00551578183625
5779 -96.12655864510933
5780 -96.2497557377589
5781 -96.37472054459036
5782 -96.50126298762737
5783 -96.62943937600642
5784 -96.76015735189459
5785 -96.89279604821942
5786 -97.02680009419936
5787 -97.16205068760205
5788 -97.29848743454676
5789 -97.43612647973288
5790 -97.57467626653016
5791 -97.71443622807854
5792 -97.85642380964684
5793 -98.00092416263226
5794 -98.14781542278537
5795 -98.29680777768992
5796 -98.44754084594911
5797 -98.59977275225233
5798 -98.75343091492448
5799 -98.90856545077796
5800 -99.06532352943724
5801 -99.22347705239216
5802 -99.38342527563756
5803 -99.54458974177854
5804 -99.70700500246772
5805 -99.87052574384121
5806 -100.0345068499101
5807 -100.1991015384168
5808 -100.3642275078013
5809 -100.5298043832418
5810 -100.6954152116248
5811 -100.8607845598958
5812 -101.0259106509172
5813 -101.1902251975873
5814 -101.3539063001437
5815 -101.5167097215093
5816 -101.6784043668257
5817 -101.8388985279304
5818 -101.998199422631
5819 -102.1560750303279
5820 -102.3124708447283
5821 -102.4673645665896
5822 -102.6202951883554
5823 -102.7713636403966
5824 -102.9204243011869
5825 -103.0674345176002
5826 -103.2120758687147
5827 -103.3541311075015
5828 -103.493928542176
5829 -103.6310155468014
5830 -103.7654343921585
5831 -103.8971007862013
5832 -104.0258468682436
5833 -104.1516705937887
5834 -104.2741331009031
5835 -104.3935672511956
5836 -104.5097991811279
5837 -104.6228592582857
5838 -104.7325414091494
5839 -104.8387843544434
5840 -104.9419036563699
5841 -105.0407935918332
5842 -105.1363679236259
5843 -105.2288062126446
5844 -105.3177222112812
5845 -105.403551606883
5846 -105.4863082431888
5847 -105.565616796371
5848 -105.641525482252
5849 -105.7142549393903
5850 -105.7842592968492
5851 -105.8510785691704
5852 -105.9147196700173
5853 -105.9753580568696
5854 -106.0329140522226
5855 -106.0873011693701
5856 -106.1383230249943
5857 -106.1863267613586
5858 -106.2313499783229
5859 -106.2737942514772
5860 -106.3138552120663
5861 -106.3516118931193
5862 -106.3871831869861
5863 -106.4205564399459
5864 -106.4514404540635
5865 -106.480296388112
5866 -106.5069894722066
5867 -106.5315185736925
5868 -106.5538823250512
5869 -106.5740767405116
5870 -106.5922166599684
5871 -106.6080067115822
5872 -106.6215337949013
5873 -106.6322238140471
5874 -106.6404916121445
5875 -106.6462477317566
5876 -106.6496462929227
5877 -106.6512345832206
5878 -106.6508241736408
5879 -106.6483903308552
5880 -106.6437653704998
5881 -106.6367653850183
5882 -106.6275626470158
5883 -106.6161576756153
5884 -106.6027019708075
5885 -106.5874404216299
5886 -106.5706254349705
5887 -106.5521896896531
5888 -106.5321213501959
5889 -106.5104339659619
5890 -106.4867603922104
5891 -106.4607808224691
5892 -106.4329426422678
5893 -106.4031393119878
5894 -106.3711441865996
5895 -106.33698554069
5896 -106.3009351997217
5897 -106.2629377102896
5898 -106.2226776201508
5899 -106.1804578776519
5900 -106.1360226030194
5901 -106.0894426243228
5902 -106.0407484770443
5903 -105.990116167342
5904 -105.9377746033979
5905 -105.8831778577476
5906 -105.8264206656895
5907 -105.7676424337513
5908 -105.7071180759392
5909 -105.6445954885631
5910 -105.5801077588569
5911 -105.5135614030401
5912 -105.4450997420403
5913 -105.3746963532255
5914 -105.3024686536061
5915 -105.2289032326968
5916 -105.1534938508237
5917 -105.0763077149046
5918 -104.997360729248
5919 -104.9166357228771
5920 -104.834030105687
5921 -104.7493332605378
5922 -104.6627661486218
5923 -104.5744228730306
5924 -104.4841372694349
5925 -104.391756180087
5926 -104.297742339306
5927 -104.202206400228
5928 -104.1051303373107
5929 -104.0064526809675
5930 -103.9060631186609
5931 -103.8034958726391
5932 -103.6990930107451
5933 -103.5925645053619
5934 -103.4837789855332
5935 -103.3728057319658
5936 -103.259729361108
5937 -103.1444136213328
5938 -103.0269402441753
5939 -102.9074296997944
5940 -102.7859840154334
5941 -102.6624284124953
5942 -102.5366079451339
5943 -102.4088055536658
5944 -102.2788624345025
5945 -102.1465878647761
5946 -102.0118856526483
5947 -101.8750227363339
5948 -101.7358852781448
5949 -101.5944503814892
5950 -101.4506258634971
5951 -101.3046109711833
5952 -101.1564537274793
5953 -101.0059717731743
5954 -100.8529133387979
5955 -100.697268467209
5956 -100.5389861242781
5957 -100.3777542534947
5958 -100.2134762805698
5959 -100.0463865924
5960 -99.87657983820097
5961 -99.70422307588896
5962 -99.52956413104022
5963 -99.35261171472152
5964 -99.17338135974219
5965 -98.99206263938282
5966 -98.80845884277299
5967 -98.62260027071683
5968 -98.43448002431424
5969 -98.24417574649074
5970 -98.05169694753216
5971 -97.85717762229626
5972 -97.66060782658278
5973 -97.46205854430323
5974 -97.26158803707817
5975 -97.0592652970042
5976 -96.85531305263223
5977 -96.64973411740974
5978 -96.44240762855067
5979 -96.23314076023794
5980 -96.02191031630245
5981 -95.80881302427349
5982 -95.59383962718816
5983 -95.37706416439897
5984 -95.15849448638244
5985 -94.93822524835709
5986 -94.71639582936129
5987 -94.49296319115868
5988 -94.26784921210441
5989 -94.04157697132987
5990 -93.81439950409026
5991 -93.58642652628362
5992 -93.35766320798582
5993 -93.12809700587694
5994 -92.89762886729116
5995 -92.66616323107382
5996 -92.43358751487307
5997 -92.19982695276595
5998 -91.96483689426358
5999 -91.72852339764995
6000 -91.49092591412938
6001 -91.25205583376247
6002 -91.0119467814915
6003 -90.77067479714546
6004 -90.52832891160861
6005 -90.28496294866943
6006 -90.04063377467335
6007 -89.79543003892584
6008 -89.54950059231217
6009 -89.30295258644779
6010 -89.05586930529184
6011 -88.80841636292064
6012 -88.56072694170257
6013 -88.31279450799005
6014 -88.06462825505861
6015 -87.81624330068962
6016 -87.56754728171933
6017 -87.31843106005742
6018 -87.06929691084444
6019 -86.82050407119242
6020 -86.57213717562453
6021 -86.32429131697536
6022 -86.07693000246655
6023 -85.83004296524939
6024 -85.58351624509318
6025 -85.33742834607251
6026 -85.09181167723447
6027 -84.84625112213865
6028 -84.60085237916419
6029 -84.35587327414385
6030 -84.11190616625485
6031 -83.86836531522796
6032 -83.62506153511325
6033 -83.38220457377614
6034 -83.13983717495555
6035 -82.8977465411144
6036 -82.65607811415057
6037 -82.41516293988448
6038 -82.17507587413174
6039 -81.9356029928698
6040 -81.6970142643504
6041 -81.45919472422568
6042 -81.22220687603499
6043 -80.98631897527221
6044 -80.75148761332903
6045 -80.51799744136979
6046 -80.28613904965439
6047 -80.05573083321784
6048 -79.8265826749364
6049 -79.59881833817548
6050 -79.37271885445141
6051 -79.14837901210832
6052 -78.92590065752086
6053 -78.70538729651179
6054 -78.48688624654815
6055 -78.27045766561297
6056 -78.05686374858973
6057 -77.84523900949506
6058 -77.63509943964584
6059 -77.42649119314184
6060 -77.2196341542123
6061 -77.01442771317792
6062 -76.81084336960545
6063 -76.60894349166873
6064 -76.40880399444075
6065 -76.21035759474469
6066 -76.01366390202475
6067 -75.81860730384325
6068 -75.62510834977377
6069 -75.43306453598865
6070 -75.24237709284451
6071 -75.05290096823509
6072 -74.86461692163493
6073 -74.67758723907983
6074 -74.49183201725478
6075 -74.30735630163599
6076 -74.1240350952971
6077 -73.94195741323068
6078 -73.76118407431551
6079 -73.58183804833845
6080 -73.40363445325264
6081 -73.22555359000222
6082 -73.04742187336194
6083 -72.86938951950901
6084 -72.69141648536009
6085 -72.51368032134982
6086 -72.3363324968808
6087 -72.15955662812674
6088 -71.98333475483071
6089 -71.80781203071481
6090 -71.63324090978679
6091 -71.45972223589953
6092 -71.28725590548646
6093 -71.11582898656897
6094 -70.9456363638385
6095 -70.7766801016836
6096 -70.60863052852271
6097 -70.44147571942105
6098 -70.27506502449197
6099 -70.10886010537254
6100 -69.94249257915715
6101 -69.77587754360403
6102 -69.60884428143584
6103 -69.44120677586089
6104 -69.27300982284657
6105 -69.1043580065423
6106 -68.93525127409129
6107 -68.76567211510104
6108 -68.5958039995939
6109 -68.42573898171162
6110 -68.25552336448484
6111 -68.08528747545409
6112 -67.91500143380406
6113 -67.74460098926221
6114 -67.57418999402029
6115 -67.40389280819066
6116 -67.2337366405493
6117 -67.06391181919162
6118 -66.89424484057892
6119 -66.72486207376672
6120 -66.55572301384328
6121 -66.38680265602545
6122 -66.21799655806339
6123 -66.04918814429664
6124 -65.88027468541165
6125 -65.71116808854485
6126 -65.5418170653131
6127 -65.37218924533816
6128 -65.20228925381227
6129 -65.03215343631643
6130 -64.86179154750299
6131 -64.69118558815723
6132 -64.52050125667566
6133 -64.34962423730624
6134 -64.17863557422974
6135 -64.00751219211395
6136 -63.83618908914441
6137 -63.66462055455073
6138 -63.49269372941495
6139 -63.32043645888696
6140 -63.14779087301455
6141 -62.974889714812
6142 -62.8018575995889
6143 -62.62894147981652
6144 -62.45633403471933
6145 -62.28403807787309
6146 -62.11196703415375
6147 -61.94018531706984
6148 -61.76868569296117
6149 -61.59732202069289
6150 -61.42610289184113
6151 -61.25479974412775
6152 -61.08349645622186
6153 -60.91217322829068
6154 -60.74073767049975
6155 -60.56909717027202
6156 -60.39739228215268
6157 -60.22572710937132
6158 -60.05402515416968
6159 -59.88129067771224
6160 -59.7109553232681
6161 -59.54375006682749
6162 -59.37554949279129
6163 -59.20931557517761
6164 -59.04096771531844
6165 -58.87027487164401
6166 -58.6991874894991
6167 -58.5270154355675
6168 -58.3545934157013
6169 -58.184745240629
6170 -58.01532410590011
6171 -57.84599032737361
6172 -57.67806867953415
6173 -57.51096137612553
6174 -57.3442429311551
6175 -57.17833438329169
6176 -57.01594334349637
6177 -56.854928979158
6178 -56.69597696712997
6179 -56.53795794583649
6180 -56.38284114694719
6181 -56.22806631057784
6182 -56.07634968279358
6183 -55.92337255779962
6184 -55.77320612421303
6185 -55.62347535945924
6186 -55.47595017153869
6187 -55.32800394866768
6188 -55.18222235851741
6189 -55.03767273902637
6190 -54.89429561891728
6191 -54.75186202730539
6192 -54.61081580599144
6193 -54.47091979050643
6194 -54.33180402242506
6195 -54.1928421498794
6196 -54.05494742534756
6197 -53.9181422711798
6198 -53.78228325068014
6199 -53.64767734035954
6200 -53.51404978278451
6201 -53.38139769425033
6202 -53.24944589248462
6203 -53.11842298865874
6204 -52.98835498238971
6205 -52.85955785978378
6206 -52.73132988885438
6207 -52.60413633009377
6208 -52.47765608028194
6209 -52.35265652412322
6210 -52.22824996779538
6211 -52.10546645497495
6212 -51.98326802544373
6213 -51.86278802177893
6214 -51.74277113084365
6215 -51.62420059475312
6216 -51.50594195019491
6217 -51.38902212811923
6218 -51.27212155543883
6219 -51.156505814268
6220 -51.04032229771359
6221 -50.92586544613262
6222 -50.81035378043992
6223 -50.69614297246169
6224 -50.58090089228918
6225 -50.46837583857622
6226 -50.35357100857992
6227 -50.23986735831097
6228 -50.12686751390922
6229 -50.01334508414101
6230 -49.90103494359547
6231 -49.79084748393294
6232 -49.67845003998973
6233 -49.56833461853764
6234 -49.46037004728947
6235 -49.35032775021237
6236 -49.24189294391302
6237 -49.1369685792157
6238 -49.0328456774489
6239 -48.92864916687208
6240 -48.82840455808311
6241 -48.7291971881349
6242 -48.62872378889767
6243 -48.52930581171125
6244 -48.42891514013391
6245 -48.32654725996518
6246 -48.22481777439987
6247 -48.12282630110059
6248 -48.02067521485624
6249 -47.91795304333467
6250 -47.81350034863834
6251 -47.70857275311575
6252 -47.60147251956842
6253 -47.49317134728278
6254 -47.38360686667708
6255 -47.27234840944311
6256 -47.15983949381811
6257 -47.04620364498957
6258 -46.92980997664029
6259 -46.81227392655254
6260 -46.69220681006026
6261 -46.57006748056346
6262 -46.44605692816943
6263 -46.31991467455053
6264 -46.19203314696798
6265 -46.0639091539799
6266 -45.93343302962332
6267 -45.80329374212886
6268 -45.67171462555665
6269 -45.53942078162102
6270 -45.40756728918532
6271 -45.27577374112723
6272 -45.14240742666823
6273 -45.009454965256
6274 -44.87572980366842
6275 -44.74051978869887
6276 -44.60344713388569
6277 -44.46722238443365
6278 -44.32852522983696
6279 -44.1883284249184
6280 -44.04608056766934
6281 -43.90177613852577
6282 -43.75653683371424
6283 -43.61006425425774
6284 -43.46217888591736
6285 -43.31284488804772
6286 -43.16096535795681
6287 -43.0055123546587
6288 -42.84737079431233
6289 -42.68559789546521
6290 -42.52007724062273
6291 -42.35146124004446
6292 -42.18039271924525
6293 -42.00697106184933
6294 -41.83073152710609
6295 -41.65034450122251
6296 -41.46565088016931
6297 -41.2765451309893
6298 -41.08404055237854
6299 -40.8878636741739
6300 -40.689419165384
6301 -40.48795652551357
6302 -40.28416686944789
6303 -40.07750920422953
6304 -39.86804799720025
6305 -39.65656864407521
6306 -39.44220665165847
6307 -39.22500689210967
6308 -39.00563394263837
6309 -38.78428027959426
6310 -38.56058836103794
6311 -38.33282355120812
6312 -38.10078806437197
6313 -37.86551835082
6314 -37.62794744265496
6315 -37.38879844754148
6316 -37.14723519328484
6317 -36.90279938173583
6318 -36.65605504660017
6319 -36.40644673643138
6320 -36.15460350151452
6321 -35.89987678975368
6322 -35.64265549910723
6323 -35.38285570805248
6324 -35.1219753570188
6325 -34.85862538026154
6326 -34.59304628851712
6327 -34.32430699226997
6328 -34.05317820445445
6329 -33.7793328008342
6330 -33.50308171209965
6331 -33.22456975262335
6332 -32.94333641500931
6333 -32.66055004356926
6334 -32.37544339834975
6335 -32.08788991844636
6336 -31.79865944042958
6337 -31.5071047524009
6338 -31.21363088351258
6339 -30.91775062566684
6340 -30.62180688618306
6341 -30.32320250176449
6342 -30.02160525157515
6343 -29.71677827924475
6344 -29.40898056495859
6345 -29.09808469587706
6346 -28.78631042105464
6347 -28.47130550813942
6348 -28.15365763125447
6349 -27.83395445304966
6350 -27.51214336418303
6351 -27.19095463583575
6352 -26.8673668709636
6353 -26.54191456649975
6354 -26.21494458072701
6355 -25.88646086446671
6356 -25.55652703979202
6357 -25.22805391814763
6358 -24.89758828058952
6359 -24.56538427405751
6360 -24.231708361007
6361 -23.89691308777704
6362 -23.56055468034884
6363 -23.22532275410092
6364 -22.88837231329033
6365 -22.54978793053111
6366 -22.20974007931067
6367 -21.86863641137845
6368 -21.52637155711061
6369 -21.18301094432043
6370 -20.83871432738933
6371 -20.49595396973964
6372 -20.15242834822391
6373 -19.80912649082936
6374 -19.46634107682083
6375 -19.12393644248458
6376 -18.78069111714307
6377 -18.43689218160793
6378 -18.09306454836783
6379 -17.75101418617531
6380 -17.40931176122884
6381 -17.06866677087141
6382 -16.72872749527324
6383 -16.38934396561189
6384 -16.05041029231047
6385 -15.71176676337942
6386 -15.37374164903031
6387 -15.03645597529519
6388 -14.69986657727068
6389 -14.36584471124366
6390 -14.03281084847733
6391 -13.70133559346834
6392 -13.37078241130784
6393 -13.04172933178594
6394 -12.71393713510214
6395 -12.38758344445609
6396 -12.06229319554136
6397 -11.74318355979194
6398 -11.42425044473852
6399 -11.10580764878829
6400 -10.79123713510081
6401 -10.47679032887737
6402 -10.17081962896479
6403 -9.863946267745533
6404 -9.557281550779365
6405 -9.25134088115211
6406 -8.945627565768909
6407 -8.639499638555037
6408 -8.333677086782508
6409 -8.028490238696499
6410 -7.724322673495379
6411 -7.424513127240843
6412 -7.124969967265677
6413 -6.826443450729187
6414 -6.529481046016762
6415 -6.23464359464986
6416 -5.942081139324408
6417 -5.652265763749789
6418 -5.365751394002132
6419 -5.082237960388582
6420 -4.800034243589792
6421 -4.519818519402421
6422 -4.253295263961867
6423 -3.987012097377459
6424 -3.721708807605012
6425 -3.458315009515111
6426 -3.197105909228348
6427 -2.937535610306952
6428 -2.679573290230046
6429 -2.424226175246723
6430 -2.171704103823643
6431 -1.921345070551133
6432 -1.672851594572784
6433 -1.425935261847243
6434 -1.18001811378894
6435 -0.9417306573095203
6436 -0.7058409375973227
6437 -0.4721747323306644
6438 -0.239064495674846
6439 -0.008213201766210432
6440 0.219255898182702
6441 0.4440108205815108
6442 0.6673081117499109
6443 0.8890865943353958
6444 1.109376975128683
6445 1.327618628957509
6446 1.54196074522585
6447 1.752855912406915
6448 1.961513780082313
6449 2.166931100104975
6450 2.369946642784143
6451 2.570941156504311
6452 2.770634072398039
6453 2.968898730925702
6454 3.164896193270593
6455 3.355083532119984
6456 3.542706933322386
6457 3.727276495894635
6458 3.908678933863214
6459 4.088042674315965
6460 4.266023506251855
6461 4.443174028170098
6462 4.618795429572103
6463 4.789413900511391
6464 4.955395993186187
6465 5.117854128112537
6466 5.278793875765736
6467 5.437516184706119
6468 5.594447150742209
6469 5.750259782757318
6470 5.903944108454148
6471 6.056989909271273
6472 6.20479924524988
6473 6.348945546872969
6474 6.490403728454986
6475 6.631672227565822
6476 6.771949439868003
6477 6.903524352027127
6478 7.034061293329923
6479 7.165257229072374
6480 7.295075212720484
6481 7.421583477708946
6482 7.544924794198682
6483 7.664174459231045
6484 7.780294220461542
6485 7.893289666265115
6486 8.004966019731885
6487 8.115345367002135
6488 8.22438583598538
6489 8.33273555375315
6490 8.439669476728422
6491 8.544408757480198
6492 8.65645411165362
6493 8.753876127020234
6494 8.850217736846421
6495 8.95840401104212
6496 9.047037747094393
6497 9.134639894859752
6498 9.238697974215452
6499 9.320649441901146
6500 9.405680562795318
6501 9.597261159133378
6502 9.746678958822098
6503 9.903602196618777
6504 10.09630961705146
6505 10.23243489543025
6506 10.36258972948542
6507 10.54198527572294
6508 10.65469156117042
6509 10.77577520359325
6510 10.94949816423721
6511 10.99705066438249
6512 11.11811467337008
6513 11.23381312673203
6514 11.34582502333133
6515 11.45826374621861
6516 11.55367884090054
6517 11.65614233708962
6518 11.69684290795667
6519 11.82253785415411
6520 11.92581741840835
6521 12.03568275103576
6522 12.07292882029071
6523 12.19611518905696
6524 12.22322629988685
6525 12.34917171483388
6526 12.40051973574626
6527 12.53196571649506
6528 12.51392268469787
6529 12.67045927704387
6530 12.74085510917341
6531 12.88530302428322
6532 12.86964239754041
6533 13.0331314297916
6534 13.11039456418113
6535 13.17600839768795
6536 13.27232650305451
6537 13.42289288622683
6538 13.41768543416096
6539 13.57993299556045
6540 13.57275061375771
6541 13.74373048710211
6542 13.75932148822445
6543 13.93609482816414
6544 14.02902744807007
6545 14.10415919376782
6546 14.11823531544102
6547 14.25609248090195
6548 14.36002643249124
6549 14.48686751514341
6550 14.65606038576297
6551 14.59788724818954
6552 14.75474893220567
6553 14.93932380769036
6554 14.98544912100786
6555 15.12054111990602
6556 15.20164366846844
6557 15.27089906621964
6558 15.31812422054353
6559 15.52258889150372
6560 15.59199716435774
6561 15.6549207101701
6562 15.81163025081051
6563 15.92493156001659
6564 16.05700893579124
6565 16.17764600454646
6566 16.15891479543975
6567 16.21249248438667
6568 16.37363599606136
6569 16.45911046530517
6570 16.59890533408269
6571 16.60032912640362
6572 16.74828152917179
6573 16.87485991569771
6574 16.83396455890918
6575 16.9468651838108
6576 16.87616760167903
6577 17.04630805134079
6578 17.1799293255308
6579 17.03019141138422
6580 17.19914383575439
6581 17.22264198941545
6582 17.31121614185715
6583 17.38729049758922
6584 17.48970168032794
6585 17.52015540244937
6586 17.33627199263508
6587 17.47278983014835
6588 17.47762782805582
6589 17.47555204268845
6590 17.53068598738675
6591 17.50598088988392
6592 17.43420514507757
6593 17.43904897303207
6594 17.48624175779862
6595 17.48412406324094
6596 17.49733010998054
6597 17.50498931349872
6598 17.48643191485664
6599 17.42740175789311
6600 17.33091299537059
6601 17.29475752272694
6602 17.20371553536392
6603 17.16052113944188
6604 17.16052390585059
6605 17.12665689332579
6606 17.01992174371678
6607 16.970179022456
6608 16.87613459883416
6609 16.7669777548814
6610 16.55675855716806
6611 16.54985146975608
6612 16.43895770736213
6613 16.38811221980432
6614 16.20974538284075
6615 16.00107499035209
6616 15.95192818241714
6617 15.76164293076749
6618 15.55442512458559
6619 15.42483532285949
6620 15.34225225950329
6621 15.19244910180845
6622 14.98173032825501
6623 14.81997892741398
6624 14.65153587050486
6625 14.41728326461816
6626 14.17544256385652
6627 13.9915959415143
6628 13.71981598397234
6629 13.54322685508003
6630 13.23349885059689
6631 13.00294645718199
6632 12.77984745377038
6633 12.39388579664393
6634 12.15846305267609
6635 11.80842884539898
6636 11.38704966753966
6637 11.09593553859943
6638 10.79516969707127
6639 10.37822003989601
6640 10.01496600447872
6641 9.581840231304593
6642 9.084299199406487
6643 8.654206982570138
6644 8.206599722329205
6645 7.749265464180219
6646 7.294018944114299
6647 6.714107812808468
6648 6.231899231026539
6649 5.686076737133977
6650 5.20245365165956
6651 4.644858152821023
6652 4.100415364164963
6653 3.588582822460701
6654 2.990348467387008
6655 2.404594986059081
6656 1.868494615596987
6657 1.292000164138521
6658 0.724728766128564
6659 0.1192820328481403
6660 -0.5408712768269481
6661 -1.242001248458322
6662 -1.982475584655084
6663 -2.83591415376651
6664 -3.948480726808477
6665 -5.431271081796808
6666 -7.393596706668141
6667 -9.636728252006392
6668 -11.82853486477899
6669 -13.85897204999178
6670 -15.75560184273592
6671 -17.42384196081615
6672 -18.95223077230632
6673 -20.21395151593548
6674 -21.33972743715091
6675 -22.32556978379459
6676 -23.17637730458153
6677 -23.95409791477978
6678 -24.55373701235676
6679 -24.94483237113133
6680 -25.2345152443341
6681 -25.44476452068451
6682 -25.59773291244228
6683 -25.73156037988485
6684 -25.82173705002479
6685 -25.90143502682564
6686 -25.97457563021039
6687 -26.03407478957551
6688 -26.0759039753851
6689 -26.11885906506274
6690 -26.14871210371169
6691 -26.17166235522512
6692 -26.18056574340621
6693 -26.17565304052014
6694 -26.15881572836814
6695 -26.13077451012754
6696 -26.09193759648614
6697 -26.04455171937189
6698 -25.98966923197214
6699 -25.92759856403359
6700 -25.85877094732606
6701 -25.78673637739162
6702 -25.7099751717809
6703 -25.63311829184977
6704 -25.55850085928277
6705 -25.4859775641194
6706 -25.41454268421338
6707 -25.34349615163372
6708 -25.27178903789192
6709 -25.20008822963919
6710 -25.12813828612397
6711 -25.05526189679389
6712 -24.98068417746339
6713 -24.90377573739068
6714 -24.82405377973533
6715 -24.74017570685033
6716 -24.65172756078007
6717 -24.55791038686344
6718 -24.45827430718452
6719 -24.35245271722845
6720 -24.23996629737883
6721 -24.12035387557263
6722 -23.99266162935221
6723 -23.85537832955502
6724 -23.70637063867075
6725 -23.54325107977269
6726 -23.36370132373015
6727 -23.16425300702383
6728 -22.9408749998171
6729 -22.68954540611761
6730 -22.40111044335585
6731 -22.07518029709863
6732 -21.7188954967382
6733 -21.34557832773108
6734 -20.95612937598476
6735 -20.41059061532762
6736 -19.8878497013258
6737 -19.47893113321273
6738 -19.18825449960187
6739 -18.953598633207
6740 -18.77405247030775
6741 -18.56810850559161
6742 -18.3837103337996
6743 -18.16468436187962
6744 -17.98027543579216
6745 -17.78143839448359
6746 -17.61314921127764
6747 -17.47291394758513
6748 -17.34446326050924
6749 -17.21459906971437
6750 -17.07379595042995
6751 -16.93651589120705
6752 -16.80731013228239
6753 -16.68548562499963
6754 -16.5684636389174
6755 -16.45734553986006
6756 -16.3500837842269
6757 -16.24453507479183
6758 -16.13820421597809
6759 -16.03040351180256
6760 -15.92250102914762
6761 -15.81542005479166
6762 -15.70926947528116
6763 -15.60232178002484
6764 -15.49412298830224
6765 -15.38459317326114
6766 -15.27365564013714
6767 -15.16109657082811
6768 -15.0462558206975
6769 -14.92881241017649
6770 -14.80828314828864
6771 -14.68453071402922
6772 -14.55766990227347
6773 -14.42766750417904
6774 -14.29450855483233
6775 -14.15804978466083
6776 -14.01821144251242
6777 -13.87497167579142
6778 -13.7283633277627
6779 -13.57791488741954
6780 -13.42396915850492
6781 -13.26648135160241
6782 -13.10584597147857
6783 -12.9421902278355
6784 -12.77536069533802
6785 -12.60538584561162
6786 -12.43304151412233
6787 -12.25868901121173
6788 -12.08242961119552
6789 -11.9028445037211
6790 -11.72045945545009
6791 -11.53601556676024
6792 -11.35001197513879
6793 -11.16256230669934
6794 -10.97432397309827
6795 -10.78481304868087
6796 -10.5930630160358
6797 -10.39889232503818
6798 -10.20242038448374
6799 -10.00404826443624
6800 -9.804065689724091
6801 -9.603091938308879
6802 -9.400685037871341
6803 -9.19714043153072
6804 -8.992740736194101
6805 -8.787205792293129
6806 -8.580758830407319
6807 -8.373486883513756
6808 -8.165707632995918
6809 -7.957351732094956
6810 -7.748521198300949
6811 -7.539048947444449
6812 -7.329870308963827
6813 -7.120537448231651
6814 -6.911299950071914
6815 -6.702583761324959
6816 -6.494286668096542
6817 -6.286713503109503
6818 -6.080093164961127
6819 -5.875079105390213
6820 -5.67211435982027
6821 -5.471151215130007
6822 -5.272368056437124
6823 -5.075944155998869
6824 -4.882278266586752
6825 -4.691780457650331
6826 -4.504505612689719
6827 -4.320503166076342
6828 -4.138478493978745
6829 -3.958601919376925
6830 -3.781995867682241
6831 -3.609050726047684
6832 -3.439888419357239
6833 -3.274200286777848
6834 -3.113678371089868
6835 -2.957548890316005
6836 -2.805759203910412
6837 -2.658027637363972
6838 -2.514643111593671
6839 -2.375861315786956
6840 -2.24241716322588
6841 -2.113934146046923
6842 -1.990594911353654
6843 -1.871991337509968
6844 -1.758473285037489
6845 -1.649869860108453
6846 -1.546435142800881
6847 -1.448131727570697
6848 -1.355369834649295
6849 -1.267814953530319
6850 -1.185939252928669
6851 -1.109463518965022
6852 -1.038638480181717
6853 -0.9732665067697184
6854 -0.9135755083609283
6855 -0.8592854982604692
6856 -0.8106231799054271
6857 -0.7672865554613395
6858 -0.7295568898861831
6859 -0.6971819573397511
6860 -0.6704976438376349
6861 -0.649320671776124
6862 -0.6335365368001931
6863 -0.6227375855549724
6864 -0.6170668154237759
6865 -0.61659581844836
6866 -0.6212714391210881
6867 -0.6311099607839878
6868 -0.6460450361016257
6869 -0.6661849938833697
6870 -0.6915057413487276
6871 -0.7211515146205869
6872 -0.7541709643829577
6873 -0.7915215080495557
6874 -0.8334955833445008
6875 -0.8800558010622979
6876 -0.9309370132660604
6877 -0.9858106822505377
6878 -1.046477127675395
6879 -1.111012223964018
6880 -1.17907737665994
6881 -1.250754664830446
6882 -1.326379338823898
6883 -1.406273502751276
6884 -1.489975712805347
6885 -1.576863563418264
6886 -1.666896532971982
6887 -1.759687695005731
6888 -1.855332944492297
6889 -1.95346115883784
6890 -2.054362151927492
6891 -2.157908644434805
6892 -2.264029095616031
6893 -2.372361708821302
6894 -2.483350373428024
6895 -2.596438264938023
6896 -2.711675033638755
6897 -2.830888505314377
6898 -2.952899743153871
6899 -3.076912958758371
6900 -3.202474018526289
6901 -3.329283900699224
6902 -3.457427853395892
6903 -3.587010759925093
6904 -3.718051059846779
6905 -3.850769586777602
6906 -3.985320492807773
6907 -4.121059072523714
6908 -4.256925780414676
6909 -4.393513067436999
6910 -4.531261935966114
6911 -4.669987304564359
6912 -4.808997757395119
6913 -4.95050791272002
6914 -5.092942718170477
6915 -5.23525757699278
6916 -5.378390275923046
6917 -5.522079563046844
6918 -5.666193137373277
6919 -5.8103866226473
6920 -5.954519467889355
6921 -6.098359014936371
6922 -6.241828853548242
6923 -6.384615288489115
6924 -6.526581611982095
6925 -6.667552253154867
6926 -6.807422947854832
6927 -6.946017572358151
6928 -7.08328947845358
6929 -7.219202929692656
6930 -7.353621185199053
6931 -7.486982377677364
6932 -7.617360094199064
6933 -7.745470892608978
6934 -7.871194101394799
6935 -7.994390934234744
6936 -8.115874552959177
6937 -8.236179360401316
6938 -8.35375887252485
6939 -8.468138983244053
6940 -8.580047915973068
6941 -8.689800191622481
6942 -8.797067633197251
6943 -8.901549374588001
6944 -9.003166721025721
6945 -9.101802380598365
6946 -9.197371614977754
6947 -9.289664377681866
6948 -9.378573281318019
6949 -9.464050148323999
6950 -9.545996358217415
6951 -9.624281734826155
6952 -9.698792867391319
6953 -9.769543032151525
6954 -9.836704221612123
6955 -9.899081788490648
6956 -9.956814330484825
6957 -10.01013224795778
6958 -10.05915348484567
6959 -10.1042573581671
6960 -10.14652447039022
6961 -10.18475189557123
6962 -10.2185854480646
6963 -10.24776138509205
6964 -10.2724947454786
6965 -10.29310016918135
6966 -10.30967387570466
6967 -10.32222813045866
6968 -10.33107551704573
6969 -10.33595569923126
6970 -10.33671940106326
6971 -10.33334377361728
6972 -10.32576080316363
6973 -10.31398252659169
6974 -10.29794153979277
6975 -10.27774905748714
6976 -10.25353377218254
6977 -10.2253508033499
6978 -10.19317056987399
6979 -10.15698181886664
6980 -10.11684656339904
6981 -10.07279407508783
6982 -10.02480453795157
6983 -9.972910951658946
6984 -9.917122469112329
6985 -9.857495200382971
6986 -9.793970095426452
6987 -9.726559056132068
6988 -9.655383788023279
6989 -9.580540155651533
6990 -9.502021012300347
6991 -9.41981208344427
6992 -9.334069093027644
6993 -9.244829041582364
6994 -9.152032557414728
6995 -9.05567612607048
6996 -8.955638494376238
6997 -8.852028880124287
6998 -8.74481799988331
6999 -8.634139235685367
7000 -8.519945505621656
7001 -8.351846810354907
7002 -8.174349448950117
7003 -7.988048357588909
7004 -7.793327989284521
7005 -7.590422624614561
7006 -7.379579487230657
7007 -7.16008496261194
7008 -6.93169803224071
7009 -6.695946403665239
7010 -6.453399470416848
7011 -6.204285614931145
7012 -5.948002967030163
7013 -5.685349036027056
7014 -5.41542478460029
7015 -5.138717681944385
7016 -4.855611605509026
7017 -4.566441743167381
7018 -4.271742580089423
7019 -3.971417326214109
7020 -3.665030437129481
7021 -3.352953142617487
7022 -3.032212667937827
7023 -2.70329362563956
7024 -2.368143273329359
7025 -2.027626989747738
7026 -1.681983570939963
7027 -1.33171334573283
7028 -0.9771984008789616
7029 -0.6192689952117263
7030 -0.2588482476063731
7031 0.1005508101637673
7032 0.4647028046303419
7033 0.8328738309702572
7034 1.203817521971907
7035 1.57535404806903
7036 1.94800596009997
7037 2.320786026371351
7038 2.693468086472038
7039 3.064334569411521
7040 3.434656176056833
7041 3.802025967009655
7042 4.164359468830824
7043 4.521999014458242
7044 4.873279825167952
7045 5.218769680954466
7046 5.556501761768022
7047 5.884405132306046
7048 6.203160409365289
7049 6.511890833538523
7050 6.809871358725772
7051 7.100024936723411
7052 7.38007233125759
7053 7.653511018900382
7054 7.920845958105033
7055 8.182275872868871
7056 8.440504073335354
7057 8.698779662523993
7058 8.958793858763116
7059 9.226597147434187
7060 9.504250920324427
7061 9.794228363117785
7062 10.10128644227992
7063 10.42862880678502
7064 10.77402133342201
7065 11.1424571441826
7066 11.53331428479263
7067 11.94422839037959
7068 12.37986433757729
7069 12.83679695642084
7070 13.30710702280582
7071 13.79537452881334
7072 14.29816352352286
7073 14.81380559571901
7074 15.34282728071701
7075 15.88063412925371
7076 16.42541413533707
7077 16.97614169139463
7078 17.53031680010928
7079 18.08902103862348
7080 18.64572454107739
7081 19.20433562910461
7082 19.756535930888
7083 20.31097941232427
7084 20.86141319654068
7085 21.40958146148182
7086 21.9477684152036
7087 22.48394421816354
7088 23.01408585160167
7089 23.54055572160085
7090 24.06426672207396
7091 24.58527562444885
7092 25.09816713391992
7093 25.6086603232554
7094 26.11046120593132
7095 26.60963885321605
7096 27.10222019370001
7097 27.59076905421901
7098 28.06691603421139
7099 28.54221859339602
7100 29.01669918405
7101 29.48226471616753
7102 29.94558913347901
7103 30.40620516466729
7104 30.85956690007705
7105 31.30761020912166
7106 31.75018047620783
7107 32.18718561746449
7108 32.62221128132371
7109 33.05165300606241
7110 33.48014420634897
7111 33.8978033628491
7112 34.30915961739693
7113 34.71709702479014
7114 35.11642046993617
7115 35.51367528143022
7116 35.90607191979372
7117 36.29922083229035
7118 36.68643689344768
7119 37.06263916914106
7120 37.43107833226665
7121 37.79651840873195
7122 38.15547027032609
7123 38.51251173513062
7124 38.86182925011263
7125 39.20644740779714
7126 39.54422702283694
7127 39.87682911984101
7128 40.20655234930122
7129 40.53145208499544
7130 40.84288183497301
7131 41.15009746305243
7132 41.4551348756281
7133 41.75595685527544
7134 42.05249862403363
7135 42.34274226337072
7136 42.6243588191692
7137 42.8959316633283
7138 43.16936697867572
7139 43.44278014062108
7140 43.71708501968932
7141 43.98325410510883
7142 44.23833533388707
7143 44.48760397927017
7144 44.72683257288632
7145 44.960326372697
7146 45.190634677951
7147 45.41732965983836
7148 45.6404978085792
7149 45.8622173253016
7150 46.07925291526071
7151 46.29132537341254
7152 46.50094785937463
7153 46.70989336183968
7154 46.91674664126739
7155 47.10842774487333
7156 47.28985882625383
7157 47.47291245826619
7158 47.65746144945938
7159 47.83888468394176
7160 48.02256929563827
7161 48.19629113760786
7162 48.36189923215647
7163 48.52592825386529
7164 48.68540630942771
7165 48.83857236558831
7166 48.98977445902671
7167 49.14457726931972
7168 49.29188491458498
7169 49.43136426415944
7170 49.56917437594822
7171 49.70163301355386
7172 49.83033416527741
7173 49.95535233508105
7174 50.07284070170618
7175 50.18411415825049
7176 50.29263689464945
7177 50.39281639872576
7178 50.48270505629758
7179 50.57321434974465
7180 50.65434918636666
7181 50.73091529839881
7182 50.80762098410005
7183 50.87831214571554
7184 50.94290955056081
7185 51.00188435194882
7186 51.05345742191768
7187 51.10088854805742
7188 51.14441112586254
7189 51.1823373377694
7190 51.21133521378299
7191 51.23501569717516
7192 51.24937373556533
7193 51.25753347492375
7194 51.25703101056575
7195 51.2473321927552
7196 51.2298085078224
7197 51.19988015250545
7198 51.1589876879924
7199 51.11155971483937
7200 51.049994550443
7201 50.97263632851793
7202 50.87862425890744
7203 50.76484821898455
7204 50.64013187866384
7205 50.4970084896897
7206 50.328983777483
7207 50.13099566744834
7208 49.89634597881317
7209 49.61746940057398
7210 49.28529021148388
7211 48.89260302100485
7212 48.42936757534819
7213 47.8850911273319
7214 47.24561934987274
7215 46.50750736197668
7216 45.66961234632976
7217 44.73534425596105
7218 43.71568342589858
7219 42.62913689479225
7220 41.49463926336789
7221 40.33072861703776
7222 39.15929125145114
7223 38.00189072080536
7224 36.87174941152133
7225 35.77872675920669
7226 34.72394015676385
7227 33.70900196175867
7228 32.73143934691677
7229 31.79261960327728
7230 30.88775942439142
7231 30.01116963070918
7232 29.15732065829968
7233 28.32457063942767
7234 27.50539839120963
7235 26.69810407523231
7236 25.9010549153873
7237 25.11310257996116
7238 24.33564599019764
7239 23.56665107895241
7240 22.80447692130673
7241 22.05451284270439
7242 21.33199336813158
7243 20.64754422840962
7244 20.03213919887942
7245 19.52928804910778
7246 19.13635957233351
7247 18.87203632252722
7248 18.70313842914683
7249 18.49655492969491
7250 18.31969497396941
7251 18.18102279225374
7252 18.06944821198894
7253 17.98001359513913
7254 17.90550761597659
7255 17.8409434864804
7256 17.78750891588833
7257 17.7403234206619
7258 17.69403416153287
7259 17.64861632202732
7260 17.6015736180675
7261 17.56508184816253
7262 17.50206015009287
7263 17.43898298769576
7264 17.36199992476194
7265 17.30308788222139
7266 17.22414714984607
7267 17.14572257702982
7268 17.08531889147247
7269 17.00263676153553
7270 16.93538462151333
7271 16.84796533014233
7272 16.78073815504035
7273 16.69183651636382
7274 16.62106666933281
7275 16.52902457490559
7276 16.45612621067927
7277 16.36434443745909
7278 16.2974526769606
7279 16.21966838351172
7280 16.14951925180807
7281 16.08310076434929
7282 16.00273252320849
7283 15.94018389028518
7284 15.86445473368362
7285 15.80119658067195
7286 15.74390842048501
7287 15.69658537815919
7288 15.65090482315839
7289 15.59504243407192
7290 15.55896895274068
7291 15.52702035962231
7292 15.49940899246141
7293 15.4761542494065
7294 15.45513876825556
7295 15.43553628136638
7296 15.42167602667954
7297 15.41362058230091
7298 15.4103968859851
7299 15.41214760670741
7300 15.41409040518507
7301 15.41544523870752
7302 15.41988898008194
7303 15.43041159839899
7304 15.44064179709716
7305 15.45740060961193
7306 15.4749334257235
7307 15.4927294553458
7308 15.51655505498231
7309 15.54454189580162
7310 15.57537435447246
7311 15.60997086623697
7312 15.6475735321203
7313 15.68794604778242
7314 15.72942233649022
7315 15.77611773418091
7316 15.82883554697805
7317 15.88554071406817
7318 15.94557527625299
7319 16.00922039027082
7320 16.06843735252259
7321 16.130755907171
7322 16.19695864511703
7323 16.26729675424188
7324 16.34052509922833
7325 16.41691024296863
7326 16.49669587897569
7327 16.57970573453186
7328 16.66571343892269
7329 16.75521260989199
7330 16.84853729368344
7331 16.94436905173582
7332 17.04269336720428
7333 17.1452755307843
7334 17.24892824383132
7335 17.35432274794376
7336 17.46923548555036
7337 17.58666455509501
7338 17.70671332911
7339 17.83184180474118
7340 17.95623768117446
7341 18.07863491960833
7342 18.20471090354051
7343 18.35266504392269
7344 18.4981851408681
7345 18.64381569347229
7346 18.78842985875658
7347 18.93477836466175
7348 19.08160230234764
7349 19.22926865618314
7350 19.37822006665104
7351 19.53031338974507
7352 19.68359671977692
7353 19.8382709405436
7354 19.99314069136022
7355 20.15145873382714
7356 20.30986036906524
7357 20.46749601733593
7358 20.62727621836519
7359 20.79229055136365
7360 20.95697486773679
7361 21.12192173213173
7362 21.31777434750185
7363 21.49849295600963
7364 21.67028687858352
7365 21.8418244524056
7366 22.01078199669614
7367 22.17618005827861
7368 22.33843319291794
7369 22.49892708250016
7370 22.65892556654841
7371 22.81825945272068
7372 22.97757486556794
7373 23.13490301883174
7374 23.32775770330392
7375 23.50399456513772
7376 23.67148180699941
7377 23.83180269817842
7378 23.98512184310805
7379 24.1352653607046
7380 24.2815211661582
7381 24.463497174998
7382 24.62842958334898
7383 24.78225410147435
7384 24.92830612166809
7385 25.06857128625886
7386 25.20548722989705
7387 25.33820090976349
7388 25.46606138887192
7389 25.58957004360362
7390 25.71013245346058
7391 25.81956689621619
7392 25.92868523666933
7393 26.03855522979611
7394 26.14729485614043
7395 26.2551918484365
7396 26.36170995449906
7397 26.46527117386177
7398 26.56652453770514
7399 26.66463324228385
7400 26.76080627114602
7401 26.85554854946609
7402 26.94831492313947
7403 27.03787487514849
7404 27.12495709733067
7405 27.2095521764548
7406 27.29090173508025
7407 27.37201985657935
7408 27.45103599259113
7409 27.52920019959305
7410 27.60482427257861
7411 27.67921291432684
7412 27.75159221286196
7413 27.82439274743572
7414 27.89533886644664
7415 27.9642200594789
7416 28.03164395126658
7417 28.09655267720103
7418 28.15653823869664
7419 28.21202326948566
7420 28.26664929728719
7421 28.31671559042231
7422 28.36068958011126
7423 28.39994059536642
7424 28.43593030844691
7425 28.4701774885668
7426 28.49988963620392
7427 28.51863700474513
7428 28.53479177818102
7429 28.54867093961663
7430 28.5581238749697
7431 28.56234142756582
7432 28.5600861296993
7433 28.55115904087281
7434 28.53576573306409
7435 28.51331737999799
7436 28.48442168371304
7437 28.44899079358351
7438 28.40518507511728
7439 28.35317844588958
7440 28.29327066112067
7441 28.22614329474337
7442 28.1507935567641
7443 28.0668674471578
7444 27.97466453065818
7445 27.87391824330479
7446 27.76491218261178
7447 27.64566852619587
7448 27.51841956096163
7449 27.382757793981
7450 27.23650783534112
7451 27.0801198276381
7452 26.91471662835803
7453 26.74067389046451
7454 26.55586422458886
7455 26.36183087046216
7456 26.15778715086818
7457 25.94422916598491
7458 25.7195701182765
7459 25.48406711925086
7460 25.23790311078726
7461 24.98108792709873
7462 24.71326144764336
7463 24.43328358653999
7464 24.13914181450132
7465 23.83383395041329
7466 23.51577429100025
7467 23.18543711910377
7468 22.84401692135715
7469 22.49165411968396
7470 22.12686568861504
7471 21.75303337279233
7472 21.36717492240542
7473 20.97012526953348
7474 20.56303548205142
7475 20.1450294863591
7476 19.71374524235236
7477 19.27214747566075
7478 18.81821387184153
7479 18.34873373993745
7480 17.86677806550054
7481 17.37338354224838
7482 16.86807498839768
7483 16.35721654743652
7484 15.83748310547848
7485 15.30538062342682
7486 14.7574217076825
7487 14.20600331713025
7488 13.64444001849007
7489 13.07575542239097
7490 12.49334868189898
7491 11.88590481965371
7492 11.2599444427143
7493 10.61825934580136
7494 9.958117184076968
7495 9.278154218359994
7496 8.551931589521608
7497 7.861173598284374
7498 7.161783939059582
7499 6.457311953277603
7500 5.755039369074272
7501 5.06063095315708
7502 4.381251231341921
7503 3.696003343863609
7504 3.07466614409347
7505 2.473217671059018
7506 1.896609438383699
7507 1.347015771385898
7508 0.7975084760438023
7509 0.3244486744512969
7510 -0.1126312360289177
7511 -0.6330412159599632
7512 -0.966918610231275
7513 -1.282821926621885
7514 -1.61974410788396
7515 -1.877084745036875
7516 -2.186499759916778
7517 -2.366835628426188
7518 -2.595631951874765
7519 -2.724238029242557
7520 -2.876566272605437
7521 -2.979570161809697
7522 -3.079141375423838
7523 -3.158466801197065
7524 -3.209408011665744
7525 -3.251806996472325
7526 -3.268147044652956
7527 -3.259478271590297
7528 -3.243977220003018
7529 -3.225126703866174
7530 -3.159044226940253
7531 -3.076282260924351
7532 -2.980885897114852
7533 -2.865868609917598
7534 -2.726345094002596
7535 -2.557758252441253
7536 -2.376705044805234
7537 -2.143916465319677
7538 -2.010346702596614
7539 -1.904849952729144
7540 -1.807032457340654
7541 -1.716082370866076
7542 -1.620422968857334
7543 -1.530082942031044
7544 -1.450855405265571
7545 -1.371722497856297
7546 -1.29742936537945
7547 -1.228433925685529
7548 -1.160714916292129
7549 -1.096025999300011
7550 -1.039201538316618
7551 -0.9823389138728373
7552 -0.9290428164207185
7553 -0.8791970438140879
7554 -0.827828378823817
7555 -0.7819119055762656
7556 -0.7408036751081539
7557 -0.6997521042376036
7558 -0.6635295025794505
7559 -0.6293077677333585
7560 -0.5975646217609167
7561 -0.5700583604171001
7562 -0.5439121181746174
7563 -0.5210906955273629
7564 -0.5018973664744664
7565 -0.490712413710277
7566 -0.4835995588907309
7567 -0.4801582743836832
7568 -0.4840622224711169
7569 -0.4913462815830698
7570 -0.5039646209004047
7571 -0.5195977962431044
7572 -0.5354071677154906
7573 -0.5577840862498462
7574 -0.5871782929350076
7575 -0.6161600764750617
7576 -0.648768126440892
7577 -0.6913343758587445
7578 -0.7373875324953332
7579 -0.7851740410206958
7580 -0.8395637805136715
7581 -0.8984441872124549
7582 -0.9648064379013945
7583 -1.04054869708046
7584 -1.114596383162919
7585 -1.194892178628301
7586 -1.281594409640917
7587 -1.374533446292894
7588 -1.472722730682264
7589 -1.577995526715441
7590 -1.681312948461056
7591 -1.79102177034472
7592 -1.904876573597363
7593 -2.026193667732144
7594 -2.152377789882145
7595 -2.284947535164569
7596 -2.419810888131842
7597 -2.555109861971843
7598 -2.694523752993774
7599 -2.838258092829797
7600 -2.985610868332209
7601 -3.136107208392957
7602 -3.290261609240083
7603 -3.449950663220832
7604 -3.609090324222336
7605 -3.770471530846258
7606 -3.931249462341015
7607 -4.095914701953234
7608 -4.267218020189318
7609 -4.437907166272105
7610 -4.611874768581103
7611 -4.78470190683155
7612 -4.957201727019367
7613 -5.123315244928783
7614 -5.292717084147384
7615 -5.470855151527665
7616 -5.633554721575543
7617 -5.805869176455154
7618 -5.973790519369601
7619 -6.149553279036375
7620 -6.317674737675326
7621 -6.49066238007147
7622 -6.66461161990263
7623 -6.842479078854893
7624 -7.002671675952612
7625 -7.138167186787896
7626 -7.2639384697287
7627 -7.381457398889047
7628 -7.486309084572902
7629 -7.582717621665083
7630 -7.682224722820308
7631 -7.768167975766175
7632 -7.850750772161184
7633 -7.929009673605243
7634 -8.00481603564166
7635 -8.074437165472041
7636 -8.141200150270159
7637 -8.199423034472957
7638 -8.255644558523862
7639 -8.308645753031428
7640 -8.360343029271462
7641 -8.406086270083257
7642 -8.452510123682984
7643 -8.495120382139405
7644 -8.539190805401283
7645 -8.569732883670774
7646 -8.597756714364493
7647 -8.624288087085667
7648 -8.648400620812332
7649 -8.666220376236566
7650 -8.687906993156986
7651 -8.694773454638629
7652 -8.696869367054958
7653 -8.698488982765667
7654 -8.693708187279839
7655 -8.682497794862634
7656 -8.671001410934053
7657 -8.653832111676749
7658 -8.636271307939687
7659 -8.616036916874002
7660 -8.584130588038185
7661 -8.553234903045798
7662 -8.522581010184645
7663 -8.481665085399243
7664 -8.437952577056677
7665 -8.394146533641823
7666 -8.33717418075836
7667 -8.276618871557254
7668 -8.215494876226998
7669 -8.144152667028564
7670 -8.070136853810354
7671 -8.001025479303671
7672 -7.9205822725499
7673 -7.836846777965768
7674 -7.74859964272855
7675 -7.662516304203763
7676 -7.564567539809225
7677 -7.464102091738347
7678 -7.359050445568606
7679 -7.25454939762372
7680 -7.137641265586105
7681 -7.02448263954502
7682 -6.899051602291003
7683 -6.776395572788466
7684 -6.65241586170761
7685 -6.524363081644012
7686 -6.393116983798841
7687 -6.267918009507767
7688 -6.128207023782295
7689 -5.999080088135301
7690 -5.864242174888034
7691 -5.727005863088998
7692 -5.575192928425899
7693 -5.432965708324069
7694 -5.289194146408256
7695 -5.140973456701332
7696 -4.986212266863539
7697 -4.838243485692921
7698 -4.678683493678427
7699 -4.523876204338954
7700 -4.361747743639754
7701 -4.194922070989101
7702 -4.029937087324676
7703 -3.866545692837363
7704 -3.694603029426794
7705 -3.529890286122601
7706 -3.357216510824841
7707 -3.177188997463908
7708 -3.000810651339592
7709 -2.828340081081166
7710 -2.650364057496752
7711 -2.479542384381226
7712 -2.307802214259965
7713 -2.128304069760645
7714 -1.951124434822304
7715 -1.775394864925779
7716 -1.594840479909536
7717 -1.414874740213449
7718 -1.243034021558358
7719 -1.067832017861747
7720 -0.8915633063966482
7721 -0.7170095151687761
7722 -0.5435766336790806
7723 -0.3717753871301639
7724 -0.2026119771178827
7725 -0.02839821588102609
7726 0.1329060876939465
7727 0.2957036198601486
7728 0.4562415898094514
7729 0.6127860752632088
7730 0.7649103838034108
7731 0.9185280463701702
7732 1.060613522795649
7733 1.204928155755724
7734 1.345887059679519
7735 1.48176500851536
7736 1.61199265561023
7737 1.73436315019287
7738 1.841625600990994
7739 1.946181455499968
7740 2.041395293378088
7741 2.127417907310033
7742 2.203259531963702
7743 2.269753619157612
7744 2.316495952019835
7745 2.358117176460802
7746 2.3801048120065
7747 2.381288634925824
7748 2.367896667114799
7749 2.33673236113686
7750 2.282263108566355
7751 2.218841724592401
7752 2.139915453856588
7753 2.037713106292898
7754 1.931807096183917
7755 1.816607167080662
7756 1.698189559209553
7757 1.58253943619043
7758 1.470655482801526
7759 1.356444743956942
7760 1.263169434547692
7761 1.180297694720529
7762 1.109441010258237
7763 1.052941051752626
7764 1.011058114919166
7765 0.9753367030045652
7766 0.9569987088633027
7767 0.9463773772432447
7768 0.9520618770585898
7769 0.9675102839831737
7770 0.9997559553637458
7771 1.034808815644666
7772 1.084301302449219
7773 1.135892405804405
7774 1.194750227516117
7775 1.254391029966911
7776 1.320733304687018
7777 1.381075184408409
7778 1.445281640560168
7779 1.506168969551233
7780 1.569413931199399
7781 1.634223375197791
7782 1.701794906295675
7783 1.760766086187402
7784 1.825946078652144
7785 1.886217190526942
7786 1.949887801832816
7787 2.005689430563017
7788 2.06313457458738
7789 2.118458799907977
7790 2.175995409027621
7791 2.231525377915609
7792 2.286672687469427
7793 2.340314501904984
7794 2.397219975309298
7795 2.453134192818396
7796 2.511708058706681
7797 2.566530801123818
7798 2.621344431371554
7799 2.673011904944985
7800 2.723789833832015
7801 2.770912276985854
7802 2.82356380036348
7803 2.872561671649741
7804 2.921137543364438
7805 2.966806009003861
7806 3.014043148057425
7807 3.06092563136167
7808 3.1116875002079
7809 3.15882365322949
7810 3.206981908775951
7811 3.254612241352262
7812 3.303358956200512
7813 3.348249679742921
7814 3.394443620277251
7815 3.437403353523557
7816 3.480075607535994
7817 3.522941980501663
7818 3.565010515918786
7819 3.604424268987458
7820 3.647936619707167
7821 3.689191002119415
7822 3.730397111296455
7823 3.775691295911066
7824 3.814963030014319
7825 3.855833758967918
7826 3.895717239784254
7827 3.932495576217867
7828 3.977774519884115
7829 4.01578784304516
7830 4.054434861243315
7831 4.091161556499053
7832 4.134169255310312
7833 4.16768500873248
7834 4.20399071039477
7835 4.240079506024781
7836 4.284143315224803
7837 4.319069465255431
7838 4.353090787208622
7839 4.397881350916926
7840 4.433802546432183
7841 4.472206267244285
7842 4.51959337218608
7843 4.555514204502881
7844 4.591896232784158
7845 4.634793833584062
7846 4.669785107722259
7847 4.704459180823367
7848 4.748931961184507
7849 4.782858269556105
7850 4.82062043114448
7851 4.867049785773929
7852 4.903755013704117
7853 4.941039923938252
7854 4.988196936705684
7855 5.024347755617335
7856 5.064467638007734
7857 5.114315662963563
7858 5.153502707510569
7859 5.19421656286513
7860 5.2444369380102
7861 5.286148857170467
7862 5.329769400799961
7863 5.372402836006462
7864 5.427095433729164
7865 5.467404561559846
7866 5.510873158521836
7867 5.566167997525227
7868 5.60755967778541
7869 5.651393854219407
7870 5.700593018290355
7871 5.758608722890173
7872 5.804062029656865
7873 5.850306033862104
7874 5.898869836688728
7875 5.946775143844434
7876 6.007152724506934
7877 6.052367869033137
7878 6.101823947299479
7879 6.151378035603173
7880 6.204484582052896
7881 6.256339979906215
7882 6.310547795567391
7883 6.377080702104266
7884 6.431764424435215
7885 6.479498516633079
7886 6.534196182924696
7887 6.590309954982153
7888 6.644952000957883
7889 6.700063048416549
7890 6.757433554114257
7891 6.804765517811596
7892 6.860510324845819
7893 6.91750235847848
7894 6.970735776688809
7895 7.024110060417328
7896 7.077758620799894
7897 7.129776366895499
7898 7.181405459526459
7899 7.234109059013669
7900 7.284875129904002
7901 7.33541158147067
7902 7.386468913722187
7903 7.435743348597693
7904 7.482888540735509
7905 7.531655865991972
7906 7.57760041284342
7907 7.622801639092408
7908 7.667325114594046
7909 7.711380879447361
7910 7.752972955529184
7911 7.794332597014783
7912 7.832354065701328
7913 7.869707743394919
7914 7.904411968068178
7915 7.939312815333182
7916 7.971055912940869
7917 8.001324342284796
7918 8.032065180382688
7919 8.06031075012417
7920 8.086522356394877
7921 8.111368412324889
7922 8.136053548258545
7923 8.158712091694159
7924 8.177677944295368
7925 8.194144974950802
7926 8.211578324130944
7927 8.226343110615737
7928 8.238823425975916
7929 8.251148619872964
7930 8.260857624060552
7931 8.267994388419659
7932 8.272114228537532
7933 8.273303131965903
7934 8.274606104304635
7935 8.275836943322926
7936 8.273667285108655
7937 8.272815188841825
7938 8.262966070722797
7939 8.256181470244005
7940 8.247217132824609
7941 8.230932496463318
7942 8.219702499920395
7943 8.207243512667297
7944 8.191786539625934
7945 8.172419806708518
7946 8.150422082154062
7947 8.12706213644951
7948 8.100691647561533
7949 8.072373614275644
7950 8.045148074520444
7951 8.015505894545768
7952 7.982905836573586
7953 7.94832673014588
7954 7.912826099584535
7955 7.875360063071327
7956 7.837436869959504
7957 7.797207733597649
7958 7.74900511568601
7959 7.704949280999465
7960 7.659982524793769
7961 7.609586932026176
7962 7.560327020815912
7963 7.511275192245719
7964 7.462165746992564
7965 7.41114890385785
7966 7.359655262997158
7967 7.307942209709356
7968 7.256529128214293
7969 7.204814663251238
7970 7.152618765162625
7971 7.100081505859553
7972 7.044952028696351
7973 6.98795336705993
7974 6.930937178311662
7975 6.874724740628086
7976 6.819193856495147
7977 6.763701165713236
7978 6.708250558672283
7979 6.651976720504415
7980 6.595210026114238
7981 6.536970634210633
7982 6.47887185800036
7983 6.420533117534802
7984 6.361895024941067
7985 6.302799312686957
7986 6.243420110167186
7987 6.18327237921886
7988 6.127492632650991
7989 6.064743110456448
7990 6.007778549066693
7991 5.944681710615374
7992 5.887687157934181
7993 5.828738848442292
7994 5.768657902973086
7995 5.700672851335355
7996 5.641465464541874
7997 5.580317170644385
7998 5.518086781472558
7999 5.453908266808902
8000 5.391371417843651
8001 5.327747081424164
8002 5.263856186402933
8003 5.199005287181556
8004 5.13267089050542
8005 5.066914097053843
8006 5.000393817527311
8007 4.933363645436053
8008 4.865211060305654
8009 4.795058077936897
8010 4.72734451294917
8011 4.658302801395031
8012 4.587937345847436
8013 4.516511869943198
8014 4.445777967961693
8015 4.373190145863202
8016 4.299334193107086
8017 4.224705437027055
8018 4.149238313645913
8019 4.072723648573103
8020 3.994239133320278
8021 3.914109980401797
8022 3.832554473946296
8023 3.749097995913488
8024 3.662756618246654
8025 3.575718386743631
8026 3.495314489055282
8027 3.408226925078893
8028 3.317245605962974
8029 3.221928619903608
8030 3.122294670439331
8031 3.020574686246576
8032 2.915397361732168
8033 2.806278563753914
8034 2.694589780887377
8035 2.579507065724634
8036 2.460705635226319
8037 2.339301111441422
8038 2.214547555381309
8039 2.086399433231328
8040 1.954987886317035
8041 1.819981430004425
8042 1.681850725877233
8043 1.540261396459165
8044 1.39553268936433
8045 1.247418590904346
8046 1.09655356124032
8047 0.9425224173157289
8048 0.7857101342284594
8049 0.6259398550636703
8050 0.4634112339730052
8051 0.298031890070888
8052 0.130141949096469
8053 -0.04034520645706152
8054 -0.2136442853526219
8055 -0.3900249881129909
8056 -0.5693431111479583
8057 -0.7512629855980251
8058 -0.9352288767618191
8059 -1.120573413336309
8060 -1.307506709614188
8061 -1.495940096592285
8062 -1.684449473964264
8063 -1.875078971199777
8064 -2.06794077047158
8065 -2.262479410190856
8066 -2.458361768430272
8067 -2.656774625646371
8068 -2.857982497808344
8069 -3.062057998487909
8070 -3.26744728165081
8071 -3.473945676369766
8072 -3.681854641748686
8073 -3.890556183537633
8074 -4.100587170525849
8075 -4.318426151119979
8076 -4.539792628493366
8077 -4.762916139432662
8078 -4.988397381025955
8079 -5.217902413125401
8080 -5.45237680233771
8081 -5.693116957147609
8082 -5.940092385520444
8083 -6.19562677074714
8084 -6.460996310770774
8085 -6.740347500352492
8086 -7.037372235622676
8087 -7.363978631961871
8088 -7.746517567040904
8089 -8.252929573839971
8090 -9.054734222667697
8091 -10.47202108664104
8092 -11.77911655219496
8093 -12.49533342112338
8094 -12.9537981717309
8095 -13.28313672425777
8096 -13.52919482289214
8097 -13.72296083611693
8098 -13.87754204519071
8099 -14.00540645722979
8100 -14.11467943136071
8101 -14.21087066030864
8102 -14.29501985366503
8103 -14.36838419306842
8104 -14.43107593481869
8105 -14.47716831523217
8106 -14.51620056293483
8107 -14.54952748837869
8108 -14.57454400885543
8109 -14.59057082533389
8110 -14.5981345888264
8111 -14.59829700662546
8112 -14.59079377451657
8113 -14.5764302483322
8114 -14.55473512888199
8115 -14.52619149923111
8116 -14.49023323527834
8117 -14.44792903374824
8118 -14.39977663009015
8119 -14.34662095001514
8120 -14.28881527182977
8121 -14.22616125653999
8122 -14.15885570696836
8123 -14.08676743028586
8124 -14.00950433859045
8125 -13.92758286898869
8126 -13.84126516189764
8127 -13.75048576140716
8128 -13.65554280285834
8129 -13.55720976588854
8130 -13.45491133590529
8131 -13.34895294172554
8132 -13.23892058059606
8133 -13.12482824621985
8134 -13.00724485049511
8135 -12.8864697057037
8136 -12.75396360853176
8137 -12.62159942281549
8138 -12.48820693010138
8139 -12.35394221853468
8140 -12.2188826610723
8141 -12.0723903773494
8142 -11.92653337331965
8143 -11.78133288912655
8144 -11.63576971819722
8145 -11.48978040247619
8146 -11.34494498551159
8147 -11.19734545482181
8148 -11.04741921573067
8149 -10.89578561478531
8150 -10.74210655284406
8151 -10.58812738357955
8152 -10.43117523284544
8153 -10.27080086584871
8154 -10.1070489534825
8155 -9.938889526545367
8156 -9.769293092762069
8157 -9.598321192565358
8158 -9.414711951988046
8159 -9.218068181228894
8160 -9.004765346971084
8161 -8.781583618811837
8162 -8.549979619110708
8163 -8.298184000575652
8164 -8.104272723649117
8165 -7.967138434967083
8166 -7.860093852651957
8167 -7.753288898922428
8168 -7.65326420129152
8169 -7.558351428501155
8170 -7.470670476234396
8171 -7.387984222482977
8172 -7.312982968083908
8173 -7.241015970129887
8174 -7.172833549534182
8175 -7.106536737833366
8176 -7.045813607605815
8177 -6.986789345513451
8178 -6.915820485223264
8179 -6.851753372292059
8180 -6.79604520193827
8181 -6.730106952062577
8182 -6.672718268757151
8183 -6.619248588470356
8184 -6.571653502232614
8185 -6.525714910033699
8186 -6.482192466826064
8187 -6.43982442653855
8188 -6.400011191636708
8189 -6.346638590141261
8190 -6.284557228163322
8191 -6.234040915605306
8192 -6.191412012348117
8193 -6.153451028903589
8194 -6.118006285314671
8195 -6.084512087813472
8196 -6.054326217108297
8197 -6.024744380347599
8198 -5.996308752524655
8199 -5.968719791900547
8200 -5.943188411615338
8201 -5.918618873430596
8202 -5.894516159932842
8203 -5.872428187244914
8204 -5.850685125997273
8205 -5.830708437023773
8206 -5.81095124652915
8207 -5.795952374804003
8208 -5.782729412324422
8209 -5.770714713066745
8210 -5.761732809271336
8211 -5.754816469494934
8212 -5.750802379841979
8213 -5.750250354411612
8214 -5.752130817970802
8215 -5.756632541995081
8216 -5.765008713428251
8217 -5.775842642002416
8218 -5.791962529098186
8219 -5.81131561709843
8220 -5.833527949357354
8221 -5.859940374646044
8222 -5.888860363934064
8223 -5.921842813049707
8224 -5.956834159045279
8225 -5.998493139603546
8226 -6.043446617228646
8227 -6.090970132631355
8228 -6.143812005004698
8229 -6.1987798222534
8230 -6.257462722122128
8231 -6.319115699845554
8232 -6.387393407011743
8233 -6.457986203751986
8234 -6.531796920458405
8235 -6.609238253437944
8236 -6.691389117910113
8237 -6.776752897446009
8238 -6.865669258162328
8239 -6.957814430536999
8240 -7.055209567202155
8241 -7.155070214648482
8242 -7.257963708694156
8243 -7.364446538769506
8244 -7.475851160454901
8245 -7.588825451584128
8246 -7.705036945570271
8247 -7.824609084424608
8248 -7.94857925821826
8249 -8.07428948967393
8250 -8.202921105294969
8251 -8.334780590618379
8252 -8.470394370899776
8253 -8.607744787271642
8254 -8.74727704991426
8255 -8.889867283447401
8256 -9.034433991716909
8257 -9.18091028026749
8258 -9.32902256293125
8259 -9.480365392083044
8260 -9.632798204255067
8261 -9.788094164176719
8262 -9.943201399934395
8263 -10.09949608838247
8264 -10.25657172093716
8265 -10.41474061408906
8266 -10.57312630319582
8267 -10.73240455649835
8268 -10.89136949423529
8269 -11.05061009039875
8270 -11.21015525876028
8271 -11.36931106354845
8272 -11.52788330709355
8273 -11.68662196773141
8274 -11.84334825491819
8275 -11.99894977109243
8276 -12.15425105026689
8277 -12.30829633355878
8278 -12.461424599056
8279 -12.61465416897462
8280 -12.76723025789108
8281 -12.92050918523116
8282 -13.07538472822617
8283 -13.23383876252444
8284 -13.3978642118951
8285 -13.55902788611083
8286 -13.69550693189063
8287 -13.81649682146589
8288 -13.92793132129226
8289 -14.0308645024279
8290 -14.12646896774119
8291 -14.21605218522078
8292 -14.30104598717195
8293 -14.37998867053697
8294 -14.4540314418492
8295 -14.52521191660602
8296 -14.59274208384884
8297 -14.65802663577307
8298 -14.72024508385203
8299 -14.77931432795597
8300 -14.83531716047868
8301 -14.88871612669083
8302 -14.93976638833324
8303 -14.98803495228076
8304 -15.03318285733635
8305 -15.07530611862809
8306 -15.11435551576479
8307 -15.15006508857128
8308 -15.18305015907978
8309 -15.21260269379919
8310 -15.23930943558384
8311 -15.26321523541446
8312 -15.2842280326228
8313 -15.30218043235852
8314 -15.31714780742205
8315 -15.32856174408643
8316 -15.33658993615138
8317 -15.34031862958884
8318 -15.34508467096172
8319 -15.34783735677421
8320 -15.34394134653648
8321 -15.3356790533314
8322 -15.32414235882184
8323 -15.30966707987156
8324 -15.29243008267512
8325 -15.27233595461039
8326 -15.24959754480945
8327 -15.22460029847026
8328 -15.19743679674836
8329 -15.16749846047862
8330 -15.13462084257498
8331 -15.09889574366293
8332 -15.06024707861464
8333 -15.01849801678256
8334 -14.97324975691571
8335 -14.92625715053161
8336 -14.87796239771895
8337 -14.82833550368365
8338 -14.77704722566554
8339 -14.72412656997438
8340 -14.67000747967669
8341 -14.61535372570391
8342 -14.56031630288194
8343 -14.50498374004287
8344 -14.44916748238883
8345 -14.3918301920763
8346 -14.33429413160178
8347 -14.27786237248306
8348 -14.22096308627976
8349 -14.16547813834027
8350 -14.1098025717346
8351 -14.05610178657633
8352 -14.0019020626541
8353 -13.94912968419093
8354 -13.89615570281868
8355 -13.84485415007067
8356 -13.79598510132567
8357 -13.75124136743656
8358 -13.70509823337908
8359 -13.66112936182788
8360 -13.6182776246039
8361 -13.57856245791042
8362 -13.54126590608021
8363 -13.50835741380943
8364 -13.47806972028003
8365 -13.4534328889224
8366 -13.43299320758449
8367 -13.41914732201856
8368 -13.41218250419732
8369 -13.41530985578939
8370 -13.43030883581461
8371 -13.46254815619013
8372 -13.51785740699068
8373 -13.60796789085696
8374 -13.74937126337113
8375 -13.97796564791678
8376 -14.37305643333607
8377 -15.08616054835768
8378 -16.14655369313257
8379 -17.28827936896257
8380 -18.34063705933348
8381 -19.19968611439924
8382 -19.98740836066438
8383 -20.75185102618929
8384 -21.52413575817329
8385 -22.13236809156706
8386 -22.73712819065198
8387 -23.31634658881936
8388 -23.8547104927635
8389 -24.33730606508781
8390 -24.74455195358986
8391 -25.0739894552107
8392 -25.33623035191081
8393 -25.68349081036478
8394 -25.73940505633865
8395 -25.70390640119167
8396 -25.62132047245029
8397 -25.53183190447616
8398 -25.32385169060287
8399 -25.10770580518512
8400 -24.88869122278078
8401 -24.66855367564796
8402 -24.44916001268165
8403 -24.23110213584481
8404 -24.01128518016407
8405 -23.79077744321064
8406 -23.569589744021
8407 -23.34829939945872
8408 -23.12564486618245
8409 -22.90643824458065
8410 -22.68980586040002
8411 -22.47841145332533
8412 -22.25476477466091
8413 -22.02827095877996
8414 -21.79747139832327
8415 -21.54076893606147
8416 -21.28919370185586
8417 -21.06290050971607
8418 -20.8552977132268
8419 -20.6475256192419
8420 -20.4365972909462
8421 -20.22554051471864
8422 -20.01767743586715
8423 -19.81083886285236
8424 -19.60579717592409
8425 -19.40511263074434
8426 -19.20642585792245
8427 -19.0086091884873
8428 -18.81061039465067
8429 -18.61192139875246
8430 -18.41286449019242
8431 -18.21230526720655
8432 -18.01130897942564
8433 -17.8092646430737
8434 -17.60623337900653
8435 -17.40105902319044
8436 -17.19399379482562
8437 -16.98417359371506
8438 -16.77029817567569
8439 -16.55200658452781
8440 -16.33019293814593
8441 -16.1032017841184
8442 -15.86956779428544
8443 -15.62743397933632
8444 -15.37468675136702
8445 -15.10708778325216
8446 -14.81896612202202
8447 -14.50707875022977
8448 -14.14830739092322
8449 -13.75377526867798
8450 -13.25083038597354
8451 -12.88607060362504
8452 -12.44620069936981
8453 -12.28741143928848
8454 -12.23095653168016
8455 -12.11248774603281
8456 -11.94983049829031
8457 -11.7658609396461
8458 -11.56618061130376
8459 -11.36274285706669
8460 -11.16341715314719
8461 -10.96992242292793
8462 -10.78253342109459
8463 -10.60039396025935
8464 -10.42296053360135
8465 -10.2499231744068
8466 -10.08069486152796
8467 -9.915570072810823
8468 -9.754355530219385
8469 -9.596255874222173
8470 -9.44061791562757
8471 -9.28729310222456
8472 -9.135792410818311
8473 -8.986196515624528
8474 -8.838172165228471
8475 -8.691752941003898
8476 -8.546581958660205
8477 -8.402638932591451
8478 -8.259789258747638
8479 -8.118296396565405
8480 -7.977897377128436
8481 -7.838516640946423
8482 -7.700103839663491
8483 -7.562664677570552
8484 -7.426234987188494
8485 -7.290676672089511
8486 -7.156099986375857
8487 -7.022012204556269
8488 -6.889425779483311
8489 -6.75689509485845
8490 -6.625880529353623
8491 -6.495571245538883
8492 -6.366746888771644
8493 -6.23832275114259
8494 -6.111508095167743
8495 -5.985195949758086
8496 -5.860569666045826
8497 -5.736464907896469
8498 -5.613811052131744
8499 -5.491800627178534
8500 -5.371108377369005
8501 -5.25132615695496
8502 -5.132691223171712
8503 -5.015011388049331
8504 -4.898363032641555
8505 -4.782615162578388
8506 -4.667844852734888
8507 -4.554338821094028
8508 -4.441893993662482
8509 -4.330765626442172
8510 -4.220718289932854
8511 -4.112048686112274
8512 -4.004583871303169
8513 -3.898561232815467
8514 -3.793787213896337
8515 -3.690302740893344
8516 -3.587925684854866
8517 -3.487114446804398
8518 -3.387453244813095
8519 -3.2896524212522
8520 -3.192883648191689
8521 -3.097874296655533
8522 -3.003950665865531
8523 -2.911754175855066
8524 -2.820667135943353
8525 -2.731376445030222
8526 -2.643211258436999
8527 -2.556921773690661
8528 -2.471725812496267
8529 -2.388489283336867
8530 -2.306240580551552
8531 -2.226075518234964
8532 -2.146883063401006
8533 -2.069973248335195
8534 -1.9939407543987
8535 -1.920312669047291
8536 -1.847567808840481
8537 -1.777403226835972
8538 -1.707866568892477
8539 -1.640729254625938
8540 -1.574009130067125
8541 -1.509687896902726
8542 -1.445826950398256
8543 -1.38421974463725
8544 -1.323198035061523
8545 -1.265225574465525
8546 -1.206919660038125
8547 -1.152064083430922
8548 -1.096450979297003
8549 -1.044427344828897
8550 -0.9928463948072661
8551 -0.9433474022541546
8552 -0.894650669202413
8553 -0.848724279616782
8554 -0.8023128374006632
8555 -0.7590638158838203
8556 -0.7164645033470478
8557 -0.6756614198846762
8558 -0.6359814714981695
8559 -0.5989361062814709
8560 -0.5616528650753807
8561 -0.5270369882271169
8562 -0.4935200913440667
8563 -0.461272535217411
8564 -0.4306965084078556
8565 -0.4017889668534949
8566 -0.3741751347727273
8567 -0.3484185157886799
8568 -0.3234112089865491
8569 -0.3000992240109142
8570 -0.2784867306152137
8571 -0.2579499945261858
8572 -0.2391959255542204
8573 -0.2225026617828121
8574 -0.2069142730714262
8575 -0.1927655367570793
8576 -0.1803673423231871
8577 -0.1694489972898836
8578 -0.1604774608127855
8579 -0.1530824663187076
8580 -0.1464914973754858
8581 -0.1418581542317057
8582 -0.1393284951634612
8583 -0.1379719608945535
8584 -0.1387138826518211
8585 -0.1406074746656074
8586 -0.1446522806063726
8587 -0.1498251489102174
8588 -0.1570074741868837
8589 -0.1655759340782339
8590 -0.1760102213181085
8591 -0.1880070595154351
8592 -0.2018740513921244
8593 -0.2173386664588861
8594 -0.2348620191689434
8595 -0.2537417222096394
8596 -0.2747524186736001
8597 -0.2969074349080429
8598 -0.3211569080738528
8599 -0.3469051347804992
8600 -0.3749238946880311
8601 -0.4043169042763211
8602 -0.4364169579269515
8603 -0.4698923117646956
8604 -0.5056566006705054
8605 -0.542716161330226
8606 -0.5821075579184409
8607 -0.6228423330338941
8608 -0.6661868630355414
8609 -0.7104056866178254
8610 -0.7570266102985812
8611 -0.804908154780712
8612 -0.8552303997610906
8613 -0.9066986647435442
8614 -0.9608767931501916
8615 -1.016161652127096
8616 -1.073868667412199
8617 -1.132918471252431
8618 -1.194569359727076
8619 -1.257640505564453
8620 -1.323469160378394
8621 -1.390783979335552
8622 -1.460658777170501
8623 -1.531589424299099
8624 -1.604991850042126
8625 -1.679795257979613
8626 -1.757215237176595
8627 -1.835878645789727
8628 -1.917025260163761
8629 -1.999518036081
8630 -2.084125821528261
8631 -2.169986829333297
8632 -2.257593480246008
8633 -2.346075581860184
8634 -2.436544043860678
8635 -2.528330103677462
8636 -2.622341365953275
8637 -2.717520873527498
8638 -2.814365901447751
8639 -2.912186526724895
8640 -3.011584058284328
8641 -3.112134329831932
8642 -3.214433415615332
8643 -3.317526912442432
8644 -3.421968924330486
8645 -3.527129195891064
8646 -3.633509775863338
8647 -3.740407786967637
8648 -3.848828076912639
8649 -3.957778567024171
8650 -4.067596203497182
8651 -4.17805703036737
8652 -4.289741186716526
8653 -4.402060108215913
8654 -4.515227215795463
8655 -4.628979973624212
8656 -4.743560736862541
8657 -4.858303637126653
8658 -4.97370819737953
8659 -5.089496700864331
8660 -5.205784253182188
8661 -5.321993287281636
8662 -5.438546269761012
8663 -5.555314353979846
8664 -5.672201348466679
8665 -5.789208200687554
8666 -5.906585715552922
8667 -6.023981769729254
8668 -6.141777638817025
8669 -6.259682076241134
8670 -6.377925011181794
8671 -6.496542457586202
8672 -6.615073850944732
8673 -6.733687124473697
8674 -6.85257501234517
8675 -6.971277911861833
8676 -7.089983933801101
8677 -7.208663423410115
8678 -7.327144880431298
8679 -7.445603642683238
8680 -7.564185379155745
8681 -7.682645615462171
8682 -7.801289636603045
8683 -7.919998395382024
8684 -8.038938487507096
8685 -8.15821054068234
8686 -8.27802610072181
8687 -8.398280861259551
8688 -8.519034278879985
8689 -8.640430390760486
8690 -8.762412514437031
8691 -8.88497847953429
8692 -9.008163637381102
8693 -9.131920277091645
8694 -9.256449435121574
8695 -9.381699482535602
8696 -9.507958039844247
8697 -9.635110633414264
8698 -9.763245465467101
8699 -9.892593648736039
8700 -10.02309417695258
8701 -10.15480137463717
8702 -10.28787356881139
8703 -10.42248161447426
8704 -10.55888065255802
8705 -10.69671167114224
8706 -10.83617984157502
8707 -10.9772039239847
8708 -11.11982028770716
8709 -11.26403281423879
8710 -11.40942456918858
8711 -11.55629094191981
8712 -11.704756856417
8713 -11.85454340094644
8714 -12.0058847420647
8715 -12.15879140933209
8716 -12.31312700991199
8717 -12.46891838820697
8718 -12.62619829960688
8719 -12.78491281039528
8720 -12.94505787390064
8721 -13.10663623944632
8722 -13.26965980514804
8723 -13.4340720170873
8724 -13.5998164879972
8725 -13.76686313967354
8726 -13.9352251170658
8727 -14.10492379460118
8728 -14.27603661612176
8729 -14.44879862554392
8730 -14.62330572498244
8731 -14.79972956122432
8732 -14.9782543082155
8733 -15.159217959762
8734 -15.34266127240442
8735 -15.52864981711328
8736 -15.71781624017059
8737 -15.91070663101662
8738 -16.10730692544575
8739 -16.30783450045906
8740 -16.51243075720985
8741 -16.72248701085788
8742 -16.93840819737584
8743 -17.16099401330356
8744 -17.39180605561121
8745 -17.63251879542058
8746 -17.88535416605382
8747 -18.15337598542639
8748 -18.44337093593477
8749 -18.7688278563877
8750 -19.16501513052926
8751 -19.72982355529364
8752 -20.69341305837547
8753 -21.84052401661094
8754 -22.79921253474941
8755 -23.84272350068934
8756 -24.66593885485425
8757 -25.11241155711407
8758 -25.44770009412463
8759 -25.71258286557674
8760 -25.93190087411593
8761 -26.11895110916221
8762 -26.28105127284439
8763 -26.42569588893129
8764 -26.55598831660095
8765 -26.67547009565967
8766 -26.78670286501634
8767 -26.88895366123013
8768 -26.98365190269889
8769 -27.07153958795165
8770 -27.1520648637329
8771 -27.22749803536227
8772 -27.2980821136282
8773 -27.3649855583727
8774 -27.42805699863941
8775 -27.48685227215518
8776 -27.54189105408065
8777 -27.5933743862938
8778 -27.64243027819584
8779 -27.68979473806233
8780 -27.73569826958546
8781 -27.78061370401382
8782 -27.82407243656354
8783 -27.86653195968478
8784 -27.90844652126659
8785 -27.95009239102849
8786 -27.99163833794045
8787 -28.03319840775812
8788 -28.07433177817941
8789 -28.11579864377053
8790 -28.15811412575471
8791 -28.20115662534993
8792 -28.2446666758777
8793 -28.28924204956567
8794 -28.33481159268273
8795 -28.3815127018768
8796 -28.42944859848092
8797 -28.47852442688725
8798 -28.52856431049621
8799 -28.58010416394694
8800 -28.63318178896719
8801 -28.68759949863811
8802 -28.74346280942104
8803 -28.80096388079295
8804 -28.86012223773098
8805 -28.92088005643001
8806 -28.98337943003267
8807 -29.04755278134652
8808 -29.113507134255
8809 -29.18123271317961
8810 -29.25057269260584
8811 -29.32167632474975
8812 -29.39454481875432
8813 -29.46913510751036
8814 -29.54543750139283
8815 -29.62365798847211
8816 -29.70354306351949
8817 -29.78499417497007
8818 -29.86789798938479
8819 -29.95226954916927
8820 -30.03798956261058
8821 -30.12498523151806
8822 -30.21316706232071
8823 -30.3026141119677
8824 -30.39318463352362
8825 -30.4847469451302
8826 -30.57725384007797
8827 -30.67062864797713
8828 -30.76480504596079
8829 -30.85970469054108
8830 -30.95525568664569
8831 -31.05139879394869
8832 -31.14821292034701
8833 -31.24560508331088
8834 -31.34346765038361
8835 -31.441721089681
8836 -31.54035703710092
8837 -31.63928857546483
8838 -31.73851384201763
8839 -31.83800688116654
8840 -31.93773721458597
8841 -32.03768404432812
8842 -32.13778854419657
8843 -32.23802885770858
8844 -32.338351585161
8845 -32.43866653333871
8846 -32.53887355700755
8847 -32.63889432014722
8848 -32.73869584702384
8849 -32.8382100814833
8850 -32.93739082023075
8851 -33.03603284451095
8852 -33.1340571256746
8853 -33.23137897415265
8854 -33.32791698323546
8855 -33.42359400105266
8856 -33.51835598048581
8857 -33.61212589351333
8858 -33.70482365654722
8859 -33.79639499186492
8860 -33.8867619233534
8861 -33.97586733963921
8862 -34.06365716104082
8863 -34.1501131859129
8864 -34.23519007745983
8865 -34.31886391217802
8866 -34.4010940510922
8867 -34.48186095507995
8868 -34.56114000821466
8869 -34.63893555950364
8870 -34.71525265461551
8871 -34.7900572121648
8872 -34.86335609278012
8873 -34.93517506358575
8874 -35.00553672567818
8875 -35.07442422497146
8876 -35.1418336869942
8877 -35.20778564995149
8878 -35.27229617962593
8879 -35.33537115316798
8880 -35.39705079593821
8881 -35.457384069049
8882 -35.51637942003288
8883 -35.5740620205411
8884 -35.6304525092975
8885 -35.68555583293189
8886 -35.73941340831055
8887 -35.79205722068962
8888 -35.84346336335854
8889 -35.8936825569733
8890 -35.94274317519045
8891 -35.99066423163165
8892 -36.03747630384615
8893 -36.08319175387411
8894 -36.12781672621511
8895 -36.17136693867375
8896 -36.21385873200419
8897 -36.25531380663028
8898 -36.29575785283807
8899 -36.33518711265791
8900 -36.37364758240903
8901 -36.41116141920146
8902 -36.44779642664443
8903 -36.48360848047783
8904 -36.51866093031169
8905 -36.55303920386522
8906 -36.58681364488267
8907 -36.62001405242459
8908 -36.65273051320112
8909 -36.68499917076421
8910 -36.71684585595936
8911 -36.74842221611215
8912 -36.77962392094307
8913 -36.81048549551872
8914 -36.84108791157114
8915 -36.87147638734869
8916 -36.90167677975356
8917 -36.93170363139102
8918 -36.96154793809261
8919 -36.99124059438142
8920 -37.02079988191409
8921 -37.05023137340022
8922 -37.07954547779085
8923 -37.10875644912704
8924 -37.13787963458229
8925 -37.16691400546215
8926 -37.19586470852971
8927 -37.22472881709583
8928 -37.25353109012051
8929 -37.28226257133669
8930 -37.31091579730181
8931 -37.33950043360592
8932 -37.36818146940293
8933 -37.39679788726184
8934 -37.42523439623471
8935 -37.45351474853337
8936 -37.48164287940695
8937 -37.5096279421733
8938 -37.53741938472618
8939 -37.56496788146506
8940 -37.59228307339743
8941 -37.61931404037533
8942 -37.64601876473191
8943 -37.67238913369505
8944 -37.69840053120994
8945 -37.72399624866605
8946 -37.74915082940819
8947 -37.77387638917115
8948 -37.79818486694329
8949 -37.82200739393654
8950 -37.8452254749198
8951 -37.8678177530351
8952 -37.88973181437653
8953 -37.91096314316175
8954 -37.9314758186595
8955 -37.95126088291716
8956 -37.9702687035809
8957 -37.98852052378289
8958 -38.00598198190125
8959 -38.02262668208849
8960 -38.03836690540612
8961 -38.05316699026172
8962 -38.067037924426
8963 -38.07989570135891
8964 -38.09164259194501
8965 -38.10223669137866
8966 -38.11164297149982
8967 -38.11984715981612
8968 -38.1267896635225
8969 -38.13244452905792
8970 -38.13675944221109
8971 -38.13967708252464
8972 -38.14117338935866
8973 -38.14117889266337
8974 -38.13964821313888
8975 -38.13660800040628
8976 -38.13195486612277
8977 -38.12566856855229
8978 -38.11771244624191
8979 -38.10799305496636
8980 -38.09649742740928
8981 -38.08320655043813
8982 -38.06807963836704
8983 -38.05105658287403
8984 -38.03212447390661
8985 -38.01124845447037
8986 -37.988372689625
8987 -37.96341095347442
8988 -37.93626474600372
8989 -37.90686084827454
8990 -37.87512144358832
8991 -37.84102797241174
8992 -37.80456822674712
8993 -37.76578476867656
8994 -37.72472290245016
8995 -37.68149721594516
8996 -37.63604591781594
8997 -37.58836155192594
8998 -37.53850834404777
8999 -37.48642377416868
9000 -37.4321447002898
9001 -37.37568268791684
9002 -37.31701395197374
9003 -37.25617997332043
9004 -37.19322698099727
9005 -37.12807960909281
9006 -37.06073689849286
9007 -36.99114151101325
9008 -36.91928881015117
9009 -36.84516071170443
9010 -36.76881429229483
9011 -36.69027758568669
9012 -36.60934728911851
9013 -36.5258778436694
9014 -36.44019957871973
9015 -36.35250042964979
9016 -36.26287464526344
9017 -36.17141760140313
9018 -36.07815042251222
9019 -35.98304717370586
9020 -35.88610785735872
9021 -35.78737900818216
9022 -35.68677556710254
9023 -35.58425650574916
9024 -35.47992155671474
9025 -35.37387179052152
9026 -35.26623323285654
9027 -35.15667634997402
9028 -35.04444050623355
9029 -34.93048976631682
9030 -34.81495910087218
9031 -34.69802987016363
9032 -34.57973234658309
9033 -34.45964977167565
9034 -34.33846072627072
9035 -34.21620567830035
9036 -34.09243199017246
9037 -33.96710731588421
9038 -33.84049398923029
9039 -33.71296498033769
9040 -33.58465015341054
9041 -33.45557202567667
9042 -33.32582757748195
9043 -33.1955887935497
9044 -33.06475183748315
9045 -32.9335299230705
9046 -32.80207342371055
9047 -32.67022298652965
9048 -32.53776269395043
9049 -32.40459519965837
9050 -32.27136381550417
9051 -32.13840643802961
9052 -32.00527335096399
9053 -31.87189650293988
9054 -31.73828198119331
9055 -31.60450573635136
9056 -31.47210873505564
9057 -31.33938615085863
9058 -31.20659882103496
9059 -31.07418676031182
9060 -30.94217661696213
9061 -30.81067108369977
9062 -30.67980324085948
9063 -30.54986950257525
9064 -30.42095635749803
9065 -30.29301835631163
9066 -30.16610094982481
9067 -30.04034009393698
9068 -29.91594388388661
9069 -29.79272548847759
9070 -29.67047553183373
9071 -29.54930949877073
9072 -29.42921847438161
9073 -29.31030756985088
9074 -29.1925917751504
9075 -29.07584546401213
9076 -28.96006872170173
9077 -28.8453978561381
9078 -28.73195851317394
9079 -28.61977603615534
9080 -28.50900748805624
9081 -28.39969749385586
9082 -28.29210254628835
9083 -28.1862655518696
9084 -28.08200974771076
9085 -27.97926478582416
9086 -27.87769374239873
9087 -27.77688640869835
9088 -27.67739788139342
9089 -27.57944729958296
9090 -27.48328387400365
9091 -27.38892070398835
9092 -27.29573396723742
9093 -27.20326010750348
9094 -27.11212284636014
9095 -27.02275465951629
9096 -26.93545997453983
9097 -26.85016534069171
9098 -26.76623068749197
9099 -26.6831175222419
9100 -26.60168612540139
9101 -26.522220355605
9102 -26.44459293851558
9103 -26.36920840024501
9104 -26.29531140149379
9105 -26.22234065561847
9106 -26.15013596105703
9107 -26.07928802900328
9108 -26.00998880640508
9109 -25.94182562873075
9110 -25.87544114565097
9111 -25.81021037118332
9112 -25.74540293406746
9113 -25.68076644158806
9114 -25.61631748802139
9115 -25.5522373421754
9116 -25.48861534590439
9117 -25.42508770002149
9118 -25.36220655305341
9119 -25.29912447672213
9120 -25.23562855367775
9121 -25.17151289470998
9122 -25.10696938280977
9123 -25.04153616310376
9124 -24.97504682986143
9125 -24.90832924983617
9126 -24.84100012008908
9127 -24.77314648189554
9128 -24.70316365182942
9129 -24.63263821945341
9130 -24.559444675432
9131 -24.48631596550151
9132 -24.41066043912284
9133 -24.33371455752457
9134 -24.25330162486025
9135 -24.17323226138965
9136 -24.09028731088672
9137 -24.00612078722759
9138 -23.91827058106112
9139 -23.82961710187026
9140 -23.73761172656523
9141 -23.64484575058275
9142 -23.54828100251849
9143 -23.44972431785929
9144 -23.34773664346933
9145 -23.24502467790011
9146 -23.1388242776002
9147 -23.02940455531191
9148 -22.91646835834607
9149 -22.80124523418719
9150 -22.68260158197958
9151 -22.56194478971442
9152 -22.43673392107405
9153 -22.30852914411479
9154 -22.17791785740684
9155 -22.04436657923615
9156 -21.90693126025791
9157 -21.76554236265407
9158 -21.6207519249983
9159 -21.47196365666185
9160 -21.32063204094501
9161 -21.16671635744424
9162 -21.00881725627629
9163 -20.84741014739412
9164 -20.68362988602207
9165 -20.51677004260986
9166 -20.34678876496538
9167 -20.17281831749962
9168 -19.99550138302202
9169 -19.81636621101809
9170 -19.634475178287
9171 -19.44982955479686
9172 -19.26349077920148
9173 -19.07323482389114
9174 -18.88172720537044
9175 -18.68768398041928
9176 -18.49145557736216
9177 -18.2914171542483
9178 -18.08889451823232
9179 -17.88471076028608
9180 -17.67889408916324
9181 -17.47069455953512
9182 -17.26102861348265
9183 -17.04993683642952
9184 -16.83819066779043
9185 -16.62320173018678
9186 -16.40714712507696
9187 -16.19003399229134
9188 -15.97124200744618
9189 -15.75061674654503
9190 -15.52837324022337
9191 -15.30592257066179
9192 -15.08317288324133
9193 -14.85966759935069
9194 -14.63529659002526
9195 -14.41043936778348
9196 -14.18584161752903
9197 -13.95992374831308
9198 -13.7331870140989
9199 -13.50547041371177
9200 -13.27700385701
9201 -13.04866058271008
9202 -12.82179935117734
9203 -12.59412371704982
9204 -12.36705044566588
9205 -12.14060598980066
9206 -11.91497599885675
9207 -11.68892194068268
9208 -11.4639590551148
9209 -11.23946255536988
9210 -11.01701062654048
9211 -10.79526997154731
9212 -10.57370780676622
9213 -10.35357778022335
9214 -10.13282026599447
9215 -9.913077900309389
9216 -9.694606561219835
9217 -9.476680750204117
9218 -9.261007419266519
9219 -9.047799097193533
9220 -8.834790750799662
9221 -8.622563972015421
9222 -8.413069121369347
9223 -8.205846684855153
9224 -8.001226798100078
9225 -7.798363091076951
9226 -7.596678584987743
9227 -7.395842122286709
9228 -7.197316949573242
9229 -6.999440561022773
9230 -6.803820893539168
9231 -6.610036905549777
9232 -6.419730980181946
9233 -6.231205036508115
9234 -6.04590644949905
9235 -5.863020448894765
9236 -5.684397313984945
9237 -5.508484884302923
9238 -5.33467662328195
9239 -5.163460300988461
9240 -4.994599390927092
9241 -4.828117982403029
9242 -4.664532534207773
9243 -4.503588605155677
9244 -4.344398353519978
9245 -4.186631147390301
9246 -4.031960569814629
9247 -3.878956630658003
9248 -3.728814258564306
9249 -3.580626620220734
9250 -3.436142135126971
9251 -3.294485640425705
9252 -3.154108263756193
9253 -3.016995398554378
9254 -2.883821932793289
9255 -2.752764861396884
9256 -2.624344713630656
9257 -2.498219169242795
9258 -2.373823528879498
9259 -2.253533513033602
9260 -2.136618065339775
9261 -2.021291760947605
9262 -1.906441991911215
9263 -1.794610754303903
9264 -1.686859493198043
9265 -1.581563208726394
9266 -1.477144209231341
9267 -1.372436216493718
9268 -1.272158251572854
9269 -1.17402059625261
9270 -1.078456268895209
9271 -0.9857428977841636
9272 -0.8946494568232453
9273 -0.8059326170056167
9274 -0.7209011232784732
9275 -0.6375706770530769
9276 -0.5579248748949865
9277 -0.4799451166628188
9278 -0.4017518429162763
9279 -0.3268003650045728
9280 -0.2559308048983979
9281 -0.1861067468962361
9282 -0.1184988666190137
9283 -0.05299628826007563
9284 0.01004144546433139
9285 0.07203905499049057
9286 0.1307414765528065
9287 0.1887238751861773
9288 0.2426431429610219
9289 0.2957370533391739
9290 0.3452134947520662
9291 0.3902638656615878
9292 0.434814118774753
9293 0.4780118014968764
9294 0.5197408524470291
9295 0.560139600633704
9296 0.5973886623052991
9297 0.6320708127746215
9298 0.6644477900571886
9299 0.6958357599327911
9300 0.724193651123727
9301 0.7496775647161726
9302 0.7720436966145456
9303 0.7927340359003594
9304 0.8104250521382355
9305 0.8259769619920476
9306 0.8402097603565579
9307 0.8509175895393568
9308 0.8590653465695439
9309 0.8631919207967229
9310 0.8682952222958136
9311 0.8680154964992539
9312 0.8612705382721302
9313 0.8528274110736547
9314 0.8419592754759861
9315 0.8287066652436863
9316 0.8147728541399317
9317 0.7977451730433245
9318 0.7746296926173315
9319 0.7505986266191087
9320 0.7224334005529656
9321 0.6921276882247653
9322 0.6595906279970407
9323 0.6244461389196729
9324 0.5849235359908036
9325 0.5424981904231956
9326 0.4955883574375264
9327 0.4461446846792683
9328 0.3919033251714197
9329 0.3339106946099974
9330 0.271418586090391
9331 0.205505411186067
9332 0.134385924447173
9333 0.06089709428378853
9334 -0.01720956669791462
9335 -0.09802783210795241
9336 -0.1825902969654649
9337 -0.2707988608227225
9338 -0.3640137338744012
9339 -0.4597256724217473
9340 -0.5626540359532655
9341 -0.6702239704268464
9342 -0.7833328575135425
9343 -0.8996694597650929
9344 -1.022348197465192
9345 -1.148308089060379
9346 -1.280281044058682
9347 -1.418296567029671
9348 -1.557575950727632
9349 -1.700413270428292
9350 -1.850138442739407
9351 -2.001891210573021
9352 -2.15945946941266
9353 -2.322988502239063
9354 -2.492336005984761
9355 -2.667154333322827
9356 -2.848640539054827
9357 -3.031662512753229
9358 -3.219203182165977
9359 -3.412763679511855
9360 -3.610611645803452
9361 -3.815710285797671
9362 -4.026338891014596
9363 -4.241193983523161
9364 -4.458553275578417
9365 -4.680007049539853
9366 -4.906204352476799
9367 -5.137270708110407
9368 -5.37327930934714
9369 -5.613641940402474
9370 -5.858977445242836
9371 -6.104580316548009
9372 -6.353866316726908
9373 -6.607162274643898
9374 -6.864298553330293
9375 -7.125963745844743
9376 -7.392344579439438
9377 -7.659733574364893
9378 -7.928400327169626
9379 -8.200098748653673
9380 -8.474418936341124
9381 -8.750858442542025
9382 -9.030469993376428
9383 -9.312159212524158
9384 -9.593499917099962
9385 -9.87503419447755
9386 -10.15747968932143
9387 -10.44136508003309
9388 -10.72505217217808
9389 -11.00645082018642
9390 -11.28772439788569
9391 -11.56863536883842
9392 -11.84724675579265
9393 -12.12475822977753
9394 -12.40174848902149
9395 -12.67440182047679
9396 -12.94531331908166
9397 -13.21339010195828
9398 -13.47775933674534
9399 -13.73900596849386
9400 -13.996178713243
9401 -14.24801636563291
9402 -14.49708489517178
9403 -14.7404529327172
9404 -14.97964754696459
9405 -15.21270725677721
9406 -15.44060687055814
9407 -15.66183077241965
9408 -15.87745162884591
9409 -16.08532018191264
9410 -16.28795593466032
9411 -16.48246784746615
9412 -16.67027324111417
9413 -16.85022224771756
9414 -17.02283079004347
9415 -17.18738374428508
9416 -17.3438514774714
9417 -17.49216260439496
9418 -17.63165678644212
9419 -17.76220481120787
9420 -17.88392049912061
9421 -17.99643418574533
9422 -18.10008013804758
9423 -18.1940548360021
9424 -18.27962892556677
9425 -18.35681206205405
9426 -18.42618301214837
9427 -18.48829938422254
9428 -18.54491826988616
9429 -18.600367324885
9430 -18.64819193793389
9431 -18.68947728677114
9432 -18.72421359035866
9433 -18.75200258497252
9434 -18.77244689430152
9435 -18.78565861386863
9436 -18.79203530878205
9437 -18.79227098396392
9438 -18.78695868131557
9439 -18.77671159334998
9440 -18.76189705174501
9441 -18.74293387560712
9442 -18.72013025955506
9443 -18.69417684508043
9444 -18.66563440339817
9445 -18.63530841706669
9446 -18.6008265499756
9447 -18.56384028498038
9448 -18.52570637741874
9449 -18.48648441901479
9450 -18.44620899597814
9451 -18.40502512548472
9452 -18.36341395582639
9453 -18.32157157046385
9454 -18.27705580683573
9455 -18.23080469302538
9456 -18.18347106551544
9457 -18.13550789328528
9458 -18.08678704477733
9459 -18.03710881946122
9460 -17.98654965093787
9461 -17.93483422627477
9462 -17.88233131507597
9463 -17.82902401880588
9464 -17.77506584755015
9465 -17.71984587928821
9466 -17.66379086677774
9467 -17.60701837906577
9468 -17.54884373074866
9469 -17.48956805074809
9470 -17.4294383248779
9471 -17.36812579627414
9472 -17.30618948282991
9473 -17.24293759479648
9474 -17.17862323721663
9475 -17.1129617571731
9476 -17.04634730603112
9477 -16.97947367353859
9478 -16.91015461737752
9479 -16.8395570914474
9480 -16.76929048259478
9481 -16.69574025261976
9482 -16.62012960047271
9483 -16.54309796298914
9484 -16.46531992461105
9485 -16.3863928302124
9486 -16.30593991519719
9487 -16.22312953951096
9488 -16.13752830231864
9489 -16.0498824397324
9490 -15.96321189228532
9491 -15.87339123884615
9492 -15.78086347404303
9493 -15.68665577741741
9494 -15.59320052060423
9495 -15.494682053662
9496 -15.39475884708088
9497 -15.29440262264092
9498 -15.18971254845417
9499 -15.08289946577599
9500 -14.97465790339644
9501 -14.8618923260929
9502 -14.74841208126712
9503 -14.63412540619343
9504 -14.51898233093591
9505 -14.39968660035631
9506 -14.27896645962376
9507 -14.15204162795241
9508 -14.02403704885933
9509 -13.89563438020811
9510 -13.76533765000777
9511 -13.63206503424576
9512 -13.49563025308596
9513 -13.35988366503929
9514 -13.22101642023043
9515 -13.08101739494124
9516 -12.93625514232835
9517 -12.78819811794354
9518 -12.63731865001859
9519 -12.48605274103316
9520 -12.33413653699918
9521 -12.18086510149924
9522 -12.02724411092301
9523 -11.87109124482033
9524 -11.71205583673826
9525 -11.55080117295258
9526 -11.38842092265043
9527 -11.22243235986872
9528 -11.05624810316041
9529 -10.89074805445492
9530 -10.72235180888659
9531 -10.55496371456176
9532 -10.38717462189602
9533 -10.21793101981763
9534 -10.04656396532815
9535 -9.872618461670712
9536 -9.696429501634796
9537 -9.519581524116767
9538 -9.341304838540076
9539 -9.162730428906912
9540 -8.983556191856337
9541 -8.807709277002203
9542 -8.632856652393571
9543 -8.459072836412084
9544 -8.283014994020924
9545 -8.104333825449174
9546 -7.923976056495917
9547 -7.745095252535826
9548 -7.563099697991717
9549 -7.381572848507041
9550 -7.198602583979067
9551 -7.017408005884519
9552 -6.836243228740855
9553 -6.657273645856151
9554 -6.478559016883899
9555 -6.299642563929574
9556 -6.121712676850201
9557 -5.942963404925621
9558 -5.764027682027944
9559 -5.584042669378114
9560 -5.40634458537798
9561 -5.22916603390204
9562 -5.051583333050523
9563 -4.874495956337014
9564 -4.696716410791907
9565 -4.521422237203119
9566 -4.346096051228002
9567 -4.170342890393997
9568 -3.993898349794478
9569 -3.818339028854972
9570 -3.644347967181083
9571 -3.471887712941935
9572 -3.30098597808319
9573 -3.128567372132551
9574 -2.957629334431857
9575 -2.785307848056291
9576 -2.613178928431608
9577 -2.442531791622493
9578 -2.273933987096264
9579 -2.109183983240492
9580 -1.944195327393544
9581 -1.779393122757917
9582 -1.611117201608174
9583 -1.444067398115664
9584 -1.277416484742744
9585 -1.112560664199364
9586 -0.9497973966419408
9587 -0.7872950852035814
9588 -0.6241140473908615
9589 -0.4631298424562189
9590 -0.3005943847421122
9591 -0.1415490216093858
9592 0.01626647583046292
9593 0.1713157876692293
9594 0.3277732398089483
9595 0.4841436439677125
9596 0.6393559795441845
9597 0.7943003634868901
9598 0.9499197575170655
9599 1.104253595578918
9600 1.257873319255125
9601 1.410729718785326
9602 1.562927232322821
9603 1.712652784690547
9604 1.862883777702173
9605 2.010732806544574
9606 2.158764842765784
9607 2.306286200356823
9608 2.452672078010934
9609 2.598778635571982
9610 2.74360728606527
9611 2.886889329575276
9612 3.029575013188868
9613 3.173390345822497
9614 3.31661995994935
9615 3.458371321804215
9616 3.598844229436587
9617 3.739570916183396
9618 3.878746677109469
9619 4.015981369931261
9620 4.153670391120777
9621 4.289727867028976
9622 4.425516361174775
9623 4.562858202360623
9624 4.698158360517326
9625 4.832088939354225
9626 4.965929786573504
9627 5.097418019524007
9628 5.228919428552032
9629 5.359648237199011
9630 5.491157696858536
9631 5.622649450745662
9632 5.754304376560917
9633 5.884841618207446
9634 6.014179713400118
9635 6.143756607838927
9636 6.27253554798704
9637 6.399223658422741
9638 6.524684586403747
9639 6.651095408510663
9640 6.776906418907465
9641 6.901797932155301
9642 7.027676931815137
9643 7.153014412820884
9644 7.278646779579265
9645 7.40412862442459
9646 7.528211438328107
9647 7.650456881591602
9648 7.774185400817373
9649 7.895854773963915
9650 8.019864140025124
9651 8.142719911199592
9652 8.264585011087306
9653 8.384851798765801
9654 8.505477598449406
9655 8.625273916924996
9656 8.742931607035135
9657 8.860047964641208
9658 8.978212768709096
9659 9.09477473179161
9660 9.210281115596363
9661 9.324956343457583
9662 9.440057788337267
9663 9.553672045379408
9664 9.666917722245742
9665 9.779340460535824
9666 9.892428138878788
9667 10.00556540631269
9668 10.11800049535729
9669 10.23076129573501
9670 10.34237433805061
9671 10.45135162036934
9672 10.55956071130333
9673 10.6672349816049
9674 10.77380182921172
9675 10.88062798346374
9676 10.98725702915373
9677 11.09245800660089
9678 11.19869621634873
9679 11.30322727299532
9680 11.40673206422495
9681 11.50815209530588
9682 11.61078561020079
9683 11.7111227365957
9684 11.80968104265901
9685 11.90937874879006
9686 12.01173662919857
9687 12.11427325086537
9688 12.21534542404075
9689 12.31393058758626
9690 12.41160347341994
9691 12.5086702286825
9692 12.60415465443412
9693 12.6974736593947
9694 12.79018204813124
9695 12.8807264368138
9696 12.97118753598276
9697 13.06233919682301
9698 13.15188534859359
9699 13.24014416138137
9700 13.32647192485608
9701 13.41129885201767
9702 13.49506478000905
9703 13.57764376702212
9704 13.65813132679308
9705 13.73853840614431
9706 13.81695234634202
9707 13.89586499019411
9708 13.9731775867615
9709 14.0483112988756
9710 14.12216773317969
9711 14.19562300474607
9712 14.26797105166722
9713 14.33757195554448
9714 14.40760923046042
9715 14.47648973850765
9716 14.54442160301812
9717 14.61416977826067
9718 14.68219107777446
9719 14.74992930726509
9720 14.81587678111397
9721 14.87978802848584
9722 14.94354100713494
9723 15.00556106663915
9724 15.06660665225265
9725 15.12560399997277
9726 15.18300154528028
9727 15.23797772602666
9728 15.29136792221124
9729 15.34320957353351
9730 15.39382964776605
9731 15.442379001187
9732 15.48847724931976
9733 15.53231673107013
9734 15.57257477296459
9735 15.61031504477474
9736 15.64459469941725
9737 15.67127375103716
9738 15.68876894769399
9739 15.68640471497475
9740 15.68965695875325
9741 15.71232803877147
9742 15.72971088396812
9743 15.78103941576691
9744 15.83104377403217
9745 15.88576705485362
9746 15.94244465133801
9747 15.99903959942577
9748 16.05377260911283
9749 16.10630891980596
9750 16.15710004062446
9751 16.20343837953785
9752 16.248945973367
9753 16.29203017836031
9754 16.33377046107365
9755 16.37333470509262
9756 16.41141802766609
9757 16.44657579413265
9758 16.48069345503409
9759 16.5140587871108
9760 16.54496546736792
9761 16.57427595532555
9762 16.60295612399407
9763 16.62883423993328
9764 16.65371284202356
9765 16.67863871182595
9766 16.70362124204517
9767 16.72617481806533
9768 16.747875235149
9769 16.76833528632629
9770 16.78794846859358
9771 16.80892024528794
9772 16.82688060534365
9773 16.84350994012028
9774 16.85878737366834
9775 16.8728096160412
9776 16.88703682532481
9777 16.90086141339723
9778 16.91405085334665
9779 16.92731560437532
9780 16.93909495070366
9781 16.94968359957864
9782 16.95871113883082
9783 16.96886384201082
9784 16.97895795677641
9785 16.98884779861304
9786 16.99646966951432
9787 17.00392012882106
9788 17.01068463793271
9789 17.01598042778073
9790 17.01995435734424
9791 17.02451086801002
9792 17.02861739756109
9793 17.03131898086786
9794 17.03339726246534
9795 17.03509386405753
9796 17.03732782834357
9797 17.0375554491529
9798 17.03754570652103
9799 17.03794962014734
9800 17.03825011241643
9801 17.03781352944777
9802 17.03706198584747
9803 17.0367405792982
9804 17.03441731907633
9805 17.03055943397929
9806 17.02632446219421
9807 17.02054514069572
9808 17.01467296109033
9809 17.00825038163358
9810 17.00231266676891
9811 16.9928258933797
9812 16.98197973615554
9813 16.97110286747416
9814 16.95907621440389
9815 16.94895274488668
9816 16.93581076800359
9817 16.92085466643066
9818 16.90626227347903
9819 16.89028006024171
9820 16.87564671263492
9821 16.85843863612485
9822 16.8392527473721
9823 16.81896010331108
9824 16.79798674606818
9825 16.77847855718199
9826 16.75571192706865
9827 16.73184544860032
9828 16.70732262767779
9829 16.68172760845655
9830 16.65678290228285
9831 16.62841669297725
9832 16.59948539529152
9833 16.56901500473016
9834 16.53658926457574
9835 16.5034392989267
9836 16.46822844899341
9837 16.4325999879604
9838 16.39454996747749
9839 16.35748586832878
9840 16.31656967635546
9841 16.27159223973226
9842 16.22480857407277
9843 16.17696709998253
9844 16.12715073703566
9845 16.07508203471389
9846 16.02067086835921
9847 15.96289501343807
9848 15.90090859722932
9849 15.83618347687725
9850 15.76791315669958
9851 15.6971442848586
9852 15.62148384550591
9853 15.54109150109541
9854 15.45474886720522
9855 15.36303894426767
9856 15.26591302947116
9857 15.16323524076714
9858 15.05529792963944
9859 14.94057977146632
9860 14.81848849233219
9861 14.69100326996897
9862 14.55437366843707
9863 14.40907214794215
9864 14.25611867527147
9865 14.09372208490395
9866 13.92457493917046
9867 13.74251053068156
9868 13.55327937071782
9869 13.35529689133574
9870 13.1480199691938
9871 12.93206489914621
9872 12.70684910528362
9873 12.47769973864906
9874 12.24337557844851
9875 12.00759336322213
9876 11.76598128725285
9877 11.52084178367166
9878 11.27412369331827
9879 11.02781151507205
9880 10.78638099953057
9881 10.54648658149193
9882 10.31205520895035
9883 10.08194788371824
9884 9.85783143366551
9885 9.639482555426213
9886 9.42819012264723
9887 9.224629613171587
9888 9.027472716030488
9889 8.838835164493823
9890 8.659370013717712
9891 8.486021613567857
9892 8.319241363397467
9893 8.159155727945475
9894 8.004550640186746
9895 7.858017650292776
9896 7.716505658418441
9897 7.580124097525719
9898 7.44968486724132
9899 7.324271148590711
9900 7.205952304129799
9901 7.088858097300864
9902 6.974171983465659
9903 6.865639408411084
9904 6.759524794320168
9905 6.659993166288405
9906 6.561956690615723
9907 6.465367211611181
9908 6.37357949993152
9909 6.285059842178963
9910 6.201664449606138
9911 6.11818299550211
9912 6.036380062840781
9913 5.958536187250171
9914 5.883179613339689
9915 5.811670372204567
9916 5.74238055639654
9917 5.675382713615662
9918 5.610399474128979
9919 5.548082341241578
9920 5.48890611912892
9921 5.431538181687895
9922 5.375854484437593
9923 5.323593540797372
9924 5.273743364507542
9925 5.225207748290362
9926 5.179067475249127
9927 5.13566218115232
9928 5.094465654172332
9929 5.054872598911139
9930 5.017288338181817
9931 4.982364306575768
9932 4.949960450250416
9933 4.91861776418045
9934 4.889363820029047
9935 4.863072967344152
9936 4.83784465085462
9937 4.815276600244346
9938 4.79454008011103
9939 4.77684383591922
9940 4.75913323411935
9941 4.744131034708762
9942 4.730888781096439
9943 4.719226090347661
9944 4.709624676581143
9945 4.702228753570854
9946 4.695806765165255
9947 4.691164089926055
9948 4.68869129788985
9949 4.686944659260423
9950 4.686497837065858
9951 4.688071008014621
9952 4.690419705665903
9953 4.694284422681999
9954 4.699792625784511
9955 4.705883950775153
9956 4.713077389982605
9957 4.722029009876913
9958 4.731519258496778
9959 4.74203734738434
9960 4.753957077783099
9961 4.766510108231603
9962 4.779877708148113
9963 4.794501380795378
9964 4.809841924780507
9965 4.826249445166717
9966 4.843806236801825
9967 4.861901435441208
9968 4.880836512962944
9969 4.900929226182971
9970 4.921723608539885
9971 4.943382056279393
9972 4.966197583993225
9973 4.989616492219774
9974 5.013895471181922
9975 5.039188716307599
9976 5.065265041132132
9977 5.092216148882418
9978 5.120164314134939
9979 5.148717277911643
9980 5.178005367989776
9981 5.208138507075134
9982 5.238968817195694
9983 5.27041616477478
9984 5.302681289878006
9985 5.335557711523442
9986 5.369111424359609
9987 5.403428383757085
9988 5.438418486958653
9989 5.474129038889686
9990 5.510598089293808
9991 5.547641562251819
9992 5.585444081688831
9993 5.623914262015926
9994 5.6629776377649
9995 5.70255879044819
9996 5.742701595258421
9997 5.783278755612052
9998 5.824356514543112
9999 5.86596728984658
10000 5.908035260137279
10001 5.950564036344936
10002 5.993571435545203
10003 6.037023729292009
10004 6.080883924732539
10005 6.125169416625365
10006 6.169929581452159
10007 6.21506574581257
10008 6.260566817018557
10009 6.306427577942696
10010 6.352702317452639
10011 6.399326346209467
10012 6.446251973025912
10013 6.493572671682255
10014 6.541146898079351
10015 6.58905132964383
10016 6.63713107556589
10017 6.685428678846826
10018 6.733995800081072
10019 6.782740974972718
10020 6.831583505657523
10021 6.880596537179958
10022 6.929692554866804
10023 6.978863035235097
10024 7.028166431294359
10025 7.077595728176494
10026 7.126952477181881
10027 7.176220036524132
10028 7.225774940174567
10029 7.275310751990236
10030 7.324747097260737
10031 7.374025637647023
10032 7.423184938139443
10033 7.472220005861605
10034 7.521003218956846
10035 7.569411049384275
10036 7.617849287407282
10037 7.666069048022401
10038 7.714026219655285
10039 7.761734407047914
10040 7.809258460945127
10041 7.856624853507679
10042 7.903601519198865
10043 7.950152328822284
10044 7.996555479795628
10045 8.042483738758595
10046 8.087902590132913
10047 8.13273337374752
10048 8.177226499003424
10049 8.22154648183308
10050 8.264962787871628
10051 8.307787238793555
10052 8.35028778637832
10053 8.392220199572151
10054 8.433597671332546
10055 8.474369483086448
10056 8.514516331936527
10057 8.554153612235911
10058 8.593080870410486
10059 8.631217465066996
10060 8.668957780878451
10061 8.706085756204455
10062 8.742436853480026
10063 8.778239145076171
10064 8.813450994026965
10065 8.848070301906095
10066 8.881889082494737
10067 8.914881786172042
10068 8.947393587593709
10069 8.979228031804968
10070 9.010235272836272
10071 9.040424961948421
10072 9.069905748885773
10073 9.09865372285001
10074 9.126415764623903
10075 9.153239637806468
10076 9.179560408537128
10077 9.205062619583884
10078 9.229812037117647
10079 9.253722334697748
10080 9.276854172333955
10081 9.299323890548838
10082 9.321022406262518
10083 9.341744562375563
10084 9.3620372743883
10085 9.381555102911758
10086 9.4002041431586
10087 9.418042398264646
10088 9.435145616793516
10089 9.451407468386396
10090 9.467018057552949
10091 9.481717483109481
10092 9.495843428476725
10093 9.509492881873459
10094 9.522195490169075
10095 9.533998765335628
10096 9.545382397275155
10097 9.556273930094637
10098 9.566201235946021
10099 9.575382219445896
10100 9.584201525576002
10101 9.59253450255536
10102 9.600121952272929
10103 9.60698990143965
10104 9.613469325538276
10105 9.619720587648548
10106 9.625050869219624
10107 9.629573912564123
10108 9.633886303490172
10109 9.637780002146975
10110 9.641064610481802
10111 9.643806839228272
10112 9.646303897980747
10113 9.648577432262528
10114 9.650217018997107
10115 9.651261506088343
10116 9.652217693612283
10117 9.65287208704828
10118 9.653144947417491
10119 9.653005134675578
10120 9.652802037708419
10121 9.652481447235999
10122 9.651560454731349
10123 9.650127223254568
10124 9.648807355301539
10125 9.647231151572576
10126 9.645424613367641
10127 9.64322353573359
10128 9.641042379215197
10129 9.638839206142158
10130 9.636398613831584
10131 9.63355241124901
10132 9.630878024666281
10133 9.628228236169438
10134 9.625294867731313
10135 9.622117584273518
10136 9.619198940191211
10137 9.61629974118966
10138 9.613350611368503
10139 9.610191439056369
10140 9.60723772314817
10141 9.604427244096058
10142 9.601501604176043
10143 9.598339664920779
10144 9.595512658198604
10145 9.592716907927223
10146 9.589858349452225
10147 9.586871986019801
10148 9.584240271707667
10149 9.58186166426497
10150 9.579441060600892
10151 9.576852475566803
10152 9.574658026048404
10153 9.572611850341794
10154 9.570719590166753
10155 9.568757771321977
10156 9.567228991994057
10157 9.565786486312895
10158 9.564354360786897
10159 9.562744919255575
10160 9.561517643044176
10161 9.560263939889527
10162 9.558963501840655
10163 9.557372832453861
10164 9.556086728750209
10165 9.5547708714363
10166 9.553444460860213
10167 9.551795676154946
10168 9.550539575726567
10169 9.54924961858066
10170 9.548015226314206
10171 9.546699706907845
10172 9.545230222227261
10173 9.544046345401568
10174 9.542834111190672
10175 9.54157437240557
10176 9.540023583601545
10177 9.538808075101876
10178 9.537616975768248
10179 9.536362231431767
10180 9.534836624299416
10181 9.533650976161038
10182 9.532432046606175
10183 9.530754848303591
10184 9.529667661333864
10185 9.528595123147689
10186 9.52728858904565
10187 9.526248204120176
10188 9.52517723133619
10189 9.523705100333625
10190 9.522701820077984
10191 9.521590003140599
10192 9.520410899041789
10193 9.51937649924896
10194 9.51838948296276
10195 9.517056614625393
10196 9.516334025777063
10197 9.51532749238045
10198 9.514253692045262
10199 9.513336882309854
10200 9.512522241208632
10201 9.511450632314727
10202 9.510871293464351
10203 9.510216846472488
10204 9.509636577515199
10205 9.509330283214503
10206 9.509353065039594
10207 9.509305701800955
10208 9.509957989814563
10209 9.510627146304952
10210 9.511509045376979
10211 9.512817060144304
10212 9.514569796303149
10213 9.516318927959887
10214 9.51880179864105
10215 9.521365658071698
10216 9.524384732134322
10217 9.527766913792632
10218 9.531645200905984
10219 9.535626626637615
10220 9.540400424999468
10221 9.545398691318375
10222 9.55108165569542
10223 9.557414705944041
10224 9.564467824008709
10225 9.572021788224454
10226 9.580561248349241
10227 9.589619628132091
10228 9.599863019826216
10229 9.611107847490565
10230 9.623364043868463
10231 9.636523884019155
10232 9.650770592950053
10233 9.665820429002899
10234 9.682195394178521
10235 9.699556764541001
10236 9.718181680820976
10237 9.738341535883798
10238 9.75946733318257
10239 9.781988897888034
10240 9.805861428951424
10241 9.830934876123337
10242 9.857750705952839
10243 9.885859699187996
10244 9.916061905064559
10245 9.947371782838758
10246 9.980408015125953
10247 10.01507639053023
10248 10.05133685944346
10249 10.09027058515041
10250 10.12968416011675
10251 10.17090252283278
10252 10.21389899744489
10253 10.25927258486107
10254 10.30573878942364
10255 10.35387083361027
10256 10.40392730533588
10257 10.45616748531878
10258 10.50940545871338
10259 10.56427749791188
10260 10.62098678321453
10261 10.68009283966243
10262 10.73995375958507
10263 10.80126583395305
10264 10.86435320751975
10265 10.92977208617194
10266 10.99575528921541
10267 11.06332037518324
10268 11.13245304268952
10269 11.20371446757266
10270 11.2756204512732
10271 11.34843529538885
10272 11.42278421044166
10273 11.49951256981225
10274 11.57638800807364
10275 11.65387463727991
10276 11.73331279097744
10277 11.81337554229236
10278 11.89525205278554
10279 11.9781096452985
10280 12.06144282277767
10281 12.14557765691287
10282 12.23241405329514
10283 12.31744265460679
10284 12.40158774639599
10285 12.48781780049901
10286 12.57415309738766
10287 12.66258428334708
10288 12.74910509589765
10289 12.8345120133103
10290 12.92135714012745
10291 13.00862246138375
10292 13.09691036757138
10293 13.18339161196899
10294 13.26924141019882
10295 13.35533087451352
10296 13.44152700089388
10297 13.52806705576852
10298 13.6130717450856
10299 13.69603713558572
10300 13.779690028512
10301 13.86352631063833
10302 13.94644369461644
10303 14.0284423867399
10304 14.10811943963688
10305 14.18729329091293
10306 14.26755608820921
10307 14.34655587955241
10308 14.42303123038803
10309 14.49780893822836
10310 14.57250635929984
10311 14.64674160131862
10312 14.71982171568153
10313 14.79101880053483
10314 14.85929375133719
10315 14.9277203366872
10316 14.99598376128366
10317 15.06051363785735
10318 15.12418227969446
10319 15.18813639015689
10320 15.24928815150396
10321 15.31037983771507
10322 15.368148537224
10323 15.42224528979415
10324 15.47614540081975
10325 15.52870724694964
10326 15.58029378978558
10327 15.62964584187191
10328 15.67748868076782
10329 15.72433878971488
10330 15.76756682670381
10331 15.8079900344316
10332 15.84697533239861
10333 15.88588211795384
10334 15.92347211595725
10335 15.95906317572312
10336 15.99298160224829
10337 16.02333823616321
10338 16.0515597466144
10339 16.08080422314674
10340 16.10897697116933
10341 16.13363855250228
10342 16.15671315956601
10343 16.17624887775282
10344 16.19479955503687
10345 16.2142782266264
10346 16.23121244440021
10347 16.24506624022279
10348 16.25987473032643
10349 16.27039291567993
10350 16.27795398707841
10351 16.28404901377854
10352 16.29138307233045
10353 16.29674657064546
10354 16.30110731953432
10355 16.30209490658651
10356 16.30097930791413
10357 16.29905195195537
10358 16.29816161690937
10359 16.29355357370355
10360 16.28953552658781
10361 16.28326002747863
10362 16.27406343461715
10363 16.26282295300773
10364 16.25394088753573
10365 16.24318034487482
10366 16.23242759592613
10367 16.21809364307751
10368 16.20251343058346
10369 16.18674870342062
10370 16.17297081804524
10371 16.15576899214874
10372 16.13962570220696
10373 16.1209410313862
10374 16.10067169327463
10375 16.07899941091878
10376 16.06024089681789
10377 16.03942864880838
10378 16.02004037416715
10379 15.99798762548846
10380 15.97485703617444
10381 15.95106950625136
10382 15.93054411534417
10383 15.9082968533026
10384 15.88785693961591
10385 15.86449155515518
10386 15.84076240326977
10387 15.81517874666124
10388 15.79340697832031
10389 15.77279657790663
10390 15.75183016889234
10391 15.7278644154203
10392 15.70424822289795
10393 15.67884031824043
10394 15.65730594545123
10395 15.63548297370021
10396 15.61648844125943
10397 15.59469524269318
10398 15.57180024806861
10399 15.55006895858975
10400 15.53218261193468
10401 15.51325675366258
10402 15.49653226169913
10403 15.47794304133571
10404 15.46115619768904
10405 15.44359458346872
10406 15.42453884758591
10407 15.40965229886025
10408 15.39869138712059
10409 15.38597637840282
10410 15.37387223184093
10411 15.36197407453398
10412 15.35111453546874
10413 15.33860221054289
10414 15.32991981756776
10415 15.32213411453418
10416 15.31686373642126
10417 15.31208871609052
10418 15.30758706375359
10419 15.30303319613035
10420 15.30049772095129
10421 15.29837300387207
10422 15.2977166246567
10423 15.29749481592869
10424 15.29982684520527
10425 15.30127398166068
10426 15.306877233553
10427 15.31431606528391
10428 15.32278841580791
10429 15.33121709246794
10430 15.34162972022636
10431 15.35210771986623
10432 15.36352662007271
10433 15.37742274385951
10434 15.39195580073777
10435 15.40602902467816
10436 15.42309064503204
10437 15.44203162956219
10438 15.46020556730003
10439 15.47985155305016
10440 15.50221088691404
10441 15.52551543279606
10442 15.54995897562949
10443 15.57548322743627
10444 15.60317034467017
10445 15.63121900127957
10446 15.65964885879558
10447 15.68950199579641
10448 15.72221069937174
10449 15.75430300907212
10450 15.78779208603294
10451 15.82277183108215
10452 15.86017100321673
10453 15.89745226924509
10454 15.93387805432965
10455 15.97332194658276
10456 16.0147963375675
10457 16.05794646356292
10458 16.10252302473619
10459 16.14715254826994
10460 16.19055073379764
10461 16.23645600469239
10462 16.28586497795728
10463 16.33595183910781
10464 16.38571392042368
10465 16.43491054478868
10466 16.48722078936638
10467 16.54072745987771
10468 16.59733368851099
10469 16.65218308017043
10470 16.70608216498302
10471 16.76333924476552
10472 16.82241951447359
10473 16.88170678679521
10474 16.94263175730483
10475 17.00103137463759
10476 17.0620074009706
10477 17.12533412249266
10478 17.19000963842109
10479 17.25258134847494
10480 17.31647488345303
10481 17.38012652977685
10482 17.44639819364089
10483 17.51336079033033
10484 17.58109056777415
10485 17.6460655262598
10486 17.71203692566477
10487 17.77872917133099
10488 17.84679052616467
10489 17.91687469216903
10490 17.98662618292003
10491 18.05240327068179
10492 18.11819885782048
10493 18.1854086952918
10494 18.25286425207507
10495 18.32102534072414
10496 18.39013118628086
10497 18.45859396624957
10498 18.52384847876021
10499 18.58800103346276
10500 18.64978457385716
10501 18.71261545715016
10502 18.77584023549837
10503 18.83697919630195
10504 18.89684899369406
10505 18.95396233732197
10506 19.00626170800199
10507 19.06056307220254
10508 19.11230176103044
10509 19.15807588584086
10510 19.20010553901473
10511 19.24571276246107
10512 19.28744257103906
10513 19.32544675175265
10514 19.36061759677933
10515 19.39235748585167
10516 19.42090309203546
10517 19.44577560148066
10518 19.46548825293102
10519 19.48156234614698
10520 19.49580170274001
10521 19.50662675478025
10522 19.51320859491639
10523 19.51827990041446
10524 19.52248020202177
10525 19.52419261894453
10526 19.52497349993011
10527 19.52500112685686
10528 19.52434346443669
10529 19.52191626117887
10530 19.51985049789293
10531 19.51922757392761
10532 19.51824818264643
10533 19.51497574090752
10534 19.51546891007514
10535 19.51615262897646
10536 19.5225469626931
10537 19.52738665997546
10538 19.53275032049918
10539 19.5403052028167
10540 19.55282617771501
10541 19.56914256938547
10542 19.58484608126712
10543 19.60123509700885
10544 19.62104374910038
10545 19.64128364403867
10546 19.66945026005958
10547 19.69361087332965
10548 19.71800649837807
10549 19.74326212717661
10550 19.76954740416438
10551 19.79518439463537
10552 19.82172247884175
10553 19.84633580935692
10554 19.8725568714854
10555 19.89333063427642
10556 19.91267696236359
10557 19.92892329818728
10558 19.94486872986556
10559 19.96009425598055
10560 19.97218463918392
10561 19.97913202550699
10562 19.98155025492065
10563 19.97921082281579
10564 19.97446116050913
10565 19.96489908977145
10566 19.95471915061221
10567 19.9381038797933
10568 19.9149073133427
10569 19.88469431869674
10570 19.85059351730045
10571 19.81255650270003
10572 19.76900375801216
10573 19.72150970616141
10574 19.66906382795757
10575 19.61007270441251
10576 19.54655479675579
10577 19.47824175427738
10578 19.40576156367214
10579 19.32723920667924
10580 19.24221032766517
10581 19.14998829422075
10582 19.05490561120765
10583 18.95232249650823
10584 18.84187829440837
10585 18.72946056006746
10586 18.61510117338504
10587 18.49412846667386
10588 18.36764353720309
10589 18.23510431530266
10590 18.09841018332867
10591 17.95703253692187
10592 17.81062999876086
10593 17.65889645808201
10594 17.50350920196622
10595 17.34664889772586
10596 17.18425527527624
10597 17.01944149353393
10598 16.84960581081453
10599 16.67556881776594
10600 16.49832745777193
10601 16.31757945319637
10602 16.13518918010551
10603 15.95138579174489
10604 15.76820145350816
10605 15.58291697649403
10606 15.39962698264046
10607 15.21978809479679
10608 15.04137632922872
10609 14.86276564082326
10610 14.68761960600426
10611 14.51417758991245
10612 14.34145603061888
10613 14.17023946389412
10614 14.00260211972397
10615 13.83650566318884
10616 13.67191282895929
10617 13.50892200258036
10618 13.34810276223332
10619 13.1887205082101
10620 13.03192362057793
10621 12.87872709769873
10622 12.72535068413623
10623 12.57336025762929
10624 12.4243597942854
10625 12.27645112106983
10626 12.13261303111361
10627 11.99038161389335
10628 11.8507873930166
10629 11.71389139285061
10630 11.57711211813342
10631 11.44107041595685
10632 11.30899461706631
10633 11.17882767371084
10634 11.04883466879978
10635 10.9228827542775
10636 10.79939070339061
10637 10.67743090356441
10638 10.55664253580309
10639 10.4372927290766
10640 10.32052261276552
10641 10.20661085199156
10642 10.09254450559762
10643 9.980177734308569
10644 9.87093279927381
10645 9.763025860116464
10646 9.654994469517895
10647 9.549967995794304
10648 9.446605099056299
10649 9.344257362824607
10650 9.242281865537905
10651 9.14236126922443
10652 9.044207351923696
10653 8.947612882144718
10654 8.850228790954411
10655 8.755433880559927
10656 8.662277724745181
10657 8.568984918772969
10658 8.474442571988291
10659 8.38243833362624
10660 8.291223933419055
10661 8.199690319319707
10662 8.107956147503415
10663 8.017513933922892
10664 7.927845917542534
10665 7.83738331650602
10666 7.747903599077688
10667 7.657605627257176
10668 7.569088734925458
10669 7.480364282461402
10670 7.391910164210415
10671 7.301956832006681
10672 7.213027378270098
10673 7.124390204992075
10674 7.035953736388066
10675 6.94854692114788
10676 6.861656342658954
10677 6.773741738698178
10678 6.686219620383511
10679 6.598155144703725
10680 6.510657953671767
10681 6.423595046245978
10682 6.336034436075742
10683 6.249095187283423
10684 6.162492625971815
10685 6.074955769699798
10686 5.988442674599277
10687 5.902137649131241
10688 5.815101268036678
10689 5.728900858626638
10690 5.642865780857711
10691 5.555866693275405
10692 5.470360199587446
10693 5.385143510433323
10694 5.298746873457596
10695 5.214531520496585
10696 5.130333990735465
10697 5.045093238657898
10698 4.961166522189274
10699 4.877818514705694
10700 4.793473670890492
10701 4.711252052726728
10702 4.629881198757481
10703 4.549051307707728
10704 4.467235273028692
10705 4.386660997274689
10706 4.306032034459406
10707 4.226115268418305
10708 4.14580111774994
10709 4.067228494719352
10710 3.98881153079676
10711 3.91186485337343
10712 3.834792189021229
10713 3.759091413110433
10714 3.683620071511484
10715 3.609129884677174
10716 3.534585873953127
10717 3.460863506486049
10718 3.387617999028762
10719 3.31507855445652
10720 3.242861749142676
10721 3.171470113335381
10722 3.100680270728958
10723 3.030322347757767
10724 2.960053575052363
10725 2.889853561243022
10726 2.82006817105345
10727 2.750759044023219
10728 2.681588136210209
10729 2.612574425585095
10730 2.543878568537977
10731 2.475523814092675
10732 2.40720510707326
10733 2.33874460944898
10734 2.270527239672845
10735 2.202597300175086
10736 2.134185636472772
10737 2.065547579542702
10738 1.997970612544172
10739 1.928828553505006
10740 1.859557651579024
10741 1.789350796296098
10742 1.717195604845443
10743 1.642423104895357
10744 1.574016487643362
10745 1.506113276899171
10746 1.43645703420534
10747 1.366470603296278
10748 1.293976385590604
10749 1.219799653753284
10750 1.146135929843446
10751 1.072361673332722
10752 0.9971854794808195
10753 0.9213566665836268
10754 0.8444094429735785
10755 0.7670887863120512
10756 0.6882570962363914
10757 0.6089574877491657
10758 0.5280049386600965
10759 0.4467137371018097
10760 0.3637541007892082
10761 0.2809312635653924
10762 0.1965795958407455
10763 0.1120099892143358
10764 0.02543299425990142
10765 -0.06135989096185313
10766 -0.1502507513016269
10767 -0.2390078380168674
10768 -0.3301944144772193
10769 -0.4220037876290235
10770 -0.5162722811677298
10771 -0.6110848868516499
10772 -0.7085350862544928
10773 -0.8063877217987852
10774 -0.9062250488466717
10775 -1.006569657627082
10776 -1.109126905867463
10777 -1.212480784667463
10778 -1.317553465546169
10779 -1.423539916284156
10780 -1.531068733202439
10781 -1.639283212577702
10782 -1.749231867614256
10783 -1.860080604984589
10784 -1.972415171834903
10785 -2.086614889679687
10786 -2.202435131430562
10787 -2.319642636396104
10788 -2.439475610843687
10789 -2.561315827166396
10790 -2.68606643180398
10791 -2.80996535444288
10792 -2.928075814806377
10793 -3.048787808662752
10794 -3.171242115965228
10795 -3.294904491772407
10796 -3.419363287813887
10797 -3.544152767416172
10798 -3.66959142254376
10799 -3.796385755427643
10800 -3.923818508242562
10801 -4.051692122234421
10802 -4.17966409096806
10803 -4.307040078001627
10804 -4.434749331308929
10805 -4.562859249505088
10806 -4.691859272849662
10807 -4.821095938500626
10808 -4.950652318101199
10809 -5.080349364750461
10810 -5.210754249819345
10811 -5.340950719401455
10812 -5.472300971522195
10813 -5.603463352696245
10814 -5.735181884252363
10815 -5.864661631563884
10816 -5.997675623706137
10817 -6.13111884975244
10818 -6.265789359287766
10819 -6.397972037885765
10820 -6.531492399602072
10821 -6.664290708438372
10822 -6.798541956120054
10823 -6.932929178080762
10824 -7.069508002498765
10825 -7.206234268034741
10826 -7.34483858649277
10827 -7.48284068715266
10828 -7.621562813657142
10829 -7.758919040482098
10830 -7.897669325246525
10831 -8.035197805228869
10832 -8.173595684713767
10833 -8.31064798601188
10834 -8.44867167319326
10835 -8.585683507224488
10836 -8.724842226794458
10837 -8.860004831151826
10838 -8.993403045734567
10839 -9.124473606340608
10840 -9.256510361816417
10841 -9.386562910940576
10842 -9.515073026301138
10843 -9.642868889376018
10844 -9.766747526870084
10845 -9.886628761009234
10846 -10.00180873921784
10847 -10.11550878815263
10848 -10.23762639789179
10849 -10.3471640679675
10850 -10.45005271644171
10851 -10.54617180580783
10852 -10.63783501767177
10853 -10.7245188044838
10854 -10.80801716850269
10855 -10.88434773771523
10856 -10.95590353724315
10857 -11.02054602338075
10858 -11.08091618599317
10859 -11.13179904936115
10860 -11.17623375345926
10861 -11.21405043039079
10862 -11.2477607591603
10863 -11.27381741659656
10864 -11.29464958759178
10865 -11.30958626216844
10866 -11.32131280500485
10867 -11.32474272509697
10868 -11.3228082115305
10869 -11.31901797929695
10870 -11.30876322249168
10871 -11.29428855034825
10872 -11.27305526208907
10873 -11.25029898250074
10874 -11.21949122043715
10875 -11.18664330194751
10876 -11.15226461734487
10877 -11.11027176238682
10878 -11.06528299860451
10879 -11.01597742886863
10880 -10.96561450521222
10881 -10.90914347172856
10882 -10.85559699805602
10883 -10.80113178862573
10884 -10.74079118527703
10885 -10.67722993633232
10886 -10.61383364381265
10887 -10.54476213703192
10888 -10.47413025009274
10889 -10.40454309097743
10890 -10.33773067937915
10891 -10.2674071720317
10892 -10.19807526621972
10893 -10.12389767295154
10894 -10.04893911251299
10895 -9.975708575051158
10896 -9.899989451408288
10897 -9.82352201533579
10898 -9.749978971096006
10899 -9.672793712174446
10900 -9.595907843299621
10901 -9.521260330316402
10902 -9.444277780566452
10903 -9.375212950910445
10904 -9.306025288005259
10905 -9.231654852418011
10906 -9.169713416050833
10907 -9.104477958456663
10908 -9.037816952641563
10909 -8.960360600195514
10910 -8.886528348780402
10911 -8.816358012723605
10912 -8.741851448087793
10913 -8.670692761548388
10914 -8.605291920495155
10915 -8.534362485865024
10916 -8.466982915831942
10917 -8.404048031404052
10918 -8.336732731070207
10919 -8.270713736940479
10920 -8.208524978929127
10921 -8.142017352841549
10922 -8.089055765937545
10923 -8.042692980762112
10924 -7.988518317526953
10925 -7.929205573410862
10926 -7.872329590906254
10927 -7.811252326904778
10928 -7.752699590423653
10929 -7.6970380214998
10930 -7.640340365113225
10931 -7.584757475880807
10932 -7.533421136412549
10933 -7.479008930475167
10934 -7.426897699315788
10935 -7.376654516836716
10936 -7.325750087911565
10937 -7.275141995354957
10938 -7.227917663060559
10939 -7.178148127040011
10940 -7.130708706515342
10941 -7.084522934629021
10942 -7.038625720571346
10943 -6.992837459944852
10944 -6.949834012009426
10945 -6.904265203514875
10946 -6.860239934371464
10947 -6.816109752539823
10948 -6.772689059877727
10949 -6.728583399567441
10950 -6.686518865771326
10951 -6.652266676086278
10952 -6.613667618490666
10953 -6.572057637394586
10954 -6.529542608013308
10955 -6.484390584462325
10956 -6.441728050124539
10957 -6.395141388064317
10958 -6.349657842181109
10959 -6.303556393952348
10960 -6.257855284439984
10961 -6.209779403549526
10962 -6.162832812669627
10963 -6.11325385895644
10964 -6.06520985719181
10965 -6.013752774054005
10966 -5.964158064199495
10967 -5.911163262010128
10968 -5.858559708737907
10969 -5.803541800153063
10970 -5.74985179151026
10971 -5.693705772775203
10972 -5.6367527129919
10973 -5.575956221455854
10974 -5.516577197935945
10975 -5.455321777032346
10976 -5.392481457105809
10977 -5.326921940170664
10978 -5.263141206431897
10979 -5.196762907127358
10980 -5.13011223236505
10981 -5.060596135461026
10982 -4.991443603844253
10983 -4.926847565160116
10984 -4.85880697707784
10985 -4.784350313379775
10986 -4.711373121983826
10987 -4.637830432582817
10988 -4.562214788656853
10989 -4.484016790569527
10990 -4.407548222345099
10991 -4.331622517447428
10992 -4.251775458492652
10993 -4.170587607539431
10994 -4.091556291024638
10995 -4.012304844148261
10996 -3.929830594360332
10997 -3.846637177034111
10998 -3.764247506896069
10999 -3.682479901547076
11000 -3.599443278814846
11001 -3.492441593150851
11002 -3.389291203806735
11003 -3.281766896640626
11004 -3.171176420028978
11005 -3.059318780155451
11006 -2.951938155244875
11007 -2.837094585649126
11008 -2.727036652270137
11009 -2.617604189450773
11010 -2.508536222416019
11011 -2.392109952986971
11012 -2.280212880757681
11013 -2.171430025451791
11014 -2.064777941849535
11015 -1.952853118100897
11016 -1.849140464716285
11017 -1.743996004540826
11018 -1.643001052817297
11019 -1.538040306258061
11020 -1.433893213100156
11021 -1.327837355547594
11022 -1.230429670614228
11023 -1.131853078385461
11024 -1.039754149009113
11025 -0.9418890766003614
11026 -0.850726597276271
11027 -0.7595133698276868
11028 -0.6762412381774752
11029 -0.5879001812511646
11030 -0.5054429595661887
11031 -0.4201357081100383
11032 -0.3409175842512795
11033 -0.2569836161663588
11034 -0.177706058202638
11035 -0.1000952898407377
11036 -0.0270663244388345
11037 0.04976041041585688
11038 0.1257723254614831
11039 0.2046459926131945
11040 0.2758007945465693
11041 0.3518792029798163
11042 0.4258984093972487
11043 0.5051876140436704
11044 0.5749163743546717
11045 0.6505776382842043
11046 0.7258624745379905
11047 0.805635581372556
11048 0.8811491952666373
11049 0.9604152903555416
11050 1.034714894254364
11051 1.113009720011945
11052 1.191194172552045
11053 1.274305304479228
11054 1.352776737365765
11055 1.437965012941454
11056 1.518582717220632
11057 1.598925564151742
11058 1.678099988338872
11059 1.765582857598162
11060 1.847588638550064
11061 1.928853034643133
11062 2.010145386133608
11063 2.092014123902203
11064 2.17644698034357
11065 2.257552935402586
11066 2.337692763471942
11067 2.415231626850229
11068 2.494953209614948
11069 2.574299889675508
11070 2.649879352506566
11071 2.723783843800398
11072 2.801782174493319
11073 2.876179747486347
11074 2.946729783714794
11075 3.019264595992148
11076 3.086765635597395
11077 3.158213371865337
11078 3.2901621941283
11079 3.363764215451482
11080 3.421114988833345
11081 3.471992757877906
11082 3.51655307255335
11083 3.569833150374251
11084 3.625202875957264
11085 3.677533077111036
11086 3.728434614824685
11087 3.773939927770286
11088 3.821451173144709
11089 3.867163381578038
11090 3.91118535200809
11091 3.947812501681526
11092 3.983907053384648
11093 4.015134212219252
11094 4.064322875038208
11095 4.099135445085732
11096 4.122464964020644
11097 4.140351939995632
11098 4.154316297555592
11099 4.168480977663197
11100 4.189330327587037
11101 4.200488501275331
11102 4.20319249081113
11103 4.208840341892248
11104 4.207928029435365
11105 4.203963990733289
11106 4.197100917626109
11107 4.195955679248485
11108 4.184378439682384
11109 4.173882768700363
11110 4.154916434839446
11111 4.130467429162042
11112 4.103224266540984
11113 4.083122994508997
11114 4.054845337678032
11115 4.024411934221291
11116 3.986995294910535
11117 3.950689697833603
11118 3.913814296464054
11119 3.878398928070403
11120 3.835658073980447
11121 3.793032040539025
11122 3.745475788137533
11123 3.694573146288711
11124 3.649713838382667
11125 3.599842098891138
11126 3.545465160265863
11127 3.488976451294263
11128 3.439845050847666
11129 3.381787630952687
11130 3.323543831605612
11131 3.262396002969119
11132 3.198850928927897
11133 3.132600220142258
11134 3.06624374820349
11135 2.998856739621644
11136 2.931522528983713
11137 2.861574170022116
11138 2.787879089197503
11139 2.713653584944979
11140 2.639293588291601
11141 2.562300914671511
11142 2.480211293935298
11143 2.395960065071591
11144 2.310031984462718
11145 2.221905733934989
11146 2.131929286068512
11147 2.040635189951331
11148 1.95021219037524
11149 1.857796315486603
11150 1.762316296321274
11151 1.667343371899442
11152 1.570733487348861
11153 1.47025542924117
11154 1.365130171032746
11155 1.25465954834462
11156 1.142752217437753
11157 1.030016720934491
11158 0.9154724739060427
11159 0.7981207455589967
11160 0.6791890806413505
11161 0.5582724055752522
11162 0.4318094926745744
11163 0.3018292467659762
11164 0.1729021995044491
11165 0.04067876706123741
11166 -0.09378836913017352
11167 -0.2304027699350684
11168 -0.3693145939646527
11169 -0.5121992447146582
11170 -0.6595706391159339
11171 -0.8073640843000831
11172 -0.9547332250681961
11173 -1.106132948596304
11174 -1.263796629111198
11175 -1.424834077334822
11176 -1.589268084863335
11177 -1.756563955548614
11178 -1.929917630509301
11179 -2.1077129029959
11180 -2.293473465930383
11181 -2.486637979173423
11182 -2.687334130933692
11183 -2.897754105859242
11184 -3.119088809837258
11185 -3.354966337859302
11186 -3.606474584665634
11187 -3.877560993585405
11188 -4.175028293879514
11189 -4.512212814719824
11190 -4.906279131807736
11191 -5.387780996664084
11192 -6.041662587398392
11193 -7.072947116545393
11194 -8.414369440696483
11195 -9.629127306181346
11196 -10.70135495578807
11197 -11.78944630286161
11198 -12.55119579967794
11199 -13.33078078893008
11200 -14.24485165992194
11201 -14.73713157479096
11202 -15.47284957103369
11203 -16.26751616945228
11204 -16.80542688389411
11205 -17.11107684916681
11206 -17.46620978122571
11207 -18.3539130595766
11208 -18.6917506374021
11209 -18.94519770600517
11210 -19.29731185392493
11211 -19.76816501836507
11212 -20.16943545381906
11213 -20.53466850069625
11214 -20.89362625225359
11215 -21.26142756742014
11216 -21.57956032715925
11217 -21.88279157116781
11218 -22.17654666972469
11219 -22.43962850212638
11220 -22.72553079429264
11221 -22.94012487129969
11222 -23.22314709519383
11223 -23.37801920916967
11224 -23.60799528149355
11225 -23.71856044077656
11226 -23.87118261749893
11227 -23.97793902233891
11228 -24.10925104145993
11229 -24.20648501276803
11230 -24.3043458625467
11231 -24.45288733420713
11232 -24.48816745941175
11233 -24.53980373266783
11234 -24.56902118390724
11235 -24.59547293691806
11236 -24.62398769098761
11237 -24.62746441996929
11238 -24.61956357492861
11239 -24.60624859378182
11240 -24.59762972786096
11241 -24.55771048527853
11242 -24.51717505487428
11243 -24.47699927289656
11244 -24.43591467436489
11245 -24.39691846104556
11246 -24.35481247569518
11247 -24.31572936262748
11248 -24.26325188970453
11249 -24.23310500446441
11250 -24.23421086280731
11251 -24.22970001725062
11252 -24.23365946370205
11253 -24.24349946455509
11254 -24.25301794167167
11255 -24.27053565239486
11256 -24.28268813770647
11257 -24.30171334612619
11258 -24.33948863242114
11259 -24.3878039413271
11260 -24.42793026868871
11261 -24.47112592353944
11262 -24.5049602176033
11263 -24.53911752988569
11264 -24.56547705342414
11265 -24.58310590160441
11266 -24.6056068569611
11267 -24.63995531954517
11268 -24.6805060063942
11269 -24.71821659381417
11270 -24.75509803414612
11271 -24.7854610841829
11272 -24.81216802520508
11273 -24.83740913444052
11274 -24.85828774980013
11275 -24.87713555173433
11276 -24.89217566716771
11277 -24.90319790633041
11278 -24.9139842055996
11279 -24.92331185243263
11280 -24.93037374397004
11281 -24.93519268415243
11282 -24.93651662510671
11283 -24.93571654091993
11284 -24.93245216503281
11285 -24.92599140968059
11286 -24.91721817949099
11287 -24.90572635825171
11288 -24.88861263773822
11289 -24.86869312763141
11290 -24.84444141675385
11291 -24.81630188466859
11292 -24.78408544161849
11293 -24.7479615474407
11294 -24.70776257418871
11295 -24.66590506403868
11296 -24.6198777030827
11297 -24.57117948902709
11298 -24.52102634048897
11299 -24.46458493260141
11300 -24.40426384515342
11301 -24.3407428700715
11302 -24.27423920729154
11303 -24.20375768209563
11304 -24.13209047921389
11305 -24.05696060756429
11306 -23.97533973446749
11307 -23.88923859086783
11308 -23.79987447502165
11309 -23.70618509826723
11310 -23.60525821285461
11311 -23.50375568036103
11312 -23.39775775023296
11313 -23.28623738798636
11314 -23.17149552918467
11315 -23.05384114131179
11316 -22.92874316273208
11317 -22.79920450515325
11318 -22.66230990308274
11319 -22.52039517636645
11320 -22.3699404773675
11321 -22.2043367535391
11322 -22.05396098614279
11323 -21.90620942819634
11324 -21.75555614126225
11325 -21.60046409022855
11326 -21.43842105762322
11327 -21.27218260428215
11328 -21.10536888366679
11329 -20.93547110743548
11330 -20.76451154331115
11331 -20.59196538359156
11332 -20.41639110965539
11333 -20.23912353959592
11334 -20.05641968519246
11335 -19.87008064641155
11336 -19.68514643111354
11337 -19.49598613083447
11338 -19.30352756518543
11339 -19.10485043143036
11340 -18.90811494324282
11341 -18.71016699961387
11342 -18.50782892108788
11343 -18.30007368557725
11344 -18.09243998711991
11345 -17.8832282664019
11346 -17.67004598241393
11347 -17.45498677504969
11348 -17.23415946739956
11349 -17.00789362738839
11350 -16.78130737777806
11351 -16.55001407813055
11352 -16.31857742432922
11353 -16.08696371515315
11354 -15.85319100730987
11355 -15.61993148701362
11356 -15.38420679289911
11357 -15.14672504007594
11358 -14.90844508845218
11359 -14.6686893615747
11360 -14.42839496572321
11361 -14.18619638749828
11362 -13.94313446740799
11363 -13.69870201831596
11364 -13.45418753494385
11365 -13.20760326476866
11366 -12.96030861207701
11367 -12.7121464334641
11368 -12.4638232543663
11369 -12.21556524712971
11370 -11.96846215873776
11371 -11.72008435112225
11372 -11.47240685750831
11373 -11.22339901991615
11374 -10.97476502706364
11375 -10.72682673350272
11376 -10.47827966023429
11377 -10.22880153369803
11378 -9.980864044881208
11379 -9.73194444972281
11380 -9.483291503134282
11381 -9.23567651066049
11382 -8.988515315466984
11383 -8.740776966190332
11384 -8.4954689573038
11385 -8.249143713456938
11386 -8.003848969765265
11387 -7.759718698118604
11388 -7.51522312141298
11389 -7.271020716699397
11390 -7.028665059633894
11391 -6.786197231902364
11392 -6.543609228712945
11393 -6.302565259305773
11394 -6.062825827444236
11395 -5.823563598772189
11396 -5.585466022144068
11397 -5.347850232778548
11398 -5.111970320153283
11399 -4.87760627836127
11400 -4.643350569466506
11401 -4.410481584126067
11402 -4.180490448521859
11403 -3.950718538777679
11404 -3.721914301396694
11405 -3.493644843683846
11406 -3.267028518730278
11407 -3.041943552688778
11408 -2.819289810361653
11409 -2.596847896822041
11410 -2.374725971287546
11411 -2.156124434504406
11412 -1.938035930788445
11413 -1.721669403273751
11414 -1.508028010803294
11415 -1.296977946116073
11416 -1.085035319422637
11417 -0.8752955630674819
11418 -0.6664536379219399
11419 -0.4587811683406855
11420 -0.257316518503238
11421 -0.05418702480457682
11422 0.1501130792788814
11423 0.3512952861360432
11424 0.5500804675583169
11425 0.7476941015083156
11426 0.9433159852053095
11427 1.13743898301874
11428 1.330258418772218
11429 1.520829233046804
11430 1.709565392670058
11431 1.897349407996828
11432 2.08288428329508
11433 2.266645923988129
11434 2.449614805344289
11435 2.628516960787174
11436 2.805225006589801
11437 2.98187126891213
11438 3.156737713810273
11439 3.32858136506897
11440 3.498810129224985
11441 3.666094911041398
11442 3.83250873402779
11443 3.997288142860953
11444 4.159065835755158
11445 4.318348430772495
11446 4.477587045811966
11447 4.63342245923997
11448 4.787251085731718
11449 4.939498351954438
11450 5.090113931102277
11451 5.237593875136799
11452 5.383048268753228
11453 5.526199871338434
11454 5.668311504901503
11455 5.808326951009352
11456 5.945435510040625
11457 6.080426506873181
11458 6.214089350876165
11459 6.345541462936268
11460 6.47544975261723
11461 6.601730702761262
11462 6.726868509890341
11463 6.850961215883999
11464 6.972461371244158
11465 7.09068843544572
11466 7.206966794388652
11467 7.322577210203907
11468 7.435309565873158
11469 7.546727933427963
11470 7.655566111570678
11471 7.761731902048762
11472 7.865774781907241
11473 7.967076336904228
11474 8.066675595391711
11475 8.164901883336206
11476 8.260206981753267
11477 8.352418623038552
11478 8.442235242268538
11479 8.530452256378894
11480 8.616355960584237
11481 8.699754611592457
11482 8.782032984960853
11483 8.86222705927435
11484 8.940479872436999
11485 9.016215621539384
11486 9.089371971323128
11487 9.160694359228188
11488 9.229589461405226
11489 9.296234451332694
11490 9.360312007856738
11491 9.422716443899972
11492 9.482905837716263
11493 9.540923900918582
11494 9.597186596124722
11495 9.651720608773047
11496 9.703091909209409
11497 9.751817988827582
11498 9.798814550730807
11499 9.843022844599645
11500 9.88493337891472
11501 9.925787980318912
11502 9.963876297643676
11503 9.999705140667388
11504 10.03437901004337
11505 10.06628428933338
11506 10.09637303657946
11507 10.12450444734538
11508 10.14980690883372
11509 10.17649741447726
11510 10.20159566847205
11511 10.223207430201
11512 10.24268876515396
11513 10.26048312970063
11514 10.27614127218163
11515 10.29016932068298
11516 10.30314727274774
11517 10.31374680173489
11518 10.32333298901278
11519 10.33148247504788
11520 10.33806476379893
11521 10.3434944003769
11522 10.34807347220389
11523 10.35191067299523
11524 10.35325728813367
11525 10.3535029143615
11526 10.35725996884156
11527 10.35907406699089
11528 10.3589452896094
11529 10.35798697594943
11530 10.35709744706836
11531 10.35557627276555
11532 10.35322869088828
11533 10.35124701636084
11534 10.34894414700162
11535 10.34655437416359
11536 10.34423194696326
11537 10.34299257154439
11538 10.34173521110161
11539 10.34272383390713
11540 10.34242519819448
11541 10.34673904427277
11542 10.35221448361544
11543 10.35694245375331
11544 10.36228382748117
11545 10.36895944155038
11546 10.37520346304435
11547 10.3558772411605
11548 10.38123877502333
11549 10.39820126734385
11550 10.38869913712524
11551 10.41507053976863
11552 10.41390295656735
11553 10.44468047933049
11554 10.44694909776383
11555 10.46156025112994
11556 10.48184804483581
11557 10.51051343146521
11558 10.53649450737852
11559 10.5606705185599
11560 10.58552390410905
11561 10.61034464648623
11562 10.63539486903642
11563 10.66297683944761
11564 10.69040457052358
11565 10.7199979938542
11566 10.75210961644179
11567 10.78432149087313
11568 10.81711664400093
11569 10.85132066853734
11570 10.88511912865131
11571 10.91985350454015
11572 10.92990175835428
11573 10.97790891083493
11574 11.0195805330838
11575 11.06471444834361
11576 11.07797469964589
11577 11.13074136138026
11578 11.17908408917581
11579 11.20216013606557
11580 11.25089014682331
11581 11.25080615764353
11582 11.31176260369923
11583 11.3478786265684
11584 11.3881115561725
11585 11.41649488250381
11586 11.46078213672141
11587 11.50266645821433
11588 11.52350781355393
11589 11.57168435782055
11590 11.6161672174745
11591 11.63954778606782
11592 11.68659959265694
11593 11.71236329990207
11594 11.76131589209604
11595 11.78918820349453
11596 11.82246495676514
11597 11.87033506857599
11598 11.88405449263992
11599 11.92980668082753
11600 11.96599693231083
11601 12.00773841586211
11602 12.04756572715054
11603 12.06878944687512
11604 12.11238095963461
11605 12.15189527991539
11606 12.18822964527872
11607 12.20839819295264
11608 12.24763444232806
11609 12.28295107940106
11610 12.30361470415335
11611 12.34156981670518
11612 12.36395682307331
11613 12.39959373678304
11614 12.42169602113625
11615 12.45602652569465
11616 12.47818150988439
11617 12.51210423570436
11618 12.5344015560472
11619 12.55937104569253
11620 12.58522957399822
11621 12.61147867796019
11622 12.63746495517962
11623 12.66262454866334
11624 12.68859141424723
11625 12.71399447221926
11626 12.73800330504336
11627 12.76190010474233
11628 12.78545906677976
11629 12.8083567579678
11630 12.83437757983181
11631 12.85519468607035
11632 12.88067480287176
11633 12.90062052588431
11634 12.92516166336556
11635 12.94992262959857
11636 12.97402188976604
11637 12.99098063177848
11638 13.01471977550503
11639 13.03787711961784
11640 13.05978314828985
11641 13.08163308000584
11642 13.10419183290948
11643 13.126225162436
11644 13.14796048986362
11645 13.16970574705218
11646 13.1918764387218
11647 13.21381927139482
11648 13.22907819366023
11649 13.25438658656967
11650 13.27918375251858
11651 13.30433635726037
11652 13.32927379670821
11653 13.35336509734478
11654 13.37746001207321
11655 13.40265885744585
11656 13.42823120403986
11657 13.45483028864209
11658 13.48184465297227
11659 13.50843482719286
11660 13.53505969319143
11661 13.56195248739541
11662 13.59152620803903
11663 13.62234917692934
11664 13.65339181235835
11665 13.68472354158596
11666 13.71648648053154
11667 13.74879303507401
11668 13.78126830853515
11669 13.81456111089414
11670 13.8484859762896
11671 13.88413713314937
11672 13.92074485106553
11673 13.95668349403237
11674 13.9921938887336
11675 14.02941763185017
11676 14.06828903740445
11677 14.10814284402181
11678 14.14793909355332
11679 14.18981798339852
11680 14.23235649778421
11681 14.27453877763811
11682 14.31702513584655
11683 14.36014708643363
11684 14.40448711732704
11685 14.44897302734159
11686 14.49423929251634
11687 14.54045190593529
11688 14.58699482664376
11689 14.634177171854
11690 14.68220675022079
11691 14.73083791063016
11692 14.77963207337747
11693 14.82943743627047
11694 14.87957657200954
11695 14.93056628908468
11696 14.98158558657752
11697 15.03245228364659
11698 15.08391950543155
11699 15.13643870729623
11700 15.18832710353485
11701 15.24030981597913
11702 15.29344411022137
11703 15.34661797484601
11704 15.39924017483192
11705 15.45320156467613
11706 15.50748314467599
11707 15.5616714412707
11708 15.61562774039818
11709 15.67042770538778
11710 15.72579967767201
11711 15.78130360740453
11712 15.83547492514455
11713 15.89088547188949
11714 15.9467978604489
11715 16.00154548247806
11716 16.05523962690067
11717 16.11081749563613
11718 16.16636492210958
11719 16.22562370651185
11720 16.28244186364345
11721 16.33932547534823
11722 16.39447433977578
11723 16.44756462043884
11724 16.4996666450805
11725 16.55387574148128
11726 16.60863283510381
11727 16.6623932098436
11728 16.71564710988282
11729 16.7698320709172
11730 16.82290678546752
11731 16.8743465746744
11732 16.92528856054327
11733 16.97645904915034
11734 17.02729609591459
11735 17.07730064749259
11736 17.12621262802543
11737 17.17590535281014
11738 17.22529771252176
11739 17.27290234655577
11740 17.31996090640896
11741 17.3676666534434
11742 17.41485405645819
11743 17.46074489550012
11744 17.50608850478195
11745 17.55164885844771
11746 17.59642222411036
11747 17.64000840388894
11748 17.682242333857
11749 17.72472111196061
11750 17.76682720448785
11751 17.80696620341381
11752 17.84698716061683
11753 17.88670002640026
11754 17.92538929461674
11755 17.96218970812988
11756 17.99956419363436
11757 18.03611969321836
11758 18.07163354731478
11759 18.10648236713236
11760 18.13980296517209
11761 18.17231551614926
11762 18.21434397619591
11763 18.25016359433652
11764 18.28272651695997
11765 18.3129581003651
11766 18.34238935761886
11767 18.37087557311172
11768 18.39794884502074
11769 18.42396225759968
11770 18.44831816978623
11771 18.4730289773607
11772 18.49671146722948
11773 18.51959256215441
11774 18.54189625692301
11775 18.56316962472173
11776 18.58384204584956
11777 18.60311513829354
11778 18.62253218983379
11779 18.64114412112529
11780 18.65895651026221
11781 18.67526127522786
11782 18.69078291220963
11783 18.70580930875896
11784 18.71977399380377
11785 18.73260406085195
11786 18.74518789287715
11787 18.75714105391697
11788 18.77828318282481
11789 18.79407950621204
11790 18.80587814540989
11791 18.81521768598656
11792 18.82148668018819
11793 18.82739415095835
11794 18.83249930146391
11795 18.83646237396821
11796 18.839441103192
11797 18.84216582528816
11798 18.84378893006266
11799 18.84470980881574
11800 18.84510416327483
11801 18.8443880517627
11802 18.84298846296248
11803 18.84122859781764
11804 18.8380352484296
11805 18.83409766028229
11806 18.82963280024912
11807 18.82447272487472
11808 18.81751544902471
11809 18.82301424023396
11810 18.82166814647353
11811 18.81509546791565
11812 18.80578495352262
11813 18.79541272530928
11814 18.78291500793324
11815 18.77022178125591
11816 18.75669091432776
11817 18.74138393048866
11818 18.72598141809847
11819 18.71039242911213
11820 18.69311106706142
11821 18.67578856973077
11822 18.65805648609982
11823 18.6387735246004
11824 18.6190870316179
11825 18.5985120962448
11826 18.58941494887312
11827 18.57364628271685
11828 18.55287568332604
11829 18.5296838748511
11830 18.50506234239995
11831 18.47904301577574
11832 18.45165615866566
11833 18.42345535131629
11834 18.39406844851244
11835 18.36463051304022
11836 18.33459463295348
11837 18.30363090013355
11838 18.27182480749104
11839 18.2393005322084
11840 18.21634388934016
11841 18.18758871920451
11842 18.15384498732988
11843 18.117865107863
11844 18.07988097618051
11845 18.05007737581096
11846 18.01401892358845
11847 17.97503612092993
11848 17.9343211259576
11849 17.89133133746868
11850 17.85645190190025
11851 17.81567899162385
11852 17.77146427899831
11853 17.7327679784817
11854 17.68819427703238
11855 17.63980467618816
11856 17.58921297383736
11857 17.53740463450077
11858 17.48424595394788
11859 17.43055932680261
11860 17.37611144308512
11861 17.32083810322796
11862 17.26468945803745
11863 17.20793877762421
11864 17.15033279237197
11865 17.09217636206734
11866 17.03334751341883
11867 16.97373768732554
11868 16.91326247927005
11869 16.85202943894812
11870 16.78993451548889
11871 16.72718183910585
11872 16.66355634122471
11873 16.59918455389185
11874 16.53399823523976
11875 16.46817581844052
11876 16.40151075679303
11877 16.33398568752213
11878 16.26551000042795
11879 16.19650945836911
11880 16.12657540041203
11881 16.05594945199548
11882 15.9844795670233
11883 15.91240808496036
11884 15.83947838477404
11885 15.76592489520011
11886 15.69167458957227
11887 15.61678129378547
11888 15.54119983484649
11889 15.46504183481257
11890 15.38815534812532
11891 15.31067678005929
11892 15.2326230697896
11893 15.1539124640927
11894 15.07467812318031
11895 14.9947574151366
11896 14.91435739615861
11897 14.83337935654214
11898 14.75177620213461
11899 14.6696006123385
11900 14.58707120298704
11901 14.50384116986317
11902 14.42034716071667
11903 14.33640502880969
11904 14.25177477419091
11905 14.16653198938854
11906 14.08119006457895
11907 13.99481827282281
11908 13.90838233880365
11909 13.82147296129104
11910 13.73385425573977
11911 13.64528855730541
11912 13.55606076257087
11913 13.46615868350753
11914 13.37604211884362
11915 13.28550193075588
11916 13.19461179327701
11917 13.10305771837396
11918 13.01052887144645
11919 12.9183788887442
11920 12.82880741970644
11921 12.7373226654541
11922 12.64495893534577
11923 12.55243525488497
11924 12.45859418717949
11925 12.36520367482333
11926 12.27112020685589
11927 12.17695761177812
11928 12.08215484128947
11929 11.98824254927172
11930 11.89369074070264
11931 11.79948245558962
11932 11.704037471351
11933 11.60916316610145
11934 11.51350542605516
11935 11.41837066979276
11936 11.32229250555404
11937 11.22701197658052
11938 11.13049981407353
11939 11.03418366677156
11940 10.93669203236807
11941 10.83986670104171
11942 10.74206428445662
11943 10.6452219330524
11944 10.54627220522283
11945 10.44767700298884
11946 10.34941446153429
11947 10.25200294533365
11948 10.15404825163339
11949 10.05582790903287
11950 9.956486788585536
11951 9.857823301546819
11952 9.758971105149595
11953 9.66112851192392
11954 9.563251498644227
11955 9.466390005722324
11956 9.369059502150812
11957 9.272435589579494
11958 9.175816050701847
11959 9.080148459200611
11960 8.984351577563686
11961 8.889431021518384
11962 8.794730833337933
11963 8.701140246703595
11964 8.607709333568149
11965 8.515392911320298
11966 8.423526107421207
11967 8.332708865613498
11968 8.242043002131059
11969 8.150539547347353
11970 8.064935613338676
11971 7.980422130725067
11972 7.893157316290381
11973 7.811600915784251
11974 7.730896942283159
11975 7.647975974430491
11976 7.570932579668845
11977 7.495031711306819
11978 7.420160271903157
11979 7.342172118680669
11980 7.268845308972583
11981 7.198364567918372
11982 7.132095384525712
11983 7.067398580472542
11984 7.003157400229735
11985 6.942945910927072
11986 6.884849503516456
11987 6.827080212243818
11988 6.773158283669403
11989 6.721296852330592
11990 6.6702863338501
11991 6.623018154543516
11992 6.578483439075406
11993 6.5349013860572
11994 6.495171615538901
11995 6.458308439582421
11996 6.422684118071743
11997 6.390745122333055
11998 6.361563051647046
11999 6.333677862348082
12000 6.309201869958343
12001 6.308263659148121
12002 6.303963602468588
12003 6.279675087791798
12004 6.238776975121542
12005 6.180047946698785
12006 6.106417836645722
12007 6.023487977797569
12008 5.938843696984964
12009 5.85345505003345
12010 5.769019139259338
12011 5.685440606861956
12012 5.610197168156535
12013 5.54235990698982
12014 5.482565204354888
12015 5.428447634368926
12016 5.382375632710676
12017 5.341887058197607
12018 5.308614129194858
12019 5.280556641778276
12020 5.256959699815482
12021 5.236775459820485
12022 5.217701103864826
12023 5.199440754099975
12024 5.180584790258116
12025 5.160079897706392
12026 5.138354597658793
12027 5.112968389382054
12028 5.086218087212263
12029 5.059919151711593
12030 5.037022765265135
12031 5.016560653669536
12032 5.000089996962224
12033 4.985106443085126
12034 4.971617954299091
12035 4.956092946167729
12036 4.95304424360641
12037 4.948584576183492
12038 4.941869601934595
12039 4.932425965109061
12040 4.924245431399189
12041 4.91742360350759
12042 4.911885948755721
12043 4.907040442551565
12044 4.902199371530099
12045 4.893194844080714
12046 4.883918969497785
12047 4.873899618675548
12048 4.864056731511226
12049 4.854463708233183
12050 4.846798665694134
12051 4.840691173456577
12052 4.839023272528625
12053 4.843875811325148
12054 4.851480473101613
12055 4.86019654038574
12056 4.86877675523618
12057 4.875592248875932
12058 4.950577990031064
12059 4.998403075300928
12060 5.023134136290555
12061 5.033182641520352
12062 5.034667415703812
12063 5.03057627221304
12064 5.026504695908905
12065 5.020102230228257
12066 5.0156174517398
12067 5.014844919401593
12068 5.020014734022663
12069 5.028669729949037
12070 5.041961429559898
12071 5.05800405211032
12072 5.077761284260117
12073 5.098977835813709
12074 5.12282785929203
12075 5.146254990506552
12076 5.171369725987891
12077 5.194756038211132
12078 5.219103749358538
12079 5.243170685964206
12080 5.267721216992584
12081 5.292918539608934
12082 5.318020177987432
12083 5.340980300524958
12084 5.364536090605608
12085 5.386727471587506
12086 5.411368197995273
12087 5.435864186601005
12088 5.512252263801617
12089 5.57462981370432
12090 5.619240242340304
12091 5.666968356344523
12092 5.710721964657708
12093 5.748500791443909
12094 5.773811526090899
12095 5.809100414134853
12096 5.842168660746228
12097 5.876196481947421
12098 5.908657155338382
12099 5.939984149300695
12100 5.969661119916314
12101 5.997747432523287
12102 6.005170343288015
12103 6.035896270683931
12104 6.064739528932567
12105 6.089005162498943
12106 6.110944005682814
12107 6.131201977808203
12108 6.153806871190262
12109 6.18007797391143
12110 6.206028815343611
12111 6.243424427093387
12112 6.264421159936521
12113 6.301240860742759
12114 6.336361033240685
12115 6.380875105623975
12116 6.414162406921022
12117 6.423251409451378
12118 6.449213826393649
12119 6.468666227671676
12120 6.49660611997756
12121 6.506838714931032
12122 6.539383604722666
12123 6.569053357813907
12124 6.59272925725201
12125 6.61434391706263
12126 6.607418609187697
12127 6.62657674802135
12128 6.640713790618651
12129 6.650518810814667
12130 6.656889498391966
12131 6.663152195593209
12132 6.667237933963978
12133 6.643305551607053
12134 6.648792254777376
12135 6.667700930814679
12136 6.665747437347683
12137 6.680173619438939
12138 6.672955077688947
12139 6.685732884360295
12140 6.677622933268115
12141 6.687024147896917
12142 6.676257285857233
12143 6.685968895180917
12144 6.698264237265406
12145 6.691618738305593
12146 6.708380019382716
12147 6.721199774503361
12148 6.714673198290033
12149 6.748534508348101
12150 6.773881517119005
12151 6.773997831257368
12152 6.796687645890035
12153 6.814308522367298
12154 6.830785676107908
12155 6.821930621420908
12156 6.836930256137681
12157 6.852648499762715
12158 6.867040841158889
12159 6.87855425924505
12160 6.867868903011814
12161 6.886663240837024
12162 6.901849300616533
12163 6.920449298086744
12164 6.939203788181157
12165 6.930093884563341
12166 6.965618299178161
12167 6.982471350676267
12168 6.995590252754262
12169 7.02370129955753
12170 7.032864883498064
12171 7.039793575267105
12172 7.062805582543959
12173 7.043163941774203
12174 7.064656541149262
12175 7.069324946370852
12176 7.086370025914857
12177 7.081424622199325
12178 7.09451648638678
12179 7.095923800294514
12180 7.109542707136718
12181 7.107192930801268
12182 7.119274957834584
12183 7.107670486119353
12184 7.113268258326329
12185 7.077658671339034
12186 7.084231377095279
12187 7.079225551391968
12188 7.086926111110195
12189 7.072461370524369
12190 7.072353824916288
12191 7.065657486182069
12192 7.03515629671552
12193 7.016474011963052
12194 6.969381236706514
12195 6.937988003243365
12196 6.910895473258105
12197 6.873528079995157
12198 6.858638476556777
12199 6.834569872513292
12200 6.830749317305472
12201 6.826546319019727
12202 6.809342830802109
12203 6.807189295274231
12204 6.786077745976545
12205 6.780426633808197
12206 6.772187115078694
12207 6.744322064980256
12208 6.731259446946066
12209 6.713038533946222
12210 6.67558166075893
12211 6.652287721936343
12212 6.624954586077003
12213 6.579027931506388
12214 6.547270446463507
12215 6.511878717964883
12216 6.459603978750458
12217 6.422803055008306
12218 6.383692943686047
12219 6.331815154519319
12220 6.297016776323897
12221 6.248962663061604
12222 6.213997717280446
12223 6.180218143440808
12224 6.134710470892784
12225 6.10176162808737
12226 6.070923852446676
12227 6.028328309593348
12228 5.998194125825332
12229 5.969624666993251
12230 5.929910569797936
12231 5.902135470143573
12232 5.875604334921565
12233 5.837822074238471
12234 5.811499176775147
12235 5.775827982611577
12236 5.752666646715802
12237 5.726910997461431
12238 5.692828122592712
12239 5.670697602235624
12240 5.64624561235108
12241 5.612905164138361
12242 5.591277613597196
12243 5.557191406412571
12244 5.536276421026752
12245 5.51386515955846
12246 5.480013920564623
12247 5.45861895926506
12248 5.427783864592911
12249 5.40703095583067
12250 5.380295757526941
12251 5.362600682252577
12252 5.333513975903411
12253 5.314707572041971
12254 5.287327942335395
12255 5.266957790099305
12256 5.24000797561682
12257 5.221674907908181
12258 5.193804636909931
12259 5.176192496060256
12260 5.151145442529973
12261 5.132644532387154
12262 5.108818622282548
12263 5.086272920004525
12264 5.070079927292586
12265 5.04834562754386
12266 5.028258053960709
12267 5.013283071379977
12268 4.99380021377122
12269 4.975195722482681
12270 4.961601485390396
12271 4.943234887457947
12272 4.92616557202749
12273 4.907813395185038
12274 4.892181714415798
12275 4.87689924068447
12276 4.860672432772709
12277 4.846314160204876
12278 4.832661586314817
12279 4.817221523019619
12280 4.804175497023792
12281 4.791292021341238
12282 4.77725960156026
12283 4.764885389640856
12284 4.744125047717318
12285 4.732316288405556
12286 4.722453789479182
12287 4.712366209149103
12288 4.700878367617737
12289 4.690870342867537
12290 4.681982219282006
12291 4.663986008064022
12292 4.656598335808535
12293 4.64883531290635
12294 4.639660347966569
12295 4.631971446062781
12296 4.618667289702863
12297 4.610296481555316
12298 4.603891971827494
12299 4.597200682979484
12300 4.584028580839071
12301 4.577864371808303
12302 4.572176007360653
12303 4.559931659729791
12304 4.554817109267141
12305 4.54914924594641
12306 4.537890185906925
12307 4.533508698283203
12308 4.524399247905777
12309 4.518302128934895
12310 4.509578637534645
12311 4.505580648479029
12312 4.495519665602373
12313 4.486744586315673
12314 4.483604867924232
12315 4.473242371960222
12316 4.465922326166684
12317 4.458133907821868
12318 4.449761909722827
12319 4.44252987657606
12320 4.435771259837445
12321 4.427069544681061
12322 4.419799227694881
12323 4.412288649282509
12324 4.403181904178645
12325 4.39482506158204
12326 4.386961034332792
12327 4.377182483538981
12328 4.368796501987767
12329 4.360158125527086
12330 4.349993923438774
12331 4.340725489992288
12332 4.332335012334688
12333 4.321893460615161
12334 4.312850965349032
12335 4.303415091116069
12336 4.292497866259652
12337 4.283579945182247
12338 4.274746036327926
12339 4.263428043066863
12340 4.253594784608673
12341 4.243412801756122
12342 4.231589521374659
12343 4.220352412298027
12344 4.20979455111592
12345 4.197226001186817
12346 4.183859008060104
12347 4.171519142813796
12348 4.158838925942263
12349 4.145920365653858
12350 4.133472692268505
12351 4.118929915913554
12352 4.106287372336531
12353 4.093924533241591
12354 4.079926667842308
12355 4.066582262208257
12356 4.054074830022635
12357 4.039705636084499
12358 4.026040041113212
12359 4.013022387094814
12360 3.998624170477314
12361 3.984708658377954
12362 3.971616016278375
12363 3.956624283355488
12364 3.942213119271365
12365 3.928574628983256
12366 3.913320400311207
12367 3.898690133291105
12368 3.885054934136448
12369 3.869853402367674
12370 3.855324815280035
12371 3.841646747974707
12372 3.826415556007817
12373 3.811692597169639
12374 3.798090755534616
12375 3.782762893597379
12376 3.768150523909028
12377 3.754467392963676
12378 3.739296214446924
12379 3.724759556434108
12380 3.711267434787935
12381 3.696042988489246
12382 3.682166630516321
12383 3.668267450471376
12384 3.653513948370204
12385 3.639841127060194
12386 3.626372024558776
12387 3.611886324578862
12388 3.598666498322892
12389 3.585522956881746
12390 3.571572266439283
12391 3.558675404063777
12392 3.546044747050068
12393 3.532413993771712
12394 3.520012575300214
12395 3.507722543252271
12396 3.494598603535771
12397 3.482433354595422
12398 3.470513941339902
12399 3.457581105101937
12400 3.445784648900045
12401 3.434103921820565
12402 3.421571111055563
12403 3.409912871457479
12404 3.398511249751429
12405 3.386142412813335
12406 3.374882008706955
12407 3.36379567923882
12408 3.35196265997925
12409 3.341042607027518
12410 3.330492877236999
12411 3.319109319589117
12412 3.308889291445922
12413 3.298950026501764
12414 3.288376344676166
12415 3.278706449340746
12416 3.269389044005791
12417 3.259215591098396
12418 3.250222250251248
12419 3.241623344894251
12420 3.232552360712162
12421 3.22447365582547
12422 3.217021168401544
12423 3.20893504184599
12424 3.20207780305698
12425 3.195661868713792
12426 3.189025627437196
12427 3.183730791329381
12428 3.179664558559963
12429 3.175413943650824
12430 3.172299059971095
12431 3.169669602886025
12432 3.166677055648144
12433 3.164598727464231
12434 3.163203434838202
12435 3.161164241392598
12436 3.160219222257425
12437 3.159587212972475
12438 3.158543703915974
12439 3.158169079881461
12440 3.158227883913902
12441 3.157450287348482
12442 3.15748676820737
12443 3.157699544021682
12444 3.157281290481691
12445 3.157286825223274
12446 3.157758978434316
12447 3.157273148082368
12448 3.157594383415862
12449 3.158076117003823
12450 3.158103216023733
12451 3.158486532117998
12452 3.159585638566583
12453 3.159777925310863
12454 3.160844105060512
12455 3.162065356287115
12456 3.162885930114996
12457 3.164012347640877
12458 3.165791929547197
12459 3.166790436989402
12460 3.168770599703663
12461 3.170829540360678
12462 3.172901802199966
12463 3.175437265449524
12464 3.178458852263773
12465 3.18108846898113
12466 3.184644544155731
12467 3.188111142327124
12468 3.191742254749599
12469 3.195743582012838
12470 3.200260556799485
12471 3.203956587309165
12472 3.208507526854348
12473 3.213693183110429
12474 3.220139431939003
12475 3.225053721455019
12476 3.230973383314485
12477 3.238666447137106
12478 3.245274398937894
12479 3.25132678796183
12480 3.260141796637292
12481 3.266984327440802
12482 3.274435291532939
12483 3.282448973285526
12484 3.289604145566543
12485 3.296052351195193
12486 3.30863058056498
12487 3.31530378467
12488 3.323507911461391
12489 3.328882554711882
12490 3.344736213019033
12491 3.352298914796634
12492 3.361511069395988
12493 3.367492361171799
12494 3.385365156741983
12495 3.392851470605684
12496 3.402202403049714
12497 3.408611167031921
12498 3.42663580780205
12499 3.434726735016319
12500 3.444710073458943
12501 3.450335892144409
12502 3.491938672192958
12503 3.529144712697004
12504 3.566711717831019
12505 3.59355244313371
12506 3.627090116712431
12507 3.666683193065104
12508 3.714256550426093
12509 3.741597501562779
12510 3.767879999720073
12511 3.80579987735991
12512 3.847160494243461
12513 3.885726595723042
12514 3.900029430535703
12515 3.899438392031492
12516 3.87104616290064
12517 3.789432670106663
12518 3.613609165588706
12519 3.211018199851388
12520 2.969632979733355
12521 2.73421798540749
12522 2.566262322001556
12523 2.398917832087278
12524 2.217246406842612
12525 2.044600945469725
12526 1.920475849155693
12527 1.785299997168018
12528 1.649366942743406
12529 1.50447309781449
12530 1.416965968597538
12531 1.334275083328862
12532 1.249687290585314
12533 1.183698640403506
12534 1.114688682826468
12535 1.081593495571347
12536 1.027899309036059
12537 0.9865302324197103
12538 0.9478190912070872
12539 0.9554469765033247
12540 0.9765839635791593
12541 1.008119992213729
12542 1.059014274766433
12543 1.133651835751898
12544 1.181196084714145
12545 1.225392826549943
12546 1.276679226477796
12547 1.295320125756895
12548 1.278069894642208
12549 1.215209749521001
12550 1.073906037379942
12551 0.8349163731539733
12552 0.5609520140135587
12553 0.3316977757213806
12554 0.1412855107809108
12555 -0.006360692325330319
12556 -0.1294860589487428
12557 -0.2849628090223604
12558 -0.4133473757615675
12559 -0.5285218282256778
12560 -0.6023383546180767
12561 -0.6711588961873076
12562 -0.6985528690014178
12563 -0.7448064861195931
12564 -0.8029312850208186
12565 -0.7875118383355826
12566 -0.7748322315491833
12567 -0.7439112601233191
12568 -0.6994764974752457
12569 -0.6663221438807199
12570 -0.6290080211125613
12571 -0.5632481654993313
12572 -0.4810845081284967
12573 -0.3791024344655369
12574 -0.2686898660176169
12575 -0.1529302463649103
12576 -0.01484320423129049
12577 0.1565797305739736
12578 0.3439172842923099
12579 0.549927506748908
12580 0.7673075801720941
12581 0.9734657402335714
12582 1.198530230603218
12583 1.463325020709142
12584 1.754533986739403
12585 2.058481587185653
12586 2.382522599450994
12587 2.811134148277468
12588 3.055317671900134
12589 3.322441897286957
12590 3.551650208072871
12591 3.819882120334007
12592 4.11694863110958
12593 4.380321989030286
12594 4.646753247599666
12595 4.938441378078462
12596 5.230459407091107
12597 5.528901835328085
12598 5.838011291271801
12599 6.113189493837293
12600 6.390634269993811
12601 6.698973270549704
12602 7.005746723246194
12603 7.314594073495122
12604 7.633929447851777
12605 7.911462687836874
12606 8.180689951228153
12607 8.479581846921928
12608 8.786336893256678
12609 9.086962068071834
12610 9.370737724714548
12611 9.656439547494472
12612 9.969465732268429
12613 10.28129240926951
12614 10.5929752283058
12615 10.90552011941418
12616 11.22263567955024
12617 11.55003980308339
12618 11.82995160842891
12619 12.11205903063441
12620 12.42862621543945
12621 12.74172131389327
12622 13.05248166236882
12623 13.3630427187688
12624 13.6756005450455
12625 13.98333341655979
12626 14.25334945156629
12627 14.5201309761442
12628 14.81859702524206
12629 15.11147534539935
12630 15.39805399615194
12631 15.68130648871547
12632 15.96437827660855
12633 16.24747722158387
12634 16.48480986313408
12635 16.71714355401911
12636 16.97449137660421
12637 17.22457758379763
12638 17.46982328341158
12639 17.70948502536577
12640 17.94625852629257
12641 18.18141603897549
12642 18.38620400012613
12643 18.5742604412857
12644 18.775635895166
12645 18.95469282580047
12646 19.13013356883174
12647 19.33256762286803
12648 19.5247734739455
12649 19.7109098257004
12650 19.89042941540163
12651 20.0631193015591
12652 20.23072135875529
12653 20.39363494651793
12654 20.55734484066786
12655 20.68184259638979
12656 20.80010030747432
12657 20.93828166981157
12658 21.06891315479547
12659 21.19440016688585
12660 21.31255590413274
12661 21.43016256057833
12662 21.54885937140474
12663 21.63547913493559
12664 21.7125299578953
12665 21.80593465197712
12666 21.89213636628464
12667 21.97575824750572
12668 22.0557408052922
12669 22.13696174158921
12670 22.19276853173955
12671 22.23876498001933
12672 22.29823534118972
12673 22.35306854757462
12674 22.40292809881989
12675 22.45256002296961
12676 22.49974792335997
12677 22.52172919605609
12678 22.5389940371339
12679 22.56944416427667
12680 22.5968471894183
12681 22.62201192719032
12682 22.64602040179555
12683 22.66593136160389
12684 22.66561485918307
12685 22.66115318475659
12686 22.66844662357894
12687 22.67197375896361
12688 22.67419931936805
12689 22.67318362045305
12690 22.66124326798707
12691 22.63466817877016
12692 22.60218334102588
12693 22.57826168003081
12694 22.54490896387153
12695 22.50129531302096
12696 22.44745043527893
12697 22.35565034971392
12698 22.19833662707022
12699 21.86990439107043
12700 21.07424272870738
12701 20.28434517227705
12702 19.46556269986555
12703 18.69162339693182
12704 17.88934699456617
12705 17.08766783537847
12706 16.22826933587071
12707 15.441795308933
12708 14.58635194355902
12709 13.85007655445439
12710 13.04980323401955
12711 12.32793715732613
12712 11.58083303354957
12713 10.83909325802992
12714 10.12352396623049
12715 9.43081781433786
12716 8.771856517140449
12717 8.148817498094466
12718 7.544567806377756
12719 6.971837226777609
12720 6.441031252486749
12721 5.945122248015402
12722 5.480834166088847
12723 5.033304099213929
12724 4.608059260883699
12725 4.210891587003246
12726 3.810689689072689
12727 3.512793997558028
12728 3.25774931950108
12729 3.030665320032583
12730 2.833109768944269
12731 2.686414884542771
12732 2.569199420322626
12733 2.528729088307585
12734 2.50314305062313
12735 2.558447202599346
12736 2.648057009299315
12737 2.760380823929474
12738 2.950060698677056
12739 3.172167545744117
12740 3.44301777381618
12741 3.759205570087808
12742 4.118492137830255
12743 4.510621898647649
12744 4.978409405668963
12745 5.468025640671193
12746 5.930955069112649
12747 6.414177405023583
12748 6.907248310160686
12749 7.399770119535741
12750 7.908401969438536
12751 8.416631359627878
12752 8.940553504391659
12753 9.434257595004357
12754 9.937081854388545
12755 10.40531633631857
12756 10.85731292224644
12757 11.30068551572614
12758 11.7238934155095
12759 12.13490510407389
12760 12.49743558041069
12761 12.88097906186745
12762 13.27757314639329
12763 13.64266146645112
12764 13.94811711365066
12765 14.27425708695019
12766 14.60529275385201
12767 14.88107159196003
12768 15.15856163422239
12769 15.39719268729715
12770 15.65100641044681
12771 15.90303270419525
12772 16.1017086133623
12773 16.29070841022043
12774 16.44692176421435
12775 16.57711673754164
12776 16.72119496641344
12777 16.83642157933243
12778 16.90493990313333
12779 16.97310261816302
12780 17.01328305502842
12781 17.01381042840173
12782 16.98596919568599
12783 16.91277919008
12784 16.79553531478992
12785 16.62119327742853
12786 16.35806761019643
12787 15.93223757756046
12788 15.17637838487143
12789 13.77607234429287
12790 12.85422458082719
12791 12.05763167466617
12792 11.3903895376314
12793 10.78847945508717
12794 10.21977626256958
12795 9.690340301015496
12796 9.065410902433968
12797 8.653719689968277
12798 8.261575640739533
12799 7.79680006495887
12800 7.443095449187162
12801 7.053835801606816
12802 6.738918484298082
12803 6.408054410838016
12804 6.077865210007914
12805 5.784788123139798
12806 5.504563481282453
12807 5.237036704523746
12808 4.968785668934864
12809 4.705689964499168
12810 4.447047589654716
12811 4.193299593930387
12812 3.958470202431236
12813 3.715530380845593
12814 3.472479261478398
12815 3.232788092055266
12816 2.992908417469224
12817 2.761172181590169
12818 2.519240000866212
12819 2.277375436431363
12820 2.033631810041712
12821 1.79373109510648
12822 1.555859996865628
12823 1.311603445283964
12824 1.066397257965129
12825 0.8214204604947142
12826 0.581491091496332
12827 0.3556014924257269
12828 0.1214163672582487
12829 -0.1058645564890313
12830 -0.3313817040169909
12831 -0.555306985937726
12832 -0.773855092569427
12833 -0.9978856101789688
12834 -1.223520770798821
12835 -1.447624227204507
12836 -1.66651466035237
12837 -1.880581750563074
12838 -2.098176318283208
12839 -2.312866937427401
12840 -2.526338681614682
12841 -2.734818257245941
12842 -2.936790695326351
12843 -3.143670196296902
12844 -3.349072712905802
12845 -3.552453606970857
12846 -3.752958980854949
12847 -3.947835994558645
12848 -4.148022176507148
12849 -4.348254819957155
12850 -4.547654933951804
12851 -4.742603405142809
12852 -4.933944336864243
12853 -5.129767861943904
12854 -5.324128330304426
12855 -5.518573522889689
12856 -5.708638041468937
12857 -5.895745099120283
12858 -6.086944999726356
12859 -6.276312938887678
12860 -6.465091070472383
12861 -6.650671916509111
12862 -6.832648473087765
12863 -7.018284498900911
12864 -7.203950605651492
12865 -7.388582541950697
12866 -7.569258459025072
12867 -7.74630772706908
12868 -7.928840619180704
12869 -8.106655877489239
12870 -8.285174639016816
12871 -8.460788250219622
12872 -8.629799740168934
12873 -8.802914005410898
12874 -8.977312474092912
12875 -9.146407878365366
12876 -9.311433413803947
12877 -9.476466474938974
12878 -9.639225097987769
12879 -9.800468324546735
12880 -9.963371335250443
12881 -10.11671312058434
12882 -10.26723965460581
12883 -10.4217517731647
12884 -10.57084765299077
12885 -10.71867988084023
12886 -10.86331379931152
12887 -10.99926240623949
12888 -11.13856560997094
12889 -11.27872696119901
12890 -11.41336213672438
12891 -11.54077488021895
12892 -11.66671462586479
12893 -11.79457549520016
12894 -11.91852752083134
12895 -12.04400970372069
12896 -12.16651292517517
12897 -12.28849829253657
12898 -12.40549522001319
12899 -12.5223504844333
12900 -12.64101567390995
12901 -12.74989916737997
12902 -12.86148184714309
12903 -12.97875735026387
12904 -13.09185827795719
12905 -13.20117414462472
12906 -13.31227690462985
12907 -13.42113768467388
12908 -13.53030347390492
12909 -13.64472573432882
12910 -13.74899014610605
12911 -13.85302747228732
12912 -13.96234239226752
12913 -14.07009854659946
12914 -14.17385049597356
12915 -14.28547033511517
12916 -14.38679280578607
12917 -14.48981736271917
12918 -14.59695166454838
12919 -14.70407875032232
12920 -14.80563876219858
12921 -14.91128492791995
12922 -15.01252341155727
12923 -15.1105327904331
12924 -15.21549561528381
12925 -15.31822289567396
12926 -15.4197358032003
12927 -15.51944730877928
12928 -15.6164217805641
12929 -15.71389813593952
12930 -15.81373953909295
12931 -15.91142999983526
12932 -16.00398111051046
12933 -16.09694040244914
12934 -16.19359518153993
12935 -16.28540144851372
12936 -16.37961332421188
12937 -16.46721645535852
12938 -16.55276970526019
12939 -16.6431401250105
12940 -16.73221554690701
12941 -16.81713619440171
12942 -16.89664998294914
12943 -16.97618301691027
12944 -17.05781859590921
12945 -17.13876727792908
12946 -17.21823134841804
12947 -17.29043215517368
12948 -17.3613625958688
12949 -17.43666567782437
12950 -17.50857226247002
12951 -17.5796819051426
12952 -17.64482142712533
12953 -17.70807322516666
12954 -17.77554364715426
12955 -17.84029508271685
12956 -17.90250516320516
12957 -17.95935044505428
12958 -18.0152113736467
12959 -18.07470367486026
12960 -18.13193099046249
12961 -18.18676009665934
12962 -18.23610943206582
12963 -18.28345398688249
12964 -18.3360569477444
12965 -18.3852097145945
12966 -18.43222104345472
12967 -18.47394856335253
12968 -18.51368473318122
12969 -18.55848954563774
12970 -18.60084401263622
12971 -18.64051283520742
12972 -18.67503139268684
12973 -18.70862830012323
12974 -18.74584399570249
12975 -18.7807113674226
12976 -18.81301436943866
12977 -18.83942528679371
12978 -18.86486639148081
12979 -18.89489711828348
12980 -18.92134674911996
12981 -18.9452068685446
12982 -18.96365883944583
12983 -18.98138360055431
12984 -19.00334032360371
12985 -19.02220496379574
12986 -19.03726406522751
12987 -19.04672040813303
12988 -19.05710894060876
12989 -19.06998899622567
12990 -19.08065036347605
12991 -19.08694519125044
12992 -19.08715186000285
12993 -19.08761786862238
12994 -19.092086761725
12995 -19.0927381409562
12996 -19.08819834187145
12997 -19.07747944289129
12998 -19.06686000732235
12999 -19.0602995423702
13000 -19.05055761570902
13001 -19.03884142711489
13002 -19.0200641536664
13003 -18.99565397176592
13004 -18.96395473297726
13005 -18.92789441436695
13006 -18.88247735664369
13007 -18.8270365801359
13008 -18.76437165906695
13009 -18.68859822340485
13010 -18.6216610690548
13011 -18.54518756833498
13012 -18.45576883772141
13013 -18.36052145911641
13014 -18.25457641115936
13015 -18.16180121811706
13016 -18.06046437903456
13017 -17.94757639631248
13018 -17.82883320583287
13019 -17.69961737248172
13020 -17.58391434474978
13021 -17.46195170749212
13022 -17.33075130191382
13023 -17.19555301356225
13024 -17.05375715909655
13025 -16.91859336665049
13026 -16.77621348831115
13027 -16.62848120023628
13028 -16.47673872819537
13029 -16.32605917656186
13030 -16.18013606041723
13031 -16.02947701536023
13032 -15.87315452573691
13033 -15.71123619316256
13034 -15.5527566785401
13035 -15.39667874544243
13036 -15.23299962181352
13037 -15.07450261546611
13038 -14.91236441563924
13039 -14.74999932632588
13040 -14.5852011444995
13041 -14.42461565709399
13042 -14.2636804738692
13043 -14.10203071203991
13044 -13.94186153927349
13045 -13.78992555072654
13046 -13.63372634062736
13047 -13.48663859503298
13048 -13.33325071368351
13049 -13.18868443665909
13050 -13.05119332258013
13051 -12.90716960276602
13052 -12.76094995298578
13053 -12.64060369285288
13054 -12.51339786310081
13055 -12.3912168990849
13056 -12.28098177776186
13057 -12.16599706133714
13058 -12.05946417285745
13059 -11.96482323622938
13060 -11.86284207160885
13061 -11.77795053128001
13062 -11.69347826768029
13063 -11.61564442437625
13064 -11.5491702398975
13065 -11.50431308746054
13066 -11.44427757016241
13067 -11.40019486554456
13068 -11.36745169354595
13069 -11.34697341231831
13070 -11.32218889845179
13071 -11.31334912371491
13072 -11.3075494316634
13073 -11.31938332098083
13074 -11.33268382708678
13075 -11.35543661655301
13076 -11.38360989214928
13077 -11.42485319100908
13078 -11.47046445663068
13079 -11.52444102925061
13080 -11.58698697388853
13081 -11.65520653039985
13082 -11.7455999156733
13083 -11.83501664467391
13084 -11.92895921930295
13085 -12.02432503614665
13086 -12.13101030557433
13087 -12.23813622940698
13088 -12.35953927342106
13089 -12.48883645054693
13090 -12.62412383344707
13091 -12.77345814931412
13092 -12.92786446386837
13093 -13.07791190126295
13094 -13.23395324171992
13095 -13.39377999799787
13096 -13.55970212324046
13097 -13.73469261010955
13098 -13.91639742192516
13099 -14.10243372279759
13100 -14.29937293532058
13101 -14.50453072438568
13102 -14.70554178375282
13103 -14.91348546056656
13104 -15.12546660898867
13105 -15.34401734696612
13106 -15.57204550347232
13107 -15.80355052223759
13108 -16.03886970644783
13109 -16.28310774767799
13110 -16.53396620075478
13111 -16.79172653624001
13112 -17.05556146090479
13113 -17.32873912951857
13114 -17.6097431514886
13115 -17.89725258389306
13116 -18.19291300487489
13117 -18.49673965045896
13118 -18.80705800769375
13119 -19.12806052638176
13120 -19.45570756507719
13121 -19.79132156077759
13122 -20.13751761418098
13123 -20.4922808047462
13124 -20.85096199810957
13125 -21.22161772515594
13126 -21.6054531798477
13127 -21.99116575583282
13128 -22.39276948766761
13129 -22.80114247796741
13130 -23.21784787680197
13131 -23.64327591176701
13132 -24.07590331190726
13133 -24.52118858924
13134 -24.97870276733916
13135 -25.4400024417819
13136 -25.90996198320514
13137 -26.3859510928437
13138 -26.87331550091118
13139 -27.37021662909545
13140 -27.87715260921235
13141 -28.39008073952165
13142 -28.91306184325163
13143 -29.44279738555913
13144 -29.98432979970373
13145 -30.53041155219634
13146 -31.08280484718156
13147 -31.64754678897506
13148 -32.21333808989294
13149 -32.7827563191922
13150 -33.36510021470838
13151 -33.95252152825947
13152 -34.55976756858864
13153 -35.19069058250658
13154 -35.86826431071234
13155 -36.53770765558124
13156 -36.64520900418636
13157 -36.74936181095069
13158 -36.87316767603077
13159 -37.01502692129158
13160 -37.17746067546685
13161 -37.36134119051749
13162 -37.57363064316114
13163 -37.81863624160221
13164 -38.11061659086685
13165 -38.43321363399311
13166 -38.80779608053271
13167 -39.35446656023965
13168 -39.77126171025672
13169 -40.4457583295231
13170 -40.77266761210804
13171 -41.15929400195735
13172 -41.68156116542889
13173 -42.14969285527431
13174 -42.52734244517341
13175 -42.96375912373141
13176 -43.4409156011084
13177 -43.93673752161089
13178 -44.41988793878537
13179 -44.91783350366594
13180 -45.42622371278441
13181 -45.93273147757007
13182 -46.43950621817313
13183 -46.94446011569465
13184 -47.44570272722316
13185 -47.94075691207518
13186 -48.43453306129695
13187 -48.92508843831831
13188 -49.41352664727084
13189 -49.89688852534793
13190 -50.37715800224938
13191 -50.85908315338908
13192 -51.34056664817488
13193 -51.81812647377943
13194 -52.29077678072661
13195 -52.75756119236274
13196 -53.21876908842179
13197 -53.6754444582219
13198 -54.12297479210758
13199 -54.56435803600553
13200 -54.99910342450667
13201 -55.42683278884128
13202 -55.84713423448595
13203 -56.25958894077652
13204 -56.66374408983345
13205 -57.05922700369967
13206 -57.44559971726434
13207 -57.82291658571272
13208 -58.19102431951551
13209 -58.54948017895098
13210 -58.89826258831465
13211 -59.23737705303928
13212 -59.56663013495609
13213 -59.88602034123726
13214 -60.19550227886391
13215 -60.49480329774254
13216 -60.78390714514538
13217 -61.06271477394758
13218 -61.33118108823049
13219 -61.58924210630624
13220 -61.83693846156677
13221 -62.07403319826981
13222 -62.30044710378929
13223 -62.51630895524605
13224 -62.72155324326503
13225 -62.91618136468754
13226 -63.10024561450038
13227 -63.27378606017241
13228 -63.43669958889149
13229 -63.58903315075435
13230 -63.73073927842104
13231 -63.86175682078755
13232 -63.9821295472222
13233 -64.09203123716848
13234 -64.19142687366492
13235 -64.2802948382228
13236 -64.35870884207438
13237 -64.42681091247596
13238 -64.48456466327048
13239 -64.5324282002185
13240 -64.5705095762759
13241 -64.59891362567967
13242 -64.61792640287707
13243 -64.62787092630886
13244 -64.62919807082605
13245 -64.62208427806559
13246 -64.60670431815845
13247 -64.58332686819205
13248 -64.55222768558497
13249 -64.51367055275787
13250 -64.46808418258149
13251 -64.41573661325801
13252 -64.35685999845366
13253 -64.291863947859
13254 -64.22102080085813
13255 -64.14478844385184
13256 -64.06343599859665
13257 -63.97732309759738
13258 -63.88683499242643
13259 -63.79220843980238
13260 -63.69381996795606
13261 -63.67485615379539
13262 -63.65710848621407
13263 -63.63717459231975
13264 -63.61488858641987
13265 -63.58955974781393
13266 -63.56048539461222
13267 -63.52670498247367
13268 -63.4867138248612
13269 -63.43847553314559
13270 -63.37934926304326
13271 -63.30565699037928
13272 -63.21249825213597
13273 -63.10765059056722
13274 -62.99756187341169
13275 -62.88402063937039
13276 -62.76809049941055
13277 -62.65054392759082
13278 -62.53192939853355
13279 -62.41256267922217
13280 -62.29271018123789
13281 -62.1724474100594
13282 -62.05189344693802
13283 -61.93108231769582
13284 -61.81005987283605
13285 -61.68902430322371
13286 -61.56789392697935
13287 -61.54141809709148
13288 -61.51671992154441
13289 -61.48877750660385
13290 -61.45750991819821
13291 -61.42259527683692
13292 -61.38351798687453
13293 -61.33956011830747
13294 -61.28972468587018
13295 -61.23261296517793
13296 -61.16614135399234
13297 -61.08731610325218
13298 -60.99201554905321
13299 -60.88675170182469
13300 -60.77694929398928
13301 -60.66402092951589
13302 -60.54891779374613
13303 -60.43274602263717
13304 -60.31626076773745
13305 -60.20002562159686
13306 -60.08462135401273
13307 -59.97038917572285
13308 -59.85751569356916
13309 -59.74638815535586
13310 -59.63727839923069
13311 -59.53026163270954
13312 -59.42581960544499
13313 -59.32381489005252
13314 -59.29856355483187
13315 -59.27479823076044
13316 -59.2482867137109
13317 -59.21884455780302
13318 -59.18641180626534
13319 -59.15069260913966
13320 -59.11147727562739
13321 -59.06843598762981
13322 -59.02108541400743
13323 -59.0099995488275
13324 -58.99927326337771
13325 -58.98676344932708
13326 -58.97227711458732
13327 -58.95563719832714
13328 -58.93660457381281
13329 -58.91492411602427
13330 -58.89031482575905
13331 -58.88577416838666
13332 -58.88129894730235
13333 -58.87589398407482
13334 -58.86940408046719
13335 -58.86165587108501
13336 -58.85245984065576
13337 -58.84161160171052
13338 -58.83998950717944
13339 -58.83838081633066
13340 -58.83639757385048
13341 -58.83395772321755
13342 -58.83096585349286
13343 -58.82731074753103
13344 -58.82286420251678
13345 -58.81748013310886
13346 -58.81099394630228
13347 -58.80458325204761
13348 -58.79689806836048
13349 -58.78773702151517
13350 -58.77687742816625
13351 -58.76407205983372
13352 -58.74903962886936
13353 -58.73142707678767
13354 -58.71092402087679
13355 -58.70699437792597
13356 -58.70311223515829
13357 -58.69841741774403
13358 -58.69777683723751
13359 -58.69713774214858
13360 -58.69634381321449
13361 -58.69535891903736
13362 -58.69437683289807
13363 -58.69316059274487
13364 -58.69165744247588
13365 -58.68980417774594
13366 -58.68752567574629
13367 -58.68473341849805
13368 -58.68132405146989
13369 -58.67717798511113
13370 -58.67661611539696
13371 -58.67605619898196
13372 -58.67535987182269
13373 -58.67527167128797
13374 -58.67518349462893
13375 -58.67507336448486
13376 -58.67493584302939
13377 -58.67476416097412
13378 -58.67454990003725
13379 -58.67428260428586
13380 -58.6739493068534
13381 -58.67353395727816
13382 -58.673016734047
13383 -58.67237322731262
13384 -58.67157347876852
13385 -58.67058086993558
13386 -58.67045439254395
13387 -58.67032796151198
13388 -58.6701701060759
13389 -58.66997307193709
13390 -58.66972722223789
13391 -58.66942059733729
13392 -58.66903838037448
13393 -58.66856225343672
13394 -58.66808674664465
13395 -58.66749488694631
13396 -58.6674200495723
13397 -58.66734522797274
13398 -58.66725176484469
13399 -58.66713503545819
13400 -58.66698927869486
13401 -58.66680732384143
13402 -58.66658025498035
13403 -58.66629700048582
13404 -58.66594383357193
13405 -58.66550376860913
13406 -58.6649558373215
13407 -58.66427422960793
13408 -58.66342728595502
13409 -58.66331964004635
13410 -58.66321202523044
13411 -58.66307763713605
13412 -58.66290985500316
13413 -58.66270044294097
13414 -58.66243916797425
13415 -58.66211333423262
13416 -58.66170721827231
13417 -58.6613015222802
13418 -58.66079621293711
13419 -58.66016736439524
13420 -58.65938558224128
13421 -58.658414892518
13422 -58.65721147000598
13423 -58.65572221022563
13424 -58.65388316122628
13425 -58.65161784255724
13426 -58.64883548955405
13427 -58.64846711214999
13428 -58.64809904605053
13429 -58.64764042770344
13430 -58.64706941248268
13431 -58.6463591135688
13432 -58.64547655297255
13433 -58.6443814489415
13434 -58.64302483815102
13435 -58.64134754124011
13436 -58.639278492126
13437 -58.63673296230237
13438 -58.63639717593409
13439 -58.6360616261861
13440 -58.63564339133717
13441 -58.63512245369103
13442 -58.63447413811237
13443 -58.63366812453815
13444 -58.63286333905347
13445 -58.63276102733862
13446 -58.63265873757453
13447 -58.63253098825204
13448 -58.63237147731391
13449 -58.63217236190744
13450 -58.63192389213391
13451 -58.63161396335739
13452 -58.63122757192248
13453 -58.63074615784417
13454 -58.63014681747529
13455 -58.62940136959076
13456 -58.62847526139616
13457 -58.62835720211591
13458 -58.62823917075259
13459 -58.62809178064058
13460 -58.62790777494571
13461 -58.62767812829215
13462 -58.62739162938895
13463 -58.62703437255027
13464 -58.62667735773096
13465 -58.62623242695119
13466 -58.62567832691616
13467 -58.62498887495727
13468 -58.6241319212663
13469 -58.62402282150209
13470 -58.62391374463242
13471 -58.62377752516275
13472 -58.62360744787272
13473 -58.62339515761958
13474 -58.62313027049075
13475 -58.62279989912542
13476 -58.62238807629751
13477 -58.62197655727206
13478 -58.62146373410056
13479 -58.62082536928519
13480 -58.62003156620219
13481 -58.61993063356415
13482 -58.61982971983858
13483 -58.61970368542749
13484 -58.6195463101437
13485 -58.61934985190903
13486 -58.61910468438656
13487 -58.61879885370205
13488 -58.61841753901729
13489 -58.6179424003154
13490 -58.61735079601599
13491 -58.61661485343134
13492 -58.6157003771653
13493 -58.61558377742963
13494 -58.61546720193144
13495 -58.61532162553102
13496 -58.61513987747041
13497 -58.61491303810845
13498 -58.61463002551021
13499 -58.61427709131586
13500 -58.61383720962992
