"net-mfr-rfile"
"Iteration" "net-mfr"
("Iteration" "net-mfr")
1 -909.6466503737219
2 -1094.249591369386
3 -1177.286040585184
4 -1201.65485671192
5 -1189.428340162171
6 -1053.362691460398
7 -1076.789101144378
8 -981.8450408605975
9 -1010.239962395655
10 -951.707655020367
11 -908.3856654752724
12 -882.3451767884608
13 -944.6797215610414
14 -911.8222779755907
15 -890.9624120731035
16 -875.754188461181
17 -866.4331503928908
18 -858.7483967105576
19 -853.6263647443968
20 -850.099336984969
21 -847.598878016702
22 -845.7920281551553
23 -844.4787124261328
24 -843.536326378117
25 -842.8823226355297
26 -842.4551965664823
27 -842.1916965521784
28 -842.0300051166462
29 -841.9239039561583
30 -841.8635297034936
31 -841.8095324434993
32 -841.7376621636921
33 -841.6329525117532
34 -841.4825254558282
35 -841.2798369809516
36 -841.0197738065516
37 -840.6957568306059
38 -840.3036014318693
39 -839.847621281102
40 -839.3232043297598
41 -838.7210874573959
42 -838.038163762687
43 -837.2768611068662
44 -836.4515173003095
45 -835.5690538323613
46 -834.6363066282294
47 -833.6598997577184
48 -832.6509998944881
49 -831.6182440956765
50 -830.5629430664981
51 -829.4866321646881
52 -828.3970029569954
53 -827.2926994309864
54 -826.1696996693795
55 -825.0218502691237
56 -823.8504796001921
57 -822.6564191086827
58 -821.4367185929246
59 -820.1965609332847
60 -818.9374990068719
61 -817.6628315114671
62 -816.3729079162002
63 -815.0769542119244
64 -813.7793867684055
65 -812.4832160239559
66 -811.1903953324108
67 -809.8996634199802
68 -808.6147723767999
69 -807.3371916740322
70 -806.0672436276629
71 -804.8042870595075
72 -803.5472606083686
73 -802.2956957783188
74 -801.0507678583625
75 -799.8142893170807
76 -798.5867709738948
77 -797.3684160370564
78 -796.1601483235393
79 -794.9587807431511
80 -793.7686992848929
81 -792.5896543981648
82 -791.4208031700222
83 -790.2623188304012
84 -789.112263873321
85 -787.970583640751
86 -786.8383035705569
87 -785.714565495897
88 -784.5973396124207
89 -783.48805114016
90 -782.3835832490258
91 -781.28593902373
92 -780.1951834457709
93 -779.1111031355978
94 -778.0334106417779
95 -776.961620659307
96 -775.8928490113924
97 -774.8296069991808
98 -773.771623538295
99 -772.7183963270091
100 -771.6694311545156
101 -770.6244569683556
102 -769.5813127076602
103 -768.5409161995721
104 -767.5037092078319
105 -766.469401912194
106 -765.4375893245542
107 -764.4080730123214
108 -763.378906125243
109 -762.3513067522198
110 -761.3259213633045
111 -760.3023067044754
112 -759.2799585131578
113 -758.2587364409237
114 -757.2366103608115
115 -756.2144788721062
116 -755.1927527157407
117 -754.171087663859
118 -753.1490630204739
119 -752.1265245803096
120 -751.1019219614551
121 -750.0757503428993
122 -749.0488060528382
123 -748.0204816775009
124 -746.9905725013062
125 -745.958900330549
126 -744.9241049973083
127 -743.8865759870949
128 -742.847357584058
129 -741.8061417214494
130 -740.7627404728571
131 -739.7172499873114
132 -738.6682977220853
133 -737.6162233123106
134 -736.5619240792737
135 -735.505131085587
136 -734.4456553592
137 -733.3835299578784
138 -732.3178925992486
139 -731.2489856736432
140 -730.1779898737967
141 -729.104751426946
142 -728.0292291436116
143 -726.9516042044287
144 -725.8711449764481
145 -724.7880775491961
146 -723.7037423804829
147 -722.6179291430343
148 -721.5305300006229
149 -720.4416910417552
150 -719.3507323892874
151 -718.2575624725278
152 -717.163471815962
153 -716.0688735036209
154 -714.9738473628056
155 -713.8781965768708
156 -712.7819615594611
157 -711.6843708375357
158 -710.5862407531639
159 -709.4877577744421
160 -708.3887455182346
161 -707.2894814899189
162 -706.1895885881345
163 -705.0890323543954
164 -703.9897177029634
165 -702.8928183331001
166 -701.7966889074228
167 -700.7012814414611
168 -699.6060755154198
169 -698.5114559931458
170 -697.4182966632127
171 -696.3265231943275
172 -695.2357886643473
173 -694.1471036025252
174 -693.0595300952585
175 -691.9726000699809
176 -690.8871582309488
177 -689.8031179301191
178 -688.7203913405132
179 -687.6387015252257
180 -686.5581169468933
181 -685.4782556801699
182 -684.4002732089231
183 -683.3249170067187
184 -682.2517377597215
185 -681.1804750562322
186 -680.1121114009636
187 -679.0444329455369
188 -677.9788725444016
189 -676.915209565523
190 -675.8533317609563
191 -674.7933488387364
192 -673.7357809123965
193 -672.679600415655
194 -671.6254804367459
195 -670.5734694939389
196 -669.5233073804731
197 -668.4755178858552
198 -667.4300872086239
199 -666.3858770818731
200 -665.343401963833
201 -664.3026867175319
202 -663.2647995503314
203 -662.2289388209399
204 -661.1955222983889
205 -660.1636608803561
206 -659.1335445387506
207 -658.1051260546418
208 -657.078535422447
209 -656.0535081764759
210 -655.0301736062835
211 -654.0081450926386
212 -652.9873751950862
213 -651.9689163719394
214 -650.9529644307306
215 -649.938628544033
216 -648.9258876617168
217 -647.9138966851394
218 -646.9028610591125
219 -645.8932863367451
220 -644.8846976241194
221 -643.8774598210028
222 -642.8714237307158
223 -641.8671158704607
224 -640.8636414593094
225 -639.8625866425098
226 -638.8628106684905
227 -637.8641814968573
228 -636.8668688653136
229 -635.8707447105832
230 -634.8750762612549
231 -633.8806632561714
232 -632.8876835569527
233 -631.8967816135215
234 -630.9074093225494
235 -629.9191602554581
236 -628.9322891423778
237 -627.9468720491085
238 -626.9625770915321
239 -625.9795392897825
240 -624.9977930573508
241 -624.0171698398879
242 -623.0370142396945
243 -622.0581772307735
244 -621.0814478396537
245 -620.1060083970772
246 -619.1317852927793
247 -618.1591717336798
248 -617.1873801183299
249 -616.2164879786416
250 -615.246751592828
251 -614.2781700392904
252 -613.3105951261354
253 -612.3439194220489
254 -611.377796563382
255 -610.4125322456108
256 -609.4489778355985
257 -608.4866661124631
258 -607.5254831204938
259 -606.5656688771298
260 -605.6062086911036
261 -604.6471695538398
262 -603.6891360094745
263 -602.731854762067
264 -601.7747185437732
265 -600.8183571602062
266 -599.8622718978706
267 -598.9063869831833
268 -597.9516455548644
269 -596.997615740405
270 -596.0446311209809
271 -595.0922629733174
272 -594.1402523313957
273 -593.1877935538598
274 -592.2357239060768
275 -591.2837169949865
276 -590.3320116096231
277 -589.3802289456214
278 -588.4283715175
279 -587.4764006581723
280 -586.5242230401964
281 -585.5725800135011
282 -584.6206624908264
283 -583.6682519679517
284 -582.7153133572439
285 -581.7614914423993
286 -580.8064424784934
287 -579.8505009376311
288 -578.8935291218645
289 -577.9358082548598
290 -576.9772238067471
291 -576.0184980582034
292 -575.059168967653
293 -574.0989874285675
294 -573.1377356786178
295 -572.1754397154735
296 -571.2118897014199
297 -570.2468953105342
298 -569.2808108084544
299 -568.313142779388
300 -567.3439549258794
301 -566.3736835093141
302 -565.4023582416029
303 -564.4309201344195
304 -563.4585328625759
305 -562.4850694819351
306 -561.5104275277894
307 -560.5345311756984
308 -559.5571473998489
309 -558.5788060458714
310 -557.5993340514219
311 -556.6186581896436
312 -555.6368438735462
313 -554.6540543870113
314 -553.6707889179504
315 -552.6868185560627
316 -551.701918051663
317 -550.7160049496703
318 -549.7289816004759
319 -548.7408426546071
320 -547.7517233356012
321 -546.761670881967
322 -545.7706779324943
323 -544.7787542476835
324 -543.7864433679712
325 -542.7932294387941
326 -541.7996757756183
327 -540.8051750831518
328 -539.809912597113
329 -538.8136677773969
330 -537.8167142964446
331 -536.8187963323572
332 -535.8201652094892
333 -534.8208299195578
334 -533.8209636796995
335 -532.8208066917704
336 -531.8200426289783
337 -530.8192265410213
338 -529.8178980873871
339 -528.8159624662391
340 -527.8132819880381
341 -526.8100503183167
342 -525.8059579576033
343 -524.8012557863054
344 -523.7958745104423
345 -522.7901396978273
346 -521.7839115799205
347 -520.7771973792537
348 -519.7701940607233
349 -518.7626591021885
350 -517.7541409400499
351 -516.7447190342357
352 -515.7343240767032
353 -514.7230600507938
354 -513.7111278489064
355 -512.698640714983
356 -511.6857576569445
357 -510.6721851625925
358 -509.6585285951186
359 -508.6443229700685
360 -507.629509833571
361 -506.6139447251434
362 -505.597888039843
363 -504.5810367397989
364 -503.5635706902086
365 -502.546082334247
366 -501.5278707038494
367 -500.5095208561887
368 -499.4906866426982
369 -498.4713781597266
370 -497.4512972529183
371 -496.4302970828315
372 -495.4087919746224
373 -494.3867853464899
374 -493.3645618283874
375 -492.3421427925982
376 -491.3195558688068
377 -490.2963740591834
378 -489.2725654563793
379 -488.2481779414814
380 -487.2230351497371
381 -486.1974057075714
382 -485.1714842384714
383 -484.1455543371599
384 -483.1191812588566
385 -482.0924478499389
386 -481.06562717963
387 -480.0385170688247
388 -479.0112238612063
389 -477.9837125531711
390 -476.9559330241053
391 -475.9279350349342
392 -474.8997319391567
393 -473.8714212917212
394 -472.8427470072597
395 -471.8140259588988
396 -470.7852999190326
397 -469.7565842302673
398 -468.727887169905
399 -467.6991393092285
400 -466.6703517664811
401 -465.6416259704884
402 -464.6129787908085
403 -463.5842314035411
404 -462.5556883240267
405 -461.5273974367728
406 -460.4990488338457
407 -459.4708316590303
408 -458.4428284369694
409 -457.4149414548306
410 -456.3871807483947
411 -455.3593537692605
412 -454.3319713266638
413 -453.3049405693523
414 -452.2784116440923
415 -451.2523249449561
416 -450.2266375482873
417 -449.201357160906
418 -448.1765266697266
419 -447.1520877981314
420 -446.1281204628217
421 -445.1046823700663
422 -444.0818339532705
423 -443.0595782354215
424 -442.0378732701116
425 -441.0164456803337
426 -439.9957733779877
427 -438.9756540995666
428 -437.9559860926405
429 -436.9368260856086
430 -435.9183097827222
431 -434.9004660337926
432 -433.8832350897883
433 -432.8666050386896
434 -431.8506159313835
435 -430.8350982252686
436 -429.8203088621368
437 -428.806188815595
438 -427.7926084653782
439 -426.7795082174392
440 -425.766928133764
441 -424.7547566377379
442 -423.7432229201351
443 -422.7326405290908
444 -421.722776060843
445 -420.7135795360576
446 -419.7049240005376
447 -418.6967928456522
448 -417.6892296409493
449 -416.6824928374961
450 -415.6762979074266
451 -414.6705544451984
452 -413.6654052475628
453 -412.6610161573446
454 -411.6569227310073
455 -410.6527441978197
456 -409.6493609907809
457 -408.6466245557912
458 -407.6442328297708
459 -406.6424776948272
460 -405.6415932971532
461 -404.641055113614
462 -403.6408358373174
463 -402.6413389640734
464 -401.6418053751914
465 -400.6420397479374
466 -399.6430536316156
467 -398.6448015405255
468 -397.6469355589168
469 -396.6498114661206
470 -395.6527701674434
471 -394.6561068369148
472 -393.6599358768198
473 -392.6641551804962
474 -391.6686672714642
475 -390.6737986343367
476 -389.678625826203
477 -388.6847722983371
478 -387.6922678794541
479 -386.7006342601535
480 -385.7098023544094
481 -384.7197529248594
482 -383.7304841746545
483 -382.742028429755
484 -381.7544496884645
485 -380.7678003582431
486 -379.7821169834161
487 -378.7974337159982
488 -377.8137693140074
489 -376.8311397213745
490 -375.8495598028086
491 -374.8690451459442
492 -373.8896102064841
493 -372.911270590778
494 -371.934048885486
495 -370.9579663966971
496 -369.9830645011215
497 -369.0093617702458
498 -368.036877028631
499 -367.0656537010822
500 -366.0957403959447
501 -365.1271720065715
502 -364.1599827786715
503 -363.1942113816696
504 -362.2298939434987
505 -361.267065048258
506 -360.3057551655867
507 -359.345994281405
508 -358.3878072894396
509 -357.4312193596763
510 -356.4762466012037
511 -355.5229055474754
512 -354.571217296552
513 -353.6211991110895
514 -352.6728597223888
515 -351.7262083217087
516 -350.7812570673125
517 -349.838014678618
518 -348.8964840981496
519 -347.9566747415226
520 -347.0185896648667
521 -346.082229903721
522 -345.1475944429774
523 -344.2146842391425
524 -343.2834987863295
525 -342.3540338539104
526 -341.4262867207714
527 -340.5002578247765
528 -339.575942181007
529 -338.6533374371608
530 -337.7324436984247
531 -336.8132632531568
532 -335.8958004741963
533 -334.9800604493263
534 -334.0660520838401
535 -333.1537891688135
536 -332.2432846996973
537 -331.3345562960154
538 -330.4276246715125
539 -329.522508508707
540 -328.6192353699207
541 -327.7178338964766
542 -326.8183273917309
543 -325.9207480703581
544 -325.0251323786204
545 -324.1315140181961
546 -323.2399290439081
547 -322.3504132472008
548 -321.463004117267
549 -320.5777391717344
550 -319.694656049324
551 -318.8137922629223
552 -317.935187908431
553 -317.0588806169889
554 -316.1849065625161
555 -315.3133033798198
556 -314.4441084945373
557 -313.5773589686614
558 -312.7130929389482
559 -311.8513461734598
560 -310.9921546356165
561 -310.1355573214636
562 -309.2816900538826
563 -308.4307199334517
564 -307.5835006595925
565 -306.7412395318092
566 -305.9416832501261
567 -305.1469750928693
568 -304.3518104871886
569 -303.551401178328
570 -302.7553351500836
571 -301.9609043633768
572 -301.1652969071117
573 -300.3695388124597
574 -299.5736055924237
575 -298.7777122068359
576 -297.9823126029432
577 -297.1881471480508
578 -296.3955621435755
579 -295.6049051832766
580 -294.8163044336916
581 -294.0298402851703
582 -293.2455817888074
583 -292.4636120616452
584 -291.6840304600284
585 -290.9068903420763
586 -290.1322054952105
587 -289.3600092245673
588 -288.5902884118759
589 -287.8230348744909
590 -287.0582603605711
591 -286.2959736150948
592 -285.5361840186595
593 -284.7788852972367
594 -284.0240125795534
595 -283.2714215736486
596 -282.5210913899574
597 -281.7729028371811
598 -281.0270067425243
599 -280.2835360489794
600 -279.5425216490731
601 -278.8038105312653
602 -278.0678533566086
603 -277.334728491328
604 -276.603658637059
605 -275.8746132614721
606 -275.1476274856489
607 -274.4226476953679
608 -273.6996999871553
609 -272.978749886393
610 -272.2597357515446
611 -271.5421520108029
612 -270.8262564787773
613 -270.1120715524891
614 -269.4006036465789
615 -268.6904780121759
616 -267.982478084101
617 -267.2765673015635
618 -266.5724112771748
619 -265.8697074286629
620 -265.1683248498289
621 -264.4680676569136
622 -263.7688842320313
623 -263.0709419122229
624 -262.3743292680247
625 -261.6785912854876
626 -260.9841951964722
627 -260.2910776868517
628 -259.5991789882808
629 -258.9084267635227
630 -258.2187025053443
631 -257.5299132261479
632 -256.8420275848586
633 -256.1550055915451
634 -255.4687790897762
635 -254.783312053151
636 -254.0986929024528
637 -253.4149661342928
638 -252.732129570955
639 -252.0501654477546
640 -251.3690323172885
641 -250.6886700168048
642 -250.0090870842025
643 -249.3302008868982
644 -248.6518284259544
645 -247.9738936140253
646 -247.2967366579771
647 -246.6200734269415
648 -245.9439686465198
649 -245.2681641785597
650 -244.5923637592918
651 -243.9163971646204
652 -243.2402719155825
653 -242.56391203691
654 -241.8879665466018
655 -241.2125024919604
656 -240.5375646079386
657 -239.8630233791505
658 -239.1885543712561
659 -238.5139901510389
660 -237.8391341146639
661 -237.1645362006832
662 -236.4899428025229
663 -235.8149375870701
664 -235.1395974730125
665 -234.4644036384752
666 -233.7893079732905
667 -233.1140262264595
668 -232.4384792291966
669 -231.7621458889265
670 -231.0851805237829
671 -230.407761272743
672 -229.7299358787422
673 -229.0517706777418
674 -228.3732758796602
675 -227.6945328533471
676 -227.015833611959
677 -226.3371944555511
678 -225.6586258798446
679 -224.9802109226906
680 -224.3019594835069
681 -223.6239483496002
682 -222.9468100432122
683 -222.2700869344127
684 -221.5934843375574
685 -220.9171096525116
686 -220.2407740395288
687 -219.5653970293712
688 -218.8897177194387
689 -218.2138710685501
690 -217.5384416351156
691 -216.8634231001134
692 -216.1889173755123
693 -215.5151045079273
694 -214.8421053339704
695 -214.1698209670888
696 -213.4984689564556
697 -212.8281975316759
698 -212.1589790427684
699 -211.491428108525
700 -210.8263181228693
701 -210.162750573378
702 -209.5003675009168
703 -208.8391390209907
704 -208.1787606518964
705 -207.5195432838839
706 -206.8618322665871
707 -206.2055559391511
708 -205.5507837915914
709 -204.8958600985343
710 -204.2432262880699
711 -203.5926647673454
712 -202.9443095260025
713 -202.2980077739848
714 -201.6534312120264
715 -201.0116920305369
716 -200.3735214962679
717 -199.7386535096394
718 -199.1068489697478
719 -198.4776232713324
720 -197.8525055353284
721 -197.2300130592409
722 -196.6104479989716
723 -195.9941551472344
724 -195.3812374075407
725 -194.7715565932325
726 -194.165420221031
727 -193.5631171997576
728 -192.9642805768237
729 -192.3683816629107
730 -191.7760185956423
731 -191.1713012632913
732 -190.5785208533643
733 -189.99148811243
734 -189.4021457217258
735 -188.8238464698265
736 -188.235415952942
737 -187.6599755740141
738 -187.0894991380396
739 -186.5221159296569
740 -185.962499324066
741 -185.4089630887001
742 -184.8620036403291
743 -184.2769612740055
744 -183.7151869391334
745 -183.1758494094809
746 -182.6089561189888
747 -182.060109229321
748 -181.5333629872644
749 -181.0228595624331
750 -180.5176648081093
751 -180.0156073681391
752 -179.4535510443557
753 -178.9313081872645
754 -178.4315628776747
755 -177.87262961319
756 -177.3645734927485
757 -176.8827470511689
758 -176.4137416181287
759 -175.9531733470265
760 -175.4989168645781
761 -175.0492098089175
762 -174.6026872217837
763 -174.073177572707
764 -173.5906235101732
765 -173.1351019066292
766 -172.6064630038703
767 -172.1455821347702
768 -171.7109917068782
769 -171.2933580635514
770 -170.8856604011833
771 -170.483978601294
772 -170.0839697712055
773 -169.6860242343497
774 -169.1878198198636
775 -168.748653821706
776 -168.2378948540324
777 -167.6497836622275
778 -167.2025939616876
779 -166.657801385135
780 -166.2446268906292
781 -165.8843962819665
782 -165.5495566116847
783 -165.2299640439295
784 -164.9158904837852
785 -164.6038451752468
786 -164.2883323401763
787 -163.9696266450843
788 -163.6470399221243
789 -163.149287103857
790 -162.771487629843
791 -162.4156677313489
792 -162.0778336002185
793 -161.6030471724112
794 -161.2363138364792
795 -160.9161796679875
796 -160.6173066757047
797 -160.3330332429594
798 -160.0546925960087
799 -159.7773683377153
800 -159.5000968337641
801 -159.2200853073871
802 -158.9347592193939
803 -158.6421480531553
804 -157.9923284219115
805 -157.5353297392046
806 -157.205533243871
807 -156.9157763098008
808 -156.6546689087284
809 -156.4109261055615
810 -156.1758693348269
811 -155.9413414901778
812 -155.7009670494328
813 -155.4568652863166
814 -155.2098416247303
815 -154.9579323439794
816 -154.701330140426
817 -154.2493752368491
818 -153.715121843554
819 -153.3281049805536
820 -153.049945243559
821 -152.8111863992286
822 -152.5949088443269
823 -152.3909450768351
824 -152.1909064809869
825 -151.985226022932
826 -151.7724084426271
827 -151.560043686524
828 -151.3432212924891
829 -150.9098508315602
830 -150.3674226743287
831 -149.9985400504045
832 -149.7486278601959
833 -149.541104395381
834 -149.3586293228208
835 -149.188177501304
836 -149.0195169207429
837 -148.8450690912951
838 -148.6610497400965
839 -148.4771166152448
840 -148.0626635626601
841 -147.5199100098082
842 -147.1622169684186
843 -146.9350270228744
844 -146.7795843228574
845 -146.6619755768735
846 -146.5640785444951
847 -146.4700759564936
848 -146.3636147548965
849 -146.2337272908613
850 -146.0751296915146
851 -145.9000130704785
852 -145.2426813166328
853 -144.7373270339613
854 -144.3828884402117
855 -144.1233328084802
856 -143.8973337977386
857 -143.6953478960653
858 -143.5006071155801
859 -143.3038736198386
860 -143.1031104233628
861 -142.8960732122861
862 -142.6957064563728
863 -142.0256443714003
864 -141.5411030384257
865 -141.2287690301737
866 -141.0534559764084
867 -140.9405583977521
868 -140.8566685315226
869 -140.7865824587023
870 -140.7121806363886
871 -140.6166046189756
872 -140.4961209123384
873 -139.8623369767143
874 -139.3969669320323
875 -139.0827820023314
876 -138.8674713885138
877 -138.7227615178822
878 -138.5988683212404
879 -138.4871905331158
880 -138.3641366731977
881 -138.2189189306574
882 -138.0506472972275
883 -137.3660009445499
884 -136.8642078885435
885 -136.503365114894
886 -136.2435677647607
887 -136.091872480079
888 -135.9651034149595
889 -135.837114244252
890 -135.6996085338292
891 -135.5472823799977
892 -134.8452994558926
893 -134.3368149591974
894 -133.9645690009177
895 -133.7022708282948
896 -133.5596848469955
897 -133.4411170427562
898 -133.3248432689969
899 -133.1846276932398
900 -133.0317392467136
901 -132.3272145714663
902 -131.837924286925
903 -131.4467668551813
904 -131.2088998835818
905 -131.0898703957105
906 -130.9933874207465
907 -130.868390177524
908 -130.7327655175502
909 -130.2985138347873
910 -129.7099811185806
911 -129.2632910354456
912 -128.9635274658144
913 -128.8024687902665
914 -128.7014699482696
915 -128.5766114811694
916 -128.4251463103518
917 -127.9703593093961
918 -127.3465836342532
919 -126.8939955961527
920 -126.5893654714021
921 -126.4284064977406
922 -126.3332712521217
923 -126.2132839654746
924 -126.0529935700354
925 -125.5778411915399
926 -124.9259561402125
927 -124.4545130923288
928 -124.1467973074242
929 -123.9725283069843
930 -123.866865411481
931 -123.7331228809383
932 -123.5518516461026
933 -123.0661902492514
934 -122.3973349601347
935 -121.9537379958488
936 -121.6742356216798
937 -121.5017551204611
938 -121.391935412366
939 -121.2638999516394
940 -120.8128879552146
941 -120.1625532767147
942 -119.7175064588852
943 -119.4217139836122
944 -119.235663433409
945 -119.1294202324239
946 -119.0358169152037
947 -118.5998889174157
948 -117.9463757180218
949 -117.5044299754265
950 -117.224559915731
951 -117.0458574898136
952 -116.9646925972529
953 -116.8869846556453
954 -116.4567287190365
955 -115.797782651817
956 -115.3511231551055
957 -115.0501393607442
958 -114.8657172311997
959 -114.7911145838848
960 -114.7463490844627
961 -114.3687284062663
962 -113.7793826413031
963 -113.3885792254404
964 -113.1284405386845
965 -112.9507986282753
966 -112.8479644527014
967 -112.4540071371178
968 -111.8311675218486
969 -111.3805549682333
970 -111.054577788716
971 -110.8265855450661
972 -110.6912923043169
973 -110.5919854561918
974 -110.1597425462051
975 -109.5341339441966
976 -109.1304750741224
977 -108.8812372374567
978 -108.7124472857477
979 -108.588404404369
980 -108.1488287403033
981 -107.4845231343275
982 -107.0180176718366
983 -106.7071361328627
984 -106.5070284798006
985 -106.3879392906467
986 -105.9844200552555
987 -105.3662242828577
988 -104.9420916265077
989 -104.6569882970831
990 -104.4687041668235
991 -104.3504013077579
992 -103.9128249635022
993 -103.229400910532
994 -102.7429940423356
995 -102.4235932001626
996 -102.221465963648
997 -102.0885727654816
998 -101.6501223178313
999 -100.9791239286257
1000 -100.4937954911496
1001 -100.1506541680431
1002 -99.89993032892113
1003 -99.70194293353273
1004 -99.21115648314435
1005 -98.5079121999829
1006 -98.00104616699912
1007 -97.64381214931305
1008 -97.38221263316888
1009 -96.84673791564929
1010 -96.10285261247401
1011 -95.55438444937397
1012 -95.16277524867336
1013 -94.90113632431792
1014 -94.70292971973799
1015 -94.18663479353032
1016 -93.43122135269483
1017 -92.87968041930296
1018 -92.51651871200713
1019 -92.24811907609237
1020 -91.69548295748774
1021 -90.91991485632491
1022 -90.31073293668712
1023 -89.84180964585155
1024 -89.52103254213945
1025 -89.28384829785449
1026 -88.41868223381825
1027 -87.74186183973613
1028 -87.2445553055579
1029 -86.88549031704497
1030 -86.61154932230468
1031 -85.69362315279697
1032 -84.9553588070082
1033 -84.37568906935591
1034 -83.96355938388811
1035 -83.65322705965968
1036 -82.71903938684869
1037 -82.00331161436895
1038 -81.43822061634748
1039 -81.06022483881529
1040 -80.76637481924233
1041 -79.8265990618261
1042 -79.07852384113548
1043 -78.48585389171274
1044 -78.10712727786711
1045 -77.81707916275408
1046 -76.89875159751688
1047 -76.17474273932309
1048 -75.60340235760263
1049 -75.20145711291252
1050 -74.85209706550901
1051 -73.86895920033095
1052 -73.0788470220059
1053 -72.48072645048968
1054 -72.07424330699816
1055 -71.72765118245698
1056 -70.76220463129974
1057 -69.98297434770147
1058 -69.40337235145188
1059 -68.94402745213074
1060 -67.81839345903288
1061 -66.98606316576851
1062 -66.30962268089851
1063 -65.88145953939775
1064 -65.56967941832995
1065 -64.6183851789462
1066 -63.8544798388878
1067 -63.27503539394786
1068 -62.81889770028383
1069 -61.70691614494109
1070 -60.888899108724
1071 -60.20451919131793
1072 -59.72744759888542
1073 -59.32890031059152
1074 -58.31670331677209
1075 -57.48504284154873
1076 -56.86692489181307
1077 -56.3606175786128
1078 -55.22464124705994
1079 -54.39189253849973
1080 -53.77847516843265
1081 -53.30845056981404
1082 -52.20802347029638
1083 -51.39748343343383
1084 -50.77311815037955
1085 -50.29647438515391
1086 -49.16600127890759
1087 -48.32670628143303
1088 -47.68075889232214
1089 -47.19007614815401
1090 -46.0384715677174
1091 -45.26927874158345
1092 -44.81535347542761
1093 -44.58134881020517
1094 -44.42029504742492
1095 -44.36718378647134
1096 -44.33755300070834
1097 -44.29119652735208
1098 -44.26201727171335
1099 -44.21308259885883
1100 -44.13717192253156
1101 -44.02606316097206
1102 -43.87910085224387
1103 -43.72660081987709
1104 -43.59464620854217
1105 -43.50066979543991
1106 -43.41396268963815
1107 -43.32025964956885
1108 -43.23734542763158
1109 -43.16350445421119
1110 -43.08434642997017
1111 -43.01301307049273
1112 -42.962890309459
1113 -42.92576769416932
1114 -42.88601701115408
1115 -42.84425263458034
1116 -42.81132797115411
1117 -42.79534283252571
1118 -42.77885933554344
1119 -42.76306799749857
1120 -42.76678894961118
1121 -42.79434897805901
1122 -42.81856421713007
1123 -42.83461285536261
1124 -42.84537029652378
1125 -42.85858758298039
1126 -42.86109530277326
1127 -42.89564663289935
1128 -42.95889956766389
1129 -43.03316125040236
1130 -43.12010241288095
1131 -43.22082970208672
1132 -43.32272381684992
1133 -43.42501346116641
1134 -43.52259354237872
1135 -43.61066145421676
1136 -43.69980055099013
1137 -43.79045853532485
1138 -43.874715835181
1139 -43.9521030566493
1140 -44.02462601050285
1141 -44.0910247837791
1142 -44.16710625037439
1143 -44.27281264979281
1144 -44.39223110747001
1145 -44.52134492311666
1146 -44.65801733591303
1147 -44.79376500384348
1148 -44.92452784868956
1149 -45.03928029106233
1150 -45.13752076224892
1151 -45.23938467166681
1152 -45.34166043904936
1153 -45.43783895423729
1154 -45.53128638994352
1155 -45.61737973418497
1156 -45.68847663902811
1157 -45.77321031282868
1158 -45.88004963342264
1159 -45.99411729651729
1160 -46.11655295399122
1161 -46.23937401315337
1162 -46.36168353516436
1163 -46.48008220341589
1164 -46.58440872952619
1165 -46.66267818253883
1166 -46.73157657089495
1167 -46.79644414156669
1168 -46.85414060423324
1169 -46.91272161475614
1170 -46.96827367300303
1171 -47.01478097702313
1172 -47.06752441034968
1173 -47.13619684642417
1174 -47.22053754812607
1175 -47.31388556898361
1176 -47.41026656910837
1177 -47.50648810338008
1178 -47.59586655467248
1179 -47.67135870512475
1180 -47.72353227553155
1181 -47.775151491699
1182 -47.8291818577122
1183 -47.88359688614219
1184 -47.93864942470712
1185 -47.99362195164574
1186 -48.04917724136161
1187 -48.11773932437969
1188 -48.19031931869142
1189 -48.27722516503824
1190 -48.36707636897412
1191 -48.45649219161425
1192 -48.54171595643879
1193 -48.6146159780569
1194 -48.67730451635619
1195 -48.72239457103318
1196 -48.76313176604305
1197 -48.80933680733347
1198 -48.85820299330024
1199 -48.90603146967623
1200 -48.96603276154167
1201 -49.03672882814799
1202 -49.1134445515106
1203 -49.18926676172174
1204 -49.26565208382112
1205 -49.33958920219101
1206 -49.4132315084026
1207 -49.48660480421199
1208 -49.55607174243676
1209 -49.6144900809958
1210 -49.66560080793861
1211 -49.70270683074835
1212 -49.73860027583973
1213 -49.78150395585851
1214 -49.82863698808029
1215 -49.88342038662081
1216 -49.93972770457687
1217 -50.00233853747556
1218 -50.07485283083148
1219 -50.15269584731615
1220 -50.22573928590406
1221 -50.29175150430177
1222 -50.34998950029023
1223 -50.40672071384878
1224 -50.46131555913336
1225 -50.51027377141428
1226 -50.55017431484102
1227 -50.59380184706211
1228 -50.65011281847393
1229 -50.72242623989803
1230 -50.80398753814444
1231 -50.88915979947787
1232 -50.97385484627054
1233 -51.06125560905561
1234 -51.1560043706684
1235 -51.25075427923649
1236 -51.34236218210033
1237 -51.4217493219877
1238 -51.494687402299
1239 -51.56570526355561
1240 -51.63032035459059
1241 -51.68459066780251
1242 -51.73427802286733
1243 -51.79550380169389
1244 -51.87745695192771
1245 -51.96396509049934
1246 -52.05136252495242
1247 -52.13538146316013
1248 -52.21196296538054
1249 -52.28418499323817
1250 -52.35828074561553
1251 -52.42526491744626
1252 -52.48599131871617
1253 -52.5360562070685
1254 -52.57716916150928
1255 -52.61394318276501
1256 -52.64267085551082
1257 -52.67457450081331
1258 -52.72580505830752
1259 -52.78463182452965
1260 -52.85556731461804
1261 -52.93123277613417
1262 -53.00466057853227
1263 -53.07313379324031
1264 -53.13990176034089
1265 -53.20102624558148
1266 -53.25295679458478
1267 -53.29973285596658
1268 -53.34105461944146
1269 -53.37393668417857
1270 -53.40191308975151
1271 -53.42850169792162
1272 -53.46780534334272
1273 -53.52740747783793
1274 -53.59980156724924
1275 -53.68415196203842
1276 -53.77864584305365
1277 -53.87315456284867
1278 -53.96900992348642
1279 -54.06063811121702
1280 -54.14269009345117
1281 -54.21111056778485
1282 -54.26768388622103
1283 -54.31127659364991
1284 -54.3453032631358
1285 -54.38185679161221
1286 -54.43762594514872
1287 -54.51960026868517
1288 -54.62396295419029
1289 -54.74297071705571
1290 -54.8633595842129
1291 -54.97916433934552
1292 -55.08649104793234
1293 -55.17841063152024
1294 -55.2549259820051
1295 -55.31944481390778
1296 -55.37459184879206
1297 -55.41774180049393
1298 -55.45261849186073
1299 -55.5075373090074
1300 -55.59168985405141
1301 -55.69248163823519
1302 -55.80327232361313
1303 -55.91804320697161
1304 -56.02447663412145
1305 -56.11931673833373
1306 -56.20497749417869
1307 -56.28199887990819
1308 -56.35356194549887
1309 -56.41970779209485
1310 -56.47872098464126
1311 -56.52468208408829
1312 -56.56836503537787
1313 -56.63552812237374
1314 -56.72594829990001
1315 -56.83021560037883
1316 -56.94461322235598
1317 -57.06766450406453
1318 -57.19286601972465
1319 -57.31355000823255
1320 -57.42781109431984
1321 -57.53825959066759
1322 -57.6464604339366
1323 -57.75276253179266
1324 -57.85694938320689
1325 -57.95933249940853
1326 -58.0599939994014
1327 -58.15989220133766
1328 -58.26360642478191
1329 -58.37694400777657
1330 -58.50003718008074
1331 -58.63582263936745
1332 -58.78050244243014
1333 -58.93185311943893
1334 -59.08703325732021
1335 -59.24463376618578
1336 -59.40460087450957
1337 -59.56598228494752
1338 -59.72722257959687
1339 -59.88748203487426
1340 -60.04579462140556
1341 -60.20190343707731
1342 -60.35539087914752
1343 -60.50646553651796
1344 -60.6558408993503
1345 -60.80362997874736
1346 -60.9501325749135
1347 -61.09524619247219
1348 -61.2397234941635
1349 -61.384347221638
1350 -61.52946702881192
1351 -61.67501423449193
1352 -61.82122373302044
1353 -61.96859875686092
1354 -62.11659578258217
1355 -62.26572509682204
1356 -62.41527974650024
1357 -62.56456342605063
1358 -62.71288934961475
1359 -62.86034140306629
1360 -63.00642117558323
1361 -63.15086098370257
1362 -63.29338447784146
1363 -63.43396818018792
1364 -63.57305898568022
1365 -63.7108017474178
1366 -63.84712418159148
1367 -63.98190494425462
1368 -64.11510764659917
1369 -64.24721340796057
1370 -64.37843914412018
1371 -64.50943433478962
1372 -64.64051413560537
1373 -64.77179814858138
1374 -64.90313850416231
1375 -65.03441195066054
1376 -65.16629352167232
1377 -65.29888676714312
1378 -65.43328837815503
1379 -65.56910913015848
1380 -65.70643998338085
1381 -65.84496408351741
1382 -65.98515148984987
1383 -66.12597189417815
1384 -66.26759022690315
1385 -66.41092622545852
1386 -66.55647978353232
1387 -66.7045985201278
1388 -66.85513005515834
1389 -67.00882910841409
1390 -67.16620562963712
1391 -67.32677851055755
1392 -67.49011620864994
1393 -67.65615596362301
1394 -67.82425959666796
1395 -67.99542667914653
1396 -68.17074728473696
1397 -68.34955008904186
1398 -68.53123618486354
1399 -68.71702970843339
1400 -68.90621140285194
1401 -69.0982221570067
1402 -69.29444945108007
1403 -69.49351065158724
1404 -69.69678258166456
1405 -69.90405143601033
1406 -70.11491626255665
1407 -70.33122214466634
1408 -70.55231593060913
1409 -70.77666777361122
1410 -71.00247686566402
1411 -71.23161543964025
1412 -71.46488321389536
1413 -71.70110967328988
1414 -71.94171835667052
1415 -72.18516586910911
1416 -72.42993182841187
1417 -72.67535867587594
1418 -72.91941710118516
1419 -73.16156068455696
1420 -73.40344072182805
1421 -73.64366751986303
1422 -73.88191770726492
1423 -74.11669837926365
1424 -74.34902033658005
1425 -74.57778798581532
1426 -74.80350445529234
1427 -75.02647584921795
1428 -75.24555661124359
1429 -75.46217620153254
1430 -75.67578736656063
1431 -75.88641160688226
1432 -76.09365608617364
1433 -76.29813477370416
1434 -76.49999677113641
1435 -76.69746533120116
1436 -76.89309060816603
1437 -77.08642604066962
1438 -77.27706250840302
1439 -77.46457346967628
1440 -77.64922980385268
1441 -77.82894018468346
1442 -78.00708420166093
1443 -78.18445513214333
1444 -78.36116117655757
1445 -78.53495345626762
1446 -78.70643485217921
1447 -78.87759673838492
1448 -79.05035984056897
1449 -79.22316223407248
1450 -79.39421033025705
1451 -79.56234643585219
1452 -79.7300446664922
1453 -79.8995138254908
1454 -80.07070526216958
1455 -80.24083073743958
1456 -80.40929109070663
1457 -80.57544574835563
1458 -80.74195642748572
1459 -80.91025938697905
1460 -81.07945266306618
1461 -81.24750420234179
1462 -81.41261526844831
1463 -81.57590428767554
1464 -81.73737823687708
1465 -81.90107289115315
1466 -82.06863963317906
1467 -82.24114627983529
1468 -82.41572400778878
1469 -82.59205100226188
1470 -82.76870296460177
1471 -82.94940268408396
1472 -83.13528968949234
1473 -83.32605001215632
1474 -83.51990911840124
1475 -83.71492563437133
1476 -83.91041142411197
1477 -84.10575866838909
1478 -84.30258214227551
1479 -84.5028707198762
1480 -84.70720880850784
1481 -84.91529057274394
1482 -85.12656346026476
1483 -85.34111629228666
1484 -85.56009534889901
1485 -85.78518455597489
1486 -86.01553269901308
1487 -86.25191914562616
1488 -86.49525973723325
1489 -86.74665277709801
1490 -87.01367244752321
1491 -87.30685362128506
1492 -87.65144885694539
1493 -88.086675438467
1494 -88.65665830491361
1495 -89.3958897084994
1496 -90.37065810666947
1497 -91.63798239324717
1498 -93.19719533840274
1499 -94.82524006668163
1500 -96.39133840655535
1501 -97.90132480084972
1502 -99.33943534337814
1503 -100.6531470751531
1504 -101.8055897780503
1505 -102.8156291804129
1506 -103.6896719247633
1507 -104.3834457717592
1508 -104.9794460013745
1509 -105.4806858890643
1510 -105.8942913881727
1511 -106.1775483811217
1512 -106.4132614904865
1513 -106.6021751901548
1514 -106.7467907676111
1515 -106.8495741118331
1516 -106.9156798824167
1517 -106.9462772617664
1518 -106.9450937062856
1519 -106.9153244384705
1520 -106.8592948287602
1521 -106.7802832629288
1522 -106.6815676636347
1523 -106.5658612313743
1524 -106.4340339703992
1525 -106.2868742589756
1526 -106.1258034668542
1527 -105.9526800283419
1528 -105.7704826488967
1529 -105.58021754486
1530 -105.3829310301705
1531 -105.1803316095776
1532 -104.9746230135947
1533 -104.7678726735503
1534 -104.5615125699164
1535 -104.3580986217107
1536 -104.1596441834228
1537 -103.9655181024181
1538 -103.7756306136715
1539 -103.5900748376154
1540 -103.4100032903634
1541 -103.2362004488321
1542 -103.0682616461564
1543 -102.9062882830283
1544 -102.7509457215589
1545 -102.6032075040302
1546 -102.4639343564761
1547 -102.333837103046
1548 -102.2129595853535
1549 -102.1019301065808
1550 -102.0001859754626
1551 -101.907669375269
1552 -101.8236565807468
1553 -101.7487781117479
1554 -101.6834655287199
1555 -101.6276033407349
1556 -101.5808712577465
1557 -101.5431215321043
1558 -101.5154003699357
1559 -101.4973752626962
1560 -101.4886762157677
1561 -101.4889039688244
1562 -101.498268718082
1563 -101.5170006551689
1564 -101.545702749514
1565 -101.5842270907516
1566 -101.6321087069609
1567 -101.6899283188861
1568 -101.7581642714434
1569 -101.83745016025
1570 -101.9278068225289
1571 -102.0287457487103
1572 -102.1408941525551
1573 -102.2643860644072
1574 -102.3998077324853
1575 -102.5473528654344
1576 -102.7066220011905
1577 -102.8779026916599
1578 -103.0615187106458
1579 -103.2581878484786
1580 -103.4681290410503
1581 -103.6908731378135
1582 -103.9267989907382
1583 -104.1755288956377
1584 -104.4366195186374
1585 -104.7104857101573
1586 -104.9979955780774
1587 -105.2987573673046
1588 -105.6132415533518
1589 -105.9403931031633
1590 -106.2791224052638
1591 -106.6303515007109
1592 -106.9928715664838
1593 -107.3663658277503
1594 -107.7506023594553
1595 -108.144962372194
1596 -108.5488103709507
1597 -108.961238096398
1598 -109.3811514600253
1599 -109.8076883879725
1600 -110.2403813079207
1601 -110.6784795725487
1602 -111.1213529389996
1603 -111.5693162981222
1604 -112.0223456922759
1605 -112.4798539572094
1606 -112.9423075893567
1607 -113.4091320882956
1608 -113.8801389487899
1609 -114.3551622354755
1610 -114.8346115704941
1611 -115.3178866071044
1612 -115.8045343098273
1613 -116.2940546105189
1614 -116.7864546143664
1615 -117.2813677421175
1616 -117.7781973928707
1617 -118.2768125209135
1618 -118.7763114064924
1619 -119.2767110566489
1620 -119.7770204048573
1621 -120.277926506897
1622 -120.7797073566946
1623 -121.2815421214684
1624 -121.7830251976854
1625 -122.2837050032037
1626 -122.7835238906282
1627 -123.2821069228729
1628 -123.77795894687
1629 -124.2703376375863
1630 -124.7593847473862
1631 -125.2446208561079
1632 -125.7260901028708
1633 -126.2036122089838
1634 -126.6769343073179
1635 -127.1457449622436
1636 -127.6099245158854
1637 -128.0692312562432
1638 -128.5228200475831
1639 -128.9708571477315
1640 -129.4128311271256
1641 -129.84812424465
1642 -130.2778664716764
1643 -130.7021521965312
1644 -131.1207785190917
1645 -131.5330380456787
1646 -131.9399570828901
1647 -132.3409152787064
1648 -132.7361260745312
1649 -133.1257494094262
1650 -133.5098970177598
1651 -133.8886699185776
1652 -134.2620637781019
1653 -134.6305411510215
1654 -134.9938174391672
1655 -135.3528649822279
1656 -135.708142911982
1657 -136.0597888301488
1658 -136.4072471790979
1659 -136.750486633509
1660 -137.0893586087722
1661 -137.4247414271737
1662 -137.7564615015017
1663 -138.0847325162696
1664 -138.4098907065669
1665 -138.7321007259238
1666 -139.0516613292076
1667 -139.3685285324327
1668 -139.6825074425165
1669 -139.9937508877699
1670 -140.3027648570189
1671 -140.61040799396
1672 -140.916753323999
1673 -141.2219794702348
1674 -141.5260413005505
1675 -141.8287326194678
1676 -142.1311385997846
1677 -142.4335883588314
1678 -142.7364522504905
1679 -143.0399952770111
1680 -143.3446263415071
1681 -143.6504935438525
1682 -143.9582469797282
1683 -144.2677384250717
1684 -144.5791237570214
1685 -144.892542852045
1686 -145.2079060418635
1687 -145.5253682204882
1688 -145.8446804917363
1689 -146.1661166494818
1690 -146.4893786532227
1691 -146.8148930464207
1692 -147.1424335564991
1693 -147.4714778472884
1694 -147.8018313102231
1695 -148.1337738199546
1696 -148.4671493801825
1697 -148.8014746942913
1698 -149.1365356913345
1699 -149.4721887877536
1700 -149.8082007414366
1701 -150.1442371139788
1702 -150.4800334950101
1703 -150.8153054750492
1704 -151.1498380090054
1705 -151.4831837674918
1706 -151.8148717753139
1707 -152.144836475019
1708 -152.4727533421548
1709 -152.7984424696956
1710 -153.1213960060182
1711 -153.4415480743578
1712 -153.7585770773928
1713 -154.0721060612046
1714 -154.3819510988108
1715 -154.6878878041277
1716 -154.9893495670638
1717 -155.286343643416
1718 -155.5783446325833
1719 -155.8652462406137
1720 -156.1467997026894
1721 -156.4226881234851
1722 -156.6925684583394
1723 -156.956314732807
1724 -157.2132317495032
1725 -157.4627802572014
1726 -157.7049341800583
1727 -157.9396769432182
1728 -158.1670189444471
1729 -158.3867276168823
1730 -158.5988135684322
1731 -158.8032081156129
1732 -158.9998691700284
1733 -159.1888451571705
1734 -159.3699447456971
1735 -159.5428878055905
1736 -159.7072667401339
1737 -159.8628484538536
1738 -160.0094225977965
1739 -160.1467734811206
1740 -160.2746175151041
1741 -160.3932848392679
1742 -160.5026992240062
1743 -160.6030167856773
1744 -160.6942729198253
1745 -160.7764133385847
1746 -160.8494651407734
1747 -160.9136130176136
1748 -160.9689010319601
1749 -161.0154862052599
1750 -161.0537218899167
1751 -161.08363495598
1752 -161.1050912250515
1753 -161.1180289600291
1754 -161.1222647897728
1755 -161.1177345841578
1756 -161.1046500146429
1757 -161.0825810221696
1758 -161.0516833607231
1759 -161.0123302195263
1760 -160.9652940179105
1761 -160.9117900216949
1762 -160.8520380549976
1763 -160.7864304232544
1764 -160.7152623457521
1765 -160.6386712765257
1766 -160.5566148519627
1767 -160.4688900642335
1768 -160.3755370095659
1769 -160.2769385602406
1770 -160.1732445312934
1771 -160.0644846611636
1772 -159.950881238688
1773 -159.8326380706565
1774 -159.7094399058727
1775 -159.5814972443775
1776 -159.4487614618483
1777 -159.3112461698897
1778 -159.169216175694
1779 -159.0227605681957
1780 -158.8721011033128
1781 -158.7172950224666
1782 -158.5583940932065
1783 -158.3954763941711
1784 -158.2287375664114
1785 -158.0583060064271
1786 -157.8840444897174
1787 -157.7061083925026
1788 -157.5249245236399
1789 -157.3409406133171
1790 -157.1542349949138
1791 -156.9649969561133
1792 -156.7735094253852
1793 -156.5798268312362
1794 -156.3846602293945
1795 -156.18799753028
1796 -155.989963029918
1797 -155.7905092231713
1798 -155.5896511678228
1799 -155.3878199910193
1800 -155.1852201930935
1801 -154.9819283935565
1802 -154.7781647145633
1803 -154.5739797152314
1804 -154.3692275987286
1805 -154.163766368847
1806 -153.9576542679947
1807 -153.7508585703236
1808 -153.5434626987038
1809 -153.3355191078246
1810 -153.1270210320194
1811 -152.9179034470416
1812 -152.7082016537136
1813 -152.4979997084191
1814 -152.2876310189595
1815 -152.0771869581829
1816 -151.866701385374
1817 -151.6561427941236
1818 -151.4453090737854
1819 -151.2341210743531
1820 -151.022008172954
1821 -150.8085265965874
1822 -150.5932462066986
1823 -150.3759812788084
1824 -150.1564934402228
1825 -149.9347193424084
1826 -149.7107670362111
1827 -149.4846574317714
1828 -149.2564276399135
1829 -149.0265710315838
1830 -148.7953727695087
1831 -148.5630343008911
1832 -148.3295155658317
1833 -148.0949976776442
1834 -147.8593863093939
1835 -147.6228038783169
1836 -147.385332707377
1837 -147.1471712840932
1838 -146.9081551978053
1839 -146.6684707571842
1840 -146.4282458447152
1841 -146.1879076674263
1842 -145.9474639859457
1843 -145.7067404787734
1844 -145.4663772124374
1845 -145.2263140104187
1846 -144.9864750158084
1847 -144.7469868441787
1848 -144.5085513917753
1849 -144.2712025178109
1850 -144.0353355869233
1851 -143.8007204051459
1852 -143.5675570229373
1853 -143.3357824875793
1854 -143.1056962844411
1855 -142.8771895645246
1856 -142.6501711339651
1857 -142.4247661990121
1858 -142.2008501577149
1859 -141.9784661482677
1860 -141.7577228313008
1861 -141.5386216370325
1862 -141.3212899737713
1863 -141.1059561037198
1864 -140.8921948349569
1865 -140.6796859820595
1866 -140.468262393949
1867 -140.2581221222017
1868 -140.0492018519814
1869 -139.8420876057287
1870 -139.636589649299
1871 -139.4326293916052
1872 -139.2298883957968
1873 -139.0280364338599
1874 -138.8269736447464
1875 -138.6265836247943
1876 -138.4267984965495
1877 -138.2274729417607
1878 -138.028450348499
1879 -137.8296001741759
1880 -137.6314239674497
1881 -137.4337926385739
1882 -137.2366452329053
1883 -137.0397133212512
1884 -136.8427105922566
1885 -136.6457183844328
1886 -136.4486145271571
1887 -136.2514051875025
1888 -136.0541208869753
1889 -135.8572271264848
1890 -135.6607156488543
1891 -135.4644853005705
1892 -135.2684727791552
1893 -135.0726681622066
1894 -134.876713661231
1895 -134.6804723753773
1896 -134.4843917177298
1897 -134.2886643373709
1898 -134.0932610154246
1899 -133.8981314634072
1900 -133.7033122619178
1901 -133.5087869307681
1902 -133.3143889668268
1903 -133.1200934527851
1904 -132.9257842499364
1905 -132.7317669674288
1906 -132.5382986493214
1907 -132.3452793550035
1908 -132.152866833569
1909 -131.961300693457
1910 -131.7703508674856
1911 -131.5799427221441
1912 -131.3902482194908
1913 -131.2012579895511
1914 -131.0127568040497
1915 -130.8248128208533
1916 -130.6375659735678
1917 -130.4509891471232
1918 -130.2652350243143
1919 -130.0803694143274
1920 -129.8963747934009
1921 -129.7130342841792
1922 -129.5305083411065
1923 -129.3487568255137
1924 -129.1679666988273
1925 -128.9884369017863
1926 -128.8099565487259
1927 -128.6324404290538
1928 -128.45575565642
1929 -128.2803206973911
1930 -128.1061871574983
1931 -127.9330837910314
1932 -127.7610267426644
1933 -127.5899169129888
1934 -127.4196193636666
1935 -127.2501865613815
1936 -127.0817485349106
1937 -126.9144354755192
1938 -126.7483587683095
1939 -126.5837313383917
1940 -126.4204723585538
1941 -126.2589815701727
1942 -126.0991253814416
1943 -125.9409240072807
1944 -125.7844022236526
1945 -125.6293329230778
1946 -125.4755857707268
1947 -125.3231051957984
1948 -125.1722090763113
1949 -125.0229066381391
1950 -124.8751794548723
1951 -124.7289371030072
1952 -124.5843056877613
1953 -124.4412218526564
1954 -124.2996412448319
1955 -124.1595264864683
1956 -124.0210283585278
1957 -123.884111571162
1958 -123.7487814180683
1959 -123.6150056325748
1960 -123.4828848853678
1961 -123.352515103352
1962 -123.2237815075732
1963 -123.0968803615902
1964 -122.9718675657428
1965 -122.848787034478
1966 -122.7276971414662
1967 -122.6085101160164
1968 -122.4914023753349
1969 -122.3761762901661
1970 -122.26290079444
1971 -122.1515409465055
1972 -122.0421219053783
1973 -121.9345816719479
1974 -121.8292135559088
1975 -121.7259682400686
1976 -121.6246702315438
1977 -121.5254892433479
1978 -121.4283266085812
1979 -121.3331015554861
1980 -121.2397652883099
1981 -121.1484142958911
1982 -121.058971619784
1983 -120.9711725639698
1984 -120.8849834163273
1985 -120.8003340921878
1986 -120.7174507016608
1987 -120.6357619271932
1988 -120.5551840662442
1989 -120.4756827545408
1990 -120.3972906369749
1991 -120.3199072000133
1992 -120.2434599826374
1993 -120.1678690930908
1994 -120.09298837352
1995 -120.0186975211456
1996 -119.9451084612072
1997 -119.872150357888
1998 -119.7998357846308
1999 -119.7280856937195
2000 -119.6568437849193
2001 -119.586095339136
2002 -119.5157264936533
2003 -119.4456234732456
2004 -119.3757031493547
2005 -119.3058644364301
2006 -119.2360449223032
2007 -119.1662244889508
2008 -119.0962223018396
2009 -119.0260001005365
2010 -118.9554464920318
2011 -118.8844572198273
2012 -118.8129270247294
2013 -118.7406959586163
2014 -118.6675043193723
2015 -118.5933163817706
2016 -118.5180031966175
2017 -118.4415687751229
2018 -118.3638542429556
2019 -118.2846538814261
2020 -118.2039016208294
2021 -118.1213829495894
2022 -118.0370172178715
2023 -117.9506544781003
2024 -117.8622526033154
2025 -117.771732043414
2026 -117.6788337707076
2027 -117.583493644943
2028 -117.4855886204271
2029 -117.3849997795736
2030 -117.2816281257307
2031 -117.1752854260565
2032 -117.0657601884254
2033 -116.9529222099513
2034 -116.8367207885021
2035 -116.7172162250225
2036 -116.5941423954838
2037 -116.4673848882659
2038 -116.3368030526045
2039 -116.202431314604
2040 -116.0642129713708
2041 -115.9220640242587
2042 -115.7758337805754
2043 -115.6254718645171
2044 -115.47111172222
2045 -115.3126428223111
2046 -115.1497795937438
2047 -114.9825752781825
2048 -114.8110946637848
2049 -114.6353059870762
2050 -114.4552517069884
2051 -114.271003943664
2052 -114.0825181121407
2053 -113.8898973280007
2054 -113.6931248193928
2055 -113.4923230261238
2056 -113.2875400546967
2057 -113.0787974753093
2058 -112.8660656231171
2059 -112.6493955535465
2060 -112.428889383487
2061 -112.2048408566258
2062 -111.9770301859307
2063 -111.7459286523832
2064 -111.5113735231111
2065 -111.2736274697055
2066 -111.0329081318441
2067 -110.7895141231913
2068 -110.5434373779759
2069 -110.2948514424486
2070 -110.0440786342773
2071 -109.7912648149037
2072 -109.536610274202
2073 -109.2804489429605
2074 -109.0229398141261
2075 -108.7643439048171
2076 -108.5050511461978
2077 -108.2453354415943
2078 -107.9854382063964
2079 -107.7256386779757
2080 -107.4662084512106
2081 -107.2074417365964
2082 -106.9498125973955
2083 -106.6936737115177
2084 -106.4392184705807
2085 -106.1867680012018
2086 -105.9364742637343
2087 -105.6887442198063
2088 -105.4439774076575
2089 -105.2883927412624
2090 -105.161205735543
2091 -105.0586834118446
2092 -104.9341222731873
2093 -104.8366637011076
2094 -104.7188017776583
2095 -104.6296373359884
2096 -104.520643732525
2097 -104.4397478717262
2098 -104.339112002738
2099 -104.2238604317812
2100 -104.0977043675427
2101 -104.007552408448
2102 -103.9026609717857
2103 -103.8298775976302
2104 -103.7401237008704
2105 -103.6380672004654
2106 -103.5269188760743
2107 -103.4089698200749
2108 -103.2860990473672
2109 -103.2039705009216
2110 -103.1104854839594
2111 -103.0083703966754
2112 -102.9439402018864
2113 -102.866079167265
2114 -102.778337407328
2115 -102.6832524087335
2116 -102.5824252839355
2117 -102.477354410521
2118 -102.41159184674
2119 -102.3351141939092
2120 -102.2507799702824
2121 -102.1600749358647
2122 -102.0643615346161
2123 -101.9648376902088
2124 -101.9059695651264
2125 -101.8346031474292
2126 -101.7528710548162
2127 -101.6620890292671
2128 -101.6025550268664
2129 -101.5284843274725
2130 -101.4414355915943
2131 -101.3428245437664
2132 -101.2338488757517
2133 -101.1139793490524
2134 -100.983498793197
2135 -100.8424470399478
2136 -100.7211203710787
2137 -100.6236986570238
2138 -100.4992854178089
2139 -100.3493380634381
2140 -100.1769024075396
2141 -99.98271966284494
2142 -99.76695927356943
2143 -99.52743598749288
2144 -99.28811383294919
2145 -99.01921268230591
2146 -98.72502983929729
2147 -98.40399023740815
2148 -98.06010817763671
2149 -97.70482562621324
2150 -97.32613871532621
2151 -96.92136238304607
2152 -96.53071272810999
2153 -96.11141618899202
2154 -95.66456939008654
2155 -95.18937247465902
2156 -94.69129221642365
2157 -94.16917472366717
2158 -93.62576490529287
2159 -93.06470128667021
2160 -92.48470336646085
2161 -91.88521962070064
2162 -91.26908977546017
2163 -90.65869373375951
2164 -90.02905532901383
2165 -89.37394567746489
2166 -88.70236659087314
2167 -88.01870483593171
2168 -87.31919112011053
2169 -86.60820320895644
2170 -85.8875744296105
2171 -85.15457798186446
2172 -84.41883179067392
2173 -83.67595629647157
2174 -82.9201831483802
2175 -82.15624551255092
2176 -81.38675611998073
2177 -80.6038174069277
2178 -79.81766701259636
2179 -79.02968330566993
2180 -78.236102396844
2181 -77.4475943577239
2182 -76.66643301251645
2183 -75.88567912081962
2184 -75.10825871477823
2185 -74.33154017699138
2186 -73.54312924454412
2187 -72.75629015114788
2188 -71.98023900515611
2189 -71.2010521695874
2190 -70.41376208644735
2191 -69.63286125857024
2192 -68.87896497459832
2193 -68.14355240592151
2194 -67.42713079864862
2195 -66.73460488813488
2196 -66.08744286269254
2197 -65.45851505989981
2198 -64.83784252707483
2199 -64.20711352163754
2200 -63.58728520466325
2201 -62.97502463662642
2202 -62.35942558121666
2203 -61.73760841380361
2204 -61.12401117633068
2205 -60.52118892336892
2206 -59.92080600820105
2207 -59.32586982522405
2208 -58.7363178415483
2209 -58.1387102626401
2210 -57.5506875150227
2211 -56.97208136415482
2212 -56.40341285855098
2213 -55.84542352369093
2214 -55.29315741866215
2215 -54.75618430028335
2216 -54.23292428519245
2217 -53.68037164239495
2218 -53.13563923787367
2219 -52.60902890256634
2220 -52.10268136494595
2221 -51.61160535245746
2222 -51.12514707629498
2223 -50.65497544010302
2224 -50.18571563208434
2225 -49.73293982679456
2226 -49.30137876063844
2227 -48.88488579894094
2228 -48.4710267988476
2229 -48.07441928039591
2230 -47.68442638471182
2231 -47.30824236221277
2232 -46.94767185583693
2233 -46.6014471849852
2234 -46.25051636279466
2235 -45.92217853617345
2236 -45.60736160332726
2237 -45.30705645611989
2238 -44.99194495105398
2239 -44.6478137916842
2240 -44.34053688419758
2241 -44.0757943007454
2242 -43.82472815568035
2243 -43.58845697747029
2244 -43.37810723759642
2245 -43.17747693589509
2246 -42.99817681757763
2247 -42.84269676643608
2248 -42.69373521588032
2249 -42.56302601488434
2250 -42.45925425264434
2251 -42.36013901740153
2252 -42.28078954898263
2253 -42.21507771822368
2254 -42.15556672547122
2255 -42.10741879211
2256 -42.08784272506262
2257 -42.07475454939747
2258 -42.07555597460504
2259 -42.08991471733287
2260 -42.08480320084291
2261 -42.10252200118729
2262 -42.14710848464614
2263 -42.20201212142721
2264 -42.25615481058379
2265 -42.32904875099483
2266 -42.41135570036018
2267 -42.50835166576294
2268 -42.61906450765552
2269 -42.73257071468957
2270 -42.86023349416094
2271 -42.99638099020463
2272 -43.13692172867005
2273 -43.27980912549808
2274 -43.43297914964093
2275 -43.58634371404921
2276 -43.74690310778772
2277 -43.90651854965382
2278 -44.06871701878541
2279 -44.23496752418011
2280 -44.40215084761078
2281 -44.56661198119586
2282 -44.73691301776484
2283 -44.90843034534043
2284 -45.07839606714501
2285 -45.24646923721716
2286 -45.41537072464565
2287 -45.58168048551997
2288 -45.747955991317
2289 -45.9058040846183
2290 -46.06264172990696
2291 -46.21752305628033
2292 -46.36730400149075
2293 -46.55005767580569
2294 -46.67822458871033
2295 -46.80423148240865
2296 -46.97187422288286
2297 -47.07571472883869
2298 -47.18415844236258
2299 -47.39611122962061
2300 -47.47552408458037
2301 -47.59611652491017
2302 -47.66978725517912
2303 -47.74764271875964
2304 -47.86416270492845
2305 -47.92485939044887
2306 -48.02468569180933
2307 -48.07787151457907
2308 -48.15997210021656
2309 -48.19993790967474
2310 -48.27122773133569
2311 -48.29076393058862
2312 -48.35565864441276
2313 -48.44200739205942
2314 -48.4450666113375
2315 -48.45024575800273
2316 -48.48960960415745
2317 -48.45199214844089
2318 -48.49125144185001
2319 -48.51166650428283
2320 -48.45980978385876
2321 -48.49373554301508
2322 -48.51184109327744
2323 -48.47092033984616
2324 -48.56061342847259
2325 -48.50105366048213
2326 -48.54910983762791
2327 -48.49605314839548
2328 -48.40312545735474
2329 -48.3457721123178
2330 -48.41860941179016
2331 -48.31477935345318
2332 -48.17917298723357
2333 -48.09427317295491
2334 -48.0664704049402
2335 -48.00627906470457
2336 -47.88407776711218
2337 -47.74408078863343
2338 -47.69802787736083
2339 -47.55029825727163
2340 -47.43390903308166
2341 -47.57730616021914
2342 -47.41555427325034
2343 -47.22976671086859
2344 -47.10630438670306
2345 -46.90496204692802
2346 -46.7832451628747
2347 -46.61368331853794
2348 -46.51593803676423
2349 -46.4071396308283
2350 -46.23704398618287
2351 -46.13280318875054
2352 -45.98950348550488
2353 -45.96531165825944
2354 -45.68526372576257
2355 -45.46617124790757
2356 -45.32268782145215
2357 -45.19858238256043
2358 -44.9484912417925
2359 -44.80099847452387
2360 -44.54656293878221
2361 -44.40498265187338
2362 -44.21789806898946
2363 -43.96199758504123
2364 -43.9142612282959
2365 -43.62331967625693
2366 -43.48410706320217
2367 -43.28833207277209
2368 -43.04026477535258
2369 -42.78475337910434
2370 -42.55565530533902
2371 -42.37013770543213
2372 -42.20130623699728
2373 -42.07789896192969
2374 -41.75801858133824
2375 -41.57772025224174
2376 -41.32848910790153
2377 -41.29031614998441
2378 -41.00828243898424
2379 -40.72407087081433
2380 -40.55136495012612
2381 -40.3085108440206
2382 -40.14507760199144
2383 -39.84324475075718
2384 -39.60073336878186
2385 -39.319867590238
2386 -39.13380390319324
2387 -39.00102409428808
2388 -38.69027682018481
2389 -38.47982489354297
2390 -38.18160570997001
2391 -37.99149037601404
2392 -37.86490117829337
2393 -37.56934210765999
2394 -37.38430215148543
2395 -37.13850293673298
2396 -36.85270925575961
2397 -36.60612439499723
2398 -36.37007909020627
2399 -36.09010507912566
2400 -35.92948197425022
2401 -35.6595110341322
2402 -35.38878635736666
2403 -35.13055853338183
2404 -35.00077478220373
2405 -34.75861945269765
2406 -34.54141835160483
2407 -34.21030397989157
2408 -33.97706690512656
2409 -33.74711839867888
2410 -33.45338367881335
2411 -33.2953949693337
2412 -32.98144899983177
2413 -32.73908172320105
2414 -32.4829832985797
2415 -32.2991046438858
2416 -32.09333044880746
2417 -31.81368477926062
2418 -31.4809723374092
2419 -31.2140662562999
2420 -30.96786148340968
2421 -30.77378072406431
2422 -30.50567595179309
2423 -30.18837137700108
2424 -30.10496179393575
2425 -29.75616203080781
2426 -29.60467603647832
2427 -29.2590912841925
2428 -29.03472243623263
2429 -28.81153085536714
2430 -28.64853064971786
2431 -28.35147210405666
2432 -28.06195905069949
2433 -27.90793837911855
2434 -27.75361916546353
2435 -27.47055791509604
2436 -27.21666001654127
2437 -26.92739254416111
2438 -26.69306829860012
2439 -26.54475605279826
2440 -26.29823645853065
2441 -26.01650243332344
2442 -25.90789458631587
2443 -25.78141936771524
2444 -25.50895719812737
2445 -25.3173480721082
2446 -25.15876283294723
2447 -24.93331694536889
2448 -24.68106150675679
2449 -24.48601100067087
2450 -24.24688112866312
2451 -24.16883220034786
2452 -24.00014935499532
2453 -23.84384121280535
2454 -23.58670710166835
2455 -23.46606014565976
2456 -23.22623211402583
2457 -22.9613551786589
2458 -22.84247840404344
2459 -22.59302256481136
2460 -22.61553605746106
2461 -22.54214427730335
2462 -22.30271938833639
2463 -22.11911648841202
2464 -21.99100956464152
2465 -21.7455603276274
2466 -21.76366807535138
2467 -21.66224148521954
2468 -21.52516875072384
2469 -21.35297717972244
2470 -21.232017503288
2471 -21.10740994160751
2472 -21.03447331081659
2473 -20.86682262571711
2474 -20.76833454460841
2475 -20.61754614133432
2476 -20.51435589200915
2477 -20.42730317866262
2478 -20.23157631420583
2479 -20.23744459420536
2480 -20.04797385250976
2481 -20.20124326312114
2482 -19.98864388472551
2483 -19.87048301440415
2484 -19.75115688661802
2485 -19.72402848319626
2486 -19.69330921209638
2487 -19.58429599296958
2488 -19.43913328208892
2489 -19.50674453961195
2490 -19.4380982719933
2491 -19.44926870924942
2492 -19.44071827282072
2493 -19.29024171312091
2494 -19.32145442891076
2495 -19.18956255797814
2496 -19.12375619465861
2497 -19.10746864817801
2498 -19.14051611675109
2499 -19.11792925005751
2500 -19.05588514821542
2501 -19.05633923998699
2502 -19.10829360996801
2503 -19.05441874422182
2504 -19.01786464542285
2505 -19.08052059521627
2506 -19.06425866392328
2507 -19.03420771091396
2508 -19.10048843546104
2509 -19.14259613532584
2510 -19.11449699843344
2511 -19.17281963603504
2512 -19.15127753851153
2513 -19.17772628973331
2514 -19.25444892678481
2515 -19.2427420965951
2516 -19.36374870390985
2517 -19.34985686472061
2518 -19.38180573831369
2519 -19.48733530971059
2520 -19.51688237403131
2521 -19.52707834555783
2522 -19.6474527570721
2523 -19.65785513550202
2524 -19.74668257293825
2525 -19.79889718125162
2526 -19.85151347109183
2527 -19.9707456266871
2528 -20.02133154121545
2529 -20.06276210483038
2530 -20.15573393113717
2531 -20.26300758158815
2532 -20.36647376438791
2533 -20.46408079572186
2534 -20.64078684183799
2535 -20.79584874542659
2536 -20.9616135627402
2537 -21.22411120190939
2538 -21.41555664420498
2539 -21.63793420458165
2540 -21.86146705692863
2541 -22.06397180232474
2542 -22.29198259898047
2543 -22.47747770783536
2544 -22.67935572964643
2545 -22.85600832629046
2546 -23.06135946497616
2547 -23.21165539554443
2548 -23.36568585906159
2549 -23.52206967576362
2550 -23.66136487285241
2551 -23.80555992808797
2552 -23.91227468324604
2553 -24.02341888581735
2554 -24.12732497871682
2555 -24.22854512155493
2556 -24.31594858985148
2557 -24.39923353265815
2558 -24.46994279664191
2559 -24.53518557517674
2560 -24.58471665680793
2561 -24.62287296356987
2562 -24.65288306088836
2563 -24.67486587268569
2564 -24.68955471359629
2565 -24.70391803310103
2566 -24.71757259238152
2567 -24.72683536947471
2568 -24.73237065854107
2569 -24.72430200437559
2570 -24.70186746869164
2571 -24.66051039175844
2572 -24.59976083122209
2573 -24.53253683696766
2574 -24.48248481245625
2575 -24.43837965434851
2576 -24.40733757702546
2577 -24.38344998560548
2578 -24.36382445137956
2579 -24.34708423911699
2580 -24.3307353848591
2581 -24.31315869011008
2582 -24.2936782896768
2583 -24.27567806760207
2584 -24.25331217456458
2585 -24.22929758007901
2586 -24.20296086563329
2587 -24.17651373294418
2588 -24.14883529443387
2589 -24.12289759606291
2590 -24.09505634282613
2591 -24.06719561281513
2592 -24.04105805802101
2593 -24.01628619761581
2594 -23.99209189438597
2595 -23.96995846470703
2596 -23.93117604193242
2597 -23.89506642812588
2598 -23.86340404912767
2599 -23.83501989640624
2600 -23.80597002047353
2601 -23.78187115754416
2602 -23.75281800805305
2603 -23.70459453495284
2604 -23.65963225985926
2605 -23.62827002808979
2606 -23.60815508338866
2607 -23.59090624416169
2608 -23.57036417098814
2609 -23.54945651292996
2610 -23.52574939220853
2611 -23.48422226898743
2612 -23.41583159101938
2613 -23.37561088674284
2614 -23.3359914233536
2615 -23.30790751252373
2616 -23.2852390366853
2617 -23.26584014141348
2618 -23.24662805392325
2619 -23.22471629756169
2620 -23.18868102537949
2621 -23.14216740078547
2622 -23.10850490104182
2623 -23.08805756883236
2624 -23.07244981659191
2625 -23.0614199283666
2626 -23.05527760261968
2627 -23.04914657999212
2628 -23.04167807473654
2629 -23.01199242431086
2630 -22.98423543098784
2631 -22.96437976334954
2632 -22.95746538844516
2633 -22.95494454680038
2634 -22.95278657705209
2635 -22.94778780442135
2636 -22.94135178091793
2637 -22.92780895463882
2638 -22.91341934128185
2639 -22.90176395714202
2640 -22.89498522677881
2641 -22.89156786817113
2642 -22.8886813926791
2643 -22.88787149083472
2644 -22.88800161352595
2645 -22.88819245198123
2646 -22.88843860891356
2647 -22.88874269644404
2648 -22.89091125619061
2649 -22.8955576387972
2650 -22.9018777897792
2651 -22.90862296962673
2652 -22.91726788195938
2653 -22.92716254562036
2654 -22.93882692699859
2655 -22.95312921734887
2656 -22.96878068363706
2657 -22.98560489931869
2658 -23.00404519108016
2659 -23.02236496732501
2660 -23.04311824082411
2661 -23.06422070937562
2662 -23.08473394506397
2663 -23.10488536069207
2664 -23.12583805001102
2665 -23.14630221761961
2666 -23.16935927506854
2667 -23.19412415640535
2668 -23.22189729514852
2669 -23.2521830105173
2670 -23.28412311684005
2671 -23.32027211873464
2672 -23.3589724080433
2673 -23.39792166918924
2674 -23.43843312165524
2675 -23.48102557432431
2676 -23.52400447939717
2677 -23.56789899086623
2678 -23.61373775822145
2679 -23.66011164645434
2680 -23.70707097340814
2681 -23.75601816167356
2682 -23.80630475050689
2683 -23.85522908877944
2684 -23.90491383968931
2685 -23.95323225003899
2686 -23.99923723711361
2687 -24.0454062292108
2688 -24.092995203436
2689 -24.14097875665347
2690 -24.19128012972264
2691 -24.24301580309048
2692 -24.29474961865142
2693 -24.34658984444881
2694 -24.39993910819218
2695 -24.45184644829512
2696 -24.50425440678008
2697 -24.55678625164128
2698 -24.60870669118177
2699 -24.66113297739331
2700 -24.71374967770256
2701 -24.76463647959739
2702 -24.81620880477659
2703 -24.86722685480071
2704 -24.91700239574924
2705 -24.96715048952974
2706 -25.01775243640897
2707 -25.06684151213878
2708 -25.11704483034003
2709 -25.1679094806137
2710 -25.21798453054699
2711 -25.26838192945534
2712 -25.31985917746708
2713 -25.37032731985597
2714 -25.42177710278089
2715 -25.4738222967347
2716 -25.52536393483859
2717 -25.57832075042734
2718 -25.63267473614936
2719 -25.68694123740403
2720 -25.74333352837678
2721 -25.80061032588019
2722 -25.85915157679519
2723 -25.92160586376788
2724 -25.98749047870371
2725 -26.05563192863109
2726 -26.13003368506061
2727 -26.20916575643398
2728 -26.2932640231773
2729 -26.38609729931218
2730 -26.4888457416654
2731 -26.60098360782295
2732 -26.72570912030234
2733 -26.84739999152897
2734 -26.96540490767633
2735 -27.08224265090096
2736 -27.19446100766302
2737 -27.3061417903505
2738 -27.41540279072517
2739 -27.52260624323208
2740 -27.62567802310326
2741 -27.72251233704108
2742 -27.80605011526522
2743 -27.87690393520636
2744 -27.93885186377371
2745 -27.99087632848439
2746 -28.03362303673836
2747 -28.06723982434565
2748 -28.09302224886671
2749 -28.10977537830859
2750 -28.1207456106105
2751 -28.12565522399634
2752 -28.12563666930689
2753 -28.12213987652931
2754 -28.11570412391902
2755 -28.10651900809221
2756 -28.09547326199121
2757 -28.08050031085289
2758 -28.06502009061796
2759 -28.05115027673892
2760 -28.03632572039707
2761 -28.02329421593573
2762 -28.01192838950737
2763 -28.00227194645267
2764 -27.99340270196219
2765 -27.98563633070712
2766 -27.9795476701484
2767 -27.97389224565407
2768 -27.96960997947196
2769 -27.96759792996217
2770 -27.96669680310474
2771 -27.96729801077087
2772 -27.96998929349216
2773 -27.97347615289794
2774 -27.97925290341654
2775 -27.98657588026022
2776 -27.99483199122452
2777 -28.00450021526534
2778 -28.01624211686785
2779 -28.02881167087598
2780 -28.04154693024136
2781 -28.05703270609361
2782 -28.07394075738637
2783 -28.08677578459108
2784 -28.1013477618793
2785 -28.11420436440767
2786 -28.12965851211683
2787 -28.15101045379849
2788 -28.17810455923757
2789 -28.21043716177662
2790 -28.24802118505295
2791 -28.2847629126959
2792 -28.32295380374072
2793 -28.36599232647319
2794 -28.41289388714613
2795 -28.46291597531278
2796 -28.51465571505183
2797 -28.56720227526311
2798 -28.6203465034805
2799 -28.67390324603125
2800 -28.72724437984768
2801 -28.780607015837
2802 -28.83610195148835
2803 -28.89271491173432
2804 -28.94988268371888
2805 -29.00882385923096
2806 -29.0688459445326
2807 -29.12943350083098
2808 -29.19235446011083
2809 -29.25581155208774
2810 -29.32001596044395
2811 -29.38651073486554
2812 -29.45407361796683
2813 -29.52251431774098
2814 -29.59384022685065
2815 -29.66630207798077
2816 -29.74008879136402
2817 -29.8161455538192
2818 -29.89359527127066
2819 -29.97233686930094
2820 -30.05404612617158
2821 -30.13679682491784
2822 -30.2209026736812
2823 -30.30746850418135
2824 -30.39555334962424
2825 -30.48436542530583
2826 -30.57563001792563
2827 -30.66774951167661
2828 -30.76121881070934
2829 -30.85706833559504
2830 -30.95406544894632
2831 -31.05130296457936
2832 -31.15114529495612
2833 -31.25177060779924
2834 -31.35295350328153
2835 -31.45649384750855
2836 -31.56141442743232
2837 -31.66675278002491
2838 -31.77472667229129
2839 -31.88424455566093
2840 -31.99571186617514
2841 -32.10863123514722
2842 -32.22181497095624
2843 -32.33373429007637
2844 -32.44744844695858
2845 -32.56100012913383
2846 -32.67419700520692
2847 -32.78939884341965
2848 -32.90618914607781
2849 -33.0225715221566
2850 -33.1417937306753
2851 -33.26185304082897
2852 -33.38323794106381
2853 -33.50740585085703
2854 -33.63419010237534
2855 -33.76172778758909
2856 -33.89247286944226
2857 -34.02569733100655
2858 -34.15936797788669
2859 -34.29594929447037
2860 -34.43515750769056
2861 -34.57415048409624
2862 -34.71678269108813
2863 -34.86142286362406
2864 -35.0068544281817
2865 -35.15528157610158
2866 -35.30560245656576
2867 -35.45683259135341
2868 -35.61106548568105
2869 -35.76777259629174
2870 -35.92464661610718
2871 -36.0852343629615
2872 -36.2473673977747
2873 -36.4115679985356
2874 -36.57796049861067
2875 -36.74495569624808
2876 -36.91532776594426
2877 -37.08781352226986
2878 -37.26016742593391
2879 -37.43450193142112
2880 -37.61076293845525
2881 -37.78902946924831
2882 -37.97043906209289
2883 -38.15311478957415
2884 -38.337227237687
2885 -38.52398493296159
2886 -38.71125323022822
2887 -38.89946390484246
2888 -39.08990393387383
2889 -39.28142209341676
2890 -39.47442485263433
2891 -39.66938355691369
2892 -39.86552583160459
2893 -40.06241994126147
2894 -40.26184893611949
2895 -40.46154343794018
2896 -40.66292493518767
2897 -40.86606332492013
2898 -41.06947136418549
2899 -41.27396372580289
2900 -41.48026576697647
2901 -41.68688345706262
2902 -41.8943324000965
2903 -42.10322210264517
2904 -42.31209829261718
2905 -42.5213637409988
2906 -42.73144451715053
2907 -42.94161391003848
2908 -43.15236758041797
2909 -43.36392890872911
2910 -43.57515119070664
2911 -43.78727716641056
2912 -43.99954932430166
2913 -44.21176858230675
2914 -44.42430771023609
2915 -44.63701149800324
2916 -44.84899034466167
2917 -45.06177448022542
2918 -45.27385846626684
2919 -45.48568816420727
2920 -45.69773535937138
2921 -45.90944899052109
2922 -46.12055779926231
2923 -46.33198282630146
2924 -46.54258309218461
2925 -46.75292840900707
2926 -46.96283602040955
2927 -47.17208132943891
2928 -47.38086328903572
2929 -47.58886736136524
2930 -47.79635182625698
2931 -48.00292955277495
2932 -48.2090268049147
2933 -48.41397503761316
2934 -48.61807758709473
2935 -48.82087240431989
2936 -49.02318011369295
2937 -49.22475925865068
2938 -49.42587866221217
2939 -49.62600181096121
2940 -49.82548844284823
2941 -50.02399522889532
2942 -50.22183508642894
2943 -50.41869302836138
2944 -50.61477847941548
2945 -50.80985412625351
2946 -51.00406508023944
2947 -51.19728776860767
2948 -51.38964866458551
2949 -51.58100357594887
2950 -51.77140305953821
2951 -51.96074011160704
2952 -52.14908233665096
2953 -52.33628353331935
2954 -52.52217154659343
2955 -52.70664973563395
2956 -52.88991836184437
2957 -53.07207148978046
2958 -53.25346573154456
2959 -53.43422021287363
2960 -53.6142958799879
2961 -53.79363403501109
2962 -53.97230255194966
2963 -54.15024569496382
2964 -54.32740809461697
2965 -54.50380210734785
2966 -54.67944755794568
2967 -54.85427239544375
2968 -55.0282520249144
2969 -55.20132648392968
2970 -55.37347053546043
2971 -55.54469689479686
2972 -55.71493927880324
2973 -55.88416403850362
2974 -56.05236747602527
2975 -56.21974343184858
2976 -56.38643194458101
2977 -56.55242828439287
2978 -56.71771011356875
2979 -56.88228628939537
2980 -57.04608005620965
2981 -57.20909760114333
2982 -57.37126074013366
2983 -57.53262156970455
2984 -57.69314736704285
2985 -57.8528445962465
2986 -58.01162084972219
2987 -58.16943871228766
2988 -58.3262137080009
2989 -58.48207707415546
2990 -58.63716150492664
2991 -58.79139535150354
2992 -58.94474292150773
2993 -59.09712999702937
2994 -59.24860609292427
2995 -59.39906953520669
2996 -59.54842616894123
2997 -59.69672279400573
2998 -59.8438907813796
2999 -59.98988952424965
3000 -60.13467182524784
3001 -60.3924469152593
3002 -60.65371908289034
3003 -60.91574850985035
3004 -61.17636545008618
3005 -61.43383948310094
3006 -61.68655667303968
3007 -61.93312229279982
3008 -62.17282996572957
3009 -62.40556542206072
3010 -62.63044758582423
3011 -62.84681152994202
3012 -63.05447200267369
3013 -63.25289719384123
3014 -63.44135292418115
3015 -63.61929395567611
3016 -63.7863511764839
3017 -63.94273858894277
3018 -64.08809927435721
3019 -64.22200375417853
3020 -64.34392507705263
3021 -64.45350454078032
3022 -64.5505214713921
3023 -64.63492937766227
3024 -64.70662010078962
3025 -64.76524565570573
3026 -64.81064246802254
3027 -64.84340799114528
3028 -64.86363603457207
3029 -64.87123487639971
3030 -64.86650242433905
3031 -64.84955368780916
3032 -64.82055342245852
3033 -64.77987560854268
3034 -64.72759235394116
3035 -64.66410058922108
3036 -64.58973571892147
3037 -64.50496734515679
3038 -64.41024784774656
3039 -64.30597036360757
3040 -64.19263250102735
3041 -64.07063739631795
3042 -63.94067782762247
3043 -63.80307566911527
3044 -63.65821757185025
3045 -63.50641289850058
3046 -63.34826682586296
3047 -63.18443620055169
3048 -63.01541512976235
3049 -62.84145169433701
3050 -62.66307978145712
3051 -62.48046631590987
3052 -62.29427687846247
3053 -62.1052695165028
3054 -61.91361621671337
3055 -61.71991264535022
3056 -61.52403862759003
3057 -61.32672455205005
3058 -61.12874903949571
3059 -60.93056366844011
3060 -60.73262219846708
3061 -60.53553579253823
3062 -60.33971658955176
3063 -60.14552335984453
3064 -59.95324074715973
3065 -59.76408589967017
3066 -59.57581451658427
3067 -59.38752058472522
3068 -59.20145501597781
3069 -59.0193463161569
3070 -58.83987203084681
3071 -58.66306317507301
3072 -58.48891297531481
3073 -58.3184297106844
3074 -58.15220106731176
3075 -57.98846235090771
3076 -57.82945606954108
3077 -57.67125555596368
3078 -57.51673151787689
3079 -57.36678635352554
3080 -57.21928269501871
3081 -57.07632550341981
3082 -56.93907659617436
3083 -56.80375209640824
3084 -56.67126121940645
3085 -56.54317573614866
3086 -56.41972669712394
3087 -56.30033906058156
3088 -56.18532951740389
3089 -56.072377230093
3090 -55.96352121967915
3091 -55.85666368799802
3092 -55.75348425538912
3093 -55.65539417808779
3094 -55.55832863840413
3095 -55.46173905754241
3096 -55.37208260485477
3097 -55.28226476153934
3098 -55.19592134457331
3099 -55.1120351547042
3100 -55.02942341638747
3101 -54.94734751957981
3102 -54.86859826281189
3103 -54.79261119336918
3104 -54.71533623492959
3105 -54.63902735922801
3106 -54.56428124687673
3107 -54.49170385956605
3108 -54.41819385053491
3109 -54.34678062956225
3110 -54.27746157914082
3111 -54.20187055199917
3112 -54.12328560855089
3113 -54.04841551366084
3114 -53.96738427640658
3115 -53.89263578709343
3116 -53.81839160472788
3117 -53.74582127064765
3118 -53.66957487099484
3119 -53.59530515590914
3120 -53.52101003611799
3121 -53.44934688657762
3122 -53.37512419117345
3123 -53.30047552511778
3124 -53.21925297826144
3125 -53.1388277743378
3126 -53.05832725789989
3127 -52.97919720747929
3128 -52.89859329159027
3129 -52.81752217807701
3130 -52.73667333451271
3131 -52.64861322145912
3132 -52.56079226219916
3133 -52.47295387011989
3134 -52.38640491791135
3135 -52.3011529347114
3136 -52.2133123823917
3137 -52.12448351227557
3138 -52.03595924350018
3139 -51.93888290149334
3140 -51.84252163773324
3141 -51.74779523023854
3142 -51.65028315609624
3143 -51.55357357539772
3144 -51.45689338915591
3145 -51.35777272571983
3146 -51.2598354314949
3147 -51.16188674150914
3148 -51.05511708293389
3149 -50.95121240573262
3150 -50.84680984582334
3151 -50.74141284821739
3152 -50.638110861139
3153 -50.53439178061156
3154 -50.42804905992307
3155 -50.3241769036921
3156 -50.21796161605148
3157 -50.11061335195932
3158 -50.00460090132403
3159 -49.89728166568263
3160 -49.78769352226124
3161 -49.68090137555334
3162 -49.56863035223976
3163 -49.45809113815969
3164 -49.34699283398285
3165 -49.23576845961833
3166 -49.12527187679463
3167 -49.01543757350772
3168 -48.90369800376749
3169 -48.77764063961006
3170 -48.65748240146292
3171 -48.54123713419333
3172 -48.4286190665861
3173 -48.31806581670813
3174 -48.20736025995584
3175 -48.09896410068097
3176 -47.9899538507723
3177 -47.88163170381146
3178 -47.77489098054308
3179 -47.66811406091175
3180 -47.55916376971231
3181 -47.45283314630292
3182 -47.34653160976405
3183 -47.23907846013005
3184 -47.13235177748444
3185 -47.02554647664763
3186 -46.9192215457138
3187 -46.81632549494949
3188 -46.71278523755971
3189 -46.61079961346208
3190 -46.50898273227202
3191 -46.41020367825942
3192 -46.31089722465538
3193 -46.21257731710202
3194 -46.11293858809996
3195 -46.01425157742652
3196 -45.89329576801083
3197 -45.78094592846618
3198 -45.67423945810523
3199 -45.57068992498162
3200 -45.46841815151373
3201 -45.36967114209641
3202 -45.27256716746591
3203 -45.17876760963009
3204 -45.08598712193841
3205 -44.99491785549434
3206 -44.90252061321677
3207 -44.81154327766444
3208 -44.71767370705736
3209 -44.62822628052552
3210 -44.53857128323553
3211 -44.44749782176423
3212 -44.35732309449585
3213 -44.26781516234516
3214 -44.17664197652754
3215 -44.0599784057332
3216 -43.95369004685933
3217 -43.85163375631982
3218 -43.75440216418997
3219 -43.65969360514998
3220 -43.56409297182724
3221 -43.47130310846215
3222 -43.37670439818498
3223 -43.28166318714882
3224 -43.18927924404399
3225 -43.09592815257798
3226 -42.99958286827381
3227 -42.90486911130377
3228 -42.80641797774512
3229 -42.70573839841381
3230 -42.60404945728102
3231 -42.50069223376722
3232 -42.36993537570656
3233 -42.25041830426844
3234 -42.13519062345086
3235 -42.02118481131532
3236 -41.90794358392927
3237 -41.79488387307754
3238 -41.68089366352879
3239 -41.56464213427033
3240 -41.44697212663866
3241 -41.32720152295644
3242 -41.20574540904651
3243 -41.0821869004058
3244 -40.95590258020449
3245 -40.82701526977982
3246 -40.69516067490481
3247 -40.53905001912381
3248 -40.39202868840664
3249 -40.24726623998192
3250 -40.10372048165032
3251 -39.95976678131751
3252 -39.81472300465605
3253 -39.6674083825177
3254 -39.51808014919142
3255 -39.36607364157324
3256 -39.21295645087592
3257 -39.05544396719672
3258 -38.89767696624128
3259 -38.73684807083156
3260 -38.55836129584002
3261 -38.38280000535394
3262 -38.21146483571547
3263 -38.03800091062119
3264 -37.86391258478243
3265 -37.6910978105991
3266 -37.51716738089194
3267 -37.33983594557485
3268 -37.16145463145529
3269 -36.98178385106943
3270 -36.80119390331248
3271 -36.61947100714396
3272 -36.43598995237589
3273 -36.24601166667793
3274 -36.05928777606022
3275 -35.87053178442788
3276 -35.68750648503858
3277 -35.50252289236467
3278 -35.31974161696581
3279 -35.12823552285673
3280 -34.94234853243061
3281 -34.75372924541271
3282 -34.57045265402958
3283 -34.3838950875575
3284 -34.20601058608711
3285 -34.02508919916678
3286 -33.84433613447795
3287 -33.67179803832309
3288 -33.49191047898252
3289 -33.31830245299197
3290 -33.14258353815394
3291 -32.95546362231182
3292 -32.77916329146969
3293 -32.61041250095219
3294 -32.43584070787102
3295 -32.2723829586962
3296 -32.11211394845134
3297 -31.94530243439642
3298 -31.77006132035932
3299 -31.61637804812626
3300 -31.46206933719751
3301 -31.29664295477298
3302 -31.12583288619471
3303 -30.97033641427964
3304 -30.8180604615151
3305 -30.69169714749251
3306 -30.53805991261471
3307 -30.37589656769979
3308 -30.2357825087127
3309 -30.09716360481017
3310 -29.98869208329309
3311 -29.8475110173783
3312 -29.70136536565564
3313 -29.56437687186916
3314 -29.4452735762977
3315 -29.34103535066583
3316 -29.20701995315883
3317 -29.0802311250596
3318 -28.95866561255958
3319 -28.87467700311564
3320 -28.75373531337486
3321 -28.64209522499045
3322 -28.54388933727799
3323 -28.47060085805878
3324 -28.34952413630172
3325 -28.25817438063998
3326 -28.1750645696853
3327 -28.06567134330771
3328 -27.96394870161081
3329 -27.91220894345665
3330 -27.80821344310725
3331 -27.71608408631131
3332 -27.65214189297957
3333 -27.56081472739915
3334 -27.47409026224881
3335 -27.42195105064588
3336 -27.3388592235528
3337 -27.30388564710156
3338 -27.24796738109913
3339 -27.15086605261127
3340 -27.10659464070145
3341 -27.02197185708689
3342 -26.96191662932482
3343 -26.91316939732789
3344 -26.840344190671
3345 -26.81834904435382
3346 -26.74463788848663
3347 -26.70792368800499
3348 -26.68318024735397
3349 -26.63973623924456
3350 -26.60042186258162
3351 -26.56105795611389
3352 -26.50485681108202
3353 -26.47884970722747
3354 -26.43415491294068
3355 -26.41894331549081
3356 -26.37891625732559
3357 -26.39972078952103
3358 -26.3559378629043
3359 -26.32356138268137
3360 -26.29607000296499
3361 -26.2740797508825
3362 -26.2537999685193
3363 -26.23772776646869
3364 -26.24200610972269
3365 -26.24267388015554
3366 -26.24294409917426
3367 -26.20586099510965
3368 -26.20124566336362
3369 -26.21885976099928
3370 -26.19207567163025
3371 -26.19654298025426
3372 -26.25782775113864
3373 -26.23243003588529
3374 -26.23558669080605
3375 -26.26654321353843
3376 -26.25284983336843
3377 -26.26569714760112
3378 -26.27842044587541
3379 -26.33785211379193
3380 -26.34510239714168
3381 -26.35548494849621
3382 -26.35577611310386
3383 -26.37981281807234
3384 -26.4314365697262
3385 -26.43218007418591
3386 -26.48925167033342
3387 -26.51002583342922
3388 -26.51991370759244
3389 -26.55600425127884
3390 -26.57700214733956
3391 -26.632193944493
3392 -26.66854666685104
3393 -26.70704304629983
3394 -26.74501117393461
3395 -26.78682393355688
3396 -26.82868599869917
3397 -26.84186045806054
3398 -26.89386319083766
3399 -26.94408402269731
3400 -26.99274252300266
3401 -27.04629040490211
3402 -27.1124126875192
3403 -27.1464963410813
3404 -27.18806967360777
3405 -27.23635003809702
3406 -27.28665504649302
3407 -27.35699653639058
3408 -27.39250618966371
3409 -27.46810438531269
3410 -27.50722515673485
3411 -27.58722431713063
3412 -27.67379821767187
3413 -27.72950961879699
3414 -27.79176424630394
3415 -27.8570005954255
3416 -27.92495846075372
3417 -27.99563090000299
3418 -28.07179359091317
3419 -28.14720538578006
3420 -28.22849824105946
3421 -28.31163535674388
3422 -28.3991529807196
3423 -28.4862538011447
3424 -28.57744116800988
3425 -28.67027740968327
3426 -28.79454455990159
3427 -28.88521572260154
3428 -28.98446445699576
3429 -29.08247901173596
3430 -29.18925064719552
3431 -29.29442474710875
3432 -29.40565899108111
3433 -29.51818976829501
3434 -29.63735688832216
3435 -29.7559740602541
3436 -29.88100519974387
3437 -29.99328476030586
3438 -30.14206664593622
3439 -30.25901300736804
3440 -30.39767682077004
3441 -30.54174763520015
3442 -30.68421868687672
3443 -30.83427750245669
3444 -30.96743587102985
3445 -31.13887702826543
3446 -31.27586334412899
3447 -31.452401139324
3448 -31.59543716711278
3449 -31.7571504406535
3450 -31.9249710778316
3451 -32.07772507405161
3452 -32.26247735840742
3453 -32.41790390244999
3454 -32.60634964672795
3455 -32.76111550892962
3456 -32.93930155009825
3457 -33.11361321808447
3458 -33.28642341277305
3459 -33.44685264229185
3460 -33.63674212208796
3461 -33.79286923107411
3462 -33.96601411285435
3463 -34.13881747339413
3464 -34.31089415436229
3465 -34.46601698886383
3466 -34.63539814273013
3467 -34.80431445174334
3468 -34.99428773420326
3469 -35.13543573557278
3470 -35.29040142576009
3471 -35.44734076054531
3472 -35.60061914069323
3473 -35.73344270015707
3474 -35.87979449425837
3475 -36.02132422448935
3476 -36.14660963464752
3477 -36.2979693963991
3478 -36.42393105195539
3479 -36.53304937852966
3480 -36.65559739645749
3481 -36.77324716518286
3482 -36.87543443455701
3483 -36.98701657595216
3484 -37.11078753267002
3485 -37.20815497344547
3486 -37.30239418802189
3487 -37.39160627178037
3488 -37.47797353247883
3489 -37.56152273771853
3490 -37.6403635389369
3491 -37.71803698489532
3492 -37.80866305525337
3493 -37.87645636676549
3494 -37.94508901113677
3495 -38.01261515308798
3496 -38.07818272422197
3497 -38.1427879380226
3498 -38.22017893270624
3499 -38.28186761727198
3500 -38.34672987313894
3501 -38.41453095970198
3502 -38.50132302920351
3503 -38.57909353006161
3504 -38.70184506394126
3505 -38.8885192341964
3506 -39.09394078704081
3507 -39.33051429898251
3508 -39.53001775203675
3509 -39.74093821744397
3510 -39.91912987284034
3511 -40.1180120762434
3512 -40.26965643952723
3513 -40.43641937098901
3514 -40.58388146720019
3515 -40.71992393626884
3516 -40.8428883349208
3517 -40.96744660671722
3518 -41.076956824669
3519 -41.17703241805188
3520 -41.26612946512838
3521 -41.3500144461899
3522 -41.44637156881954
3523 -41.52654451967995
3524 -41.60443258744115
3525 -41.66766008171959
3526 -41.73132496318579
3527 -41.7930878072539
3528 -41.8607514512662
3529 -41.92009729346639
3530 -41.9868519718053
3531 -42.0503337138195
3532 -42.11983394077373
3533 -42.18797379885059
3534 -42.26343542070392
3535 -42.34602866148181
3536 -42.43399563031253
3537 -42.53168017506916
3538 -42.63844807747769
3539 -42.7504877087319
3540 -42.8702983310982
3541 -42.99759569515665
3542 -43.13361429694982
3543 -43.28067401563489
3544 -43.41813040459078
3545 -43.57177688691561
3546 -43.73430384480825
3547 -43.8994357689859
3548 -44.07885996841708
3549 -44.24516088212145
3550 -44.42869290207621
3551 -44.61254987065721
3552 -44.7953937711199
3553 -44.98861741476689
3554 -45.17752904456017
3555 -45.38452235096961
3556 -45.58555387105295
3557 -45.79956305496685
3558 -46.00808307992325
3559 -46.2326155260014
3560 -46.45641455472602
3561 -46.6933983820124
3562 -46.931685850162
3563 -47.17757462493515
3564 -47.44947171306054
3565 -47.72618435524886
3566 -48.03100497980284
3567 -48.37725731418807
3568 -48.76572649095838
3569 -49.16448085882229
3570 -49.56161829725562
3571 -49.90448322438956
3572 -50.17795695643963
3573 -50.42139596303794
3574 -50.63041919378469
3575 -50.82096694656394
3576 -50.98771359160762
3577 -51.14141086187817
3578 -51.28478496720672
3579 -51.40714411757873
3580 -51.52642850908662
3581 -51.63548442547223
3582 -51.74250553460192
3583 -51.85913016449346
3584 -51.97245921014981
3585 -52.09002867995104
3586 -52.21152774007282
3587 -52.33692694647961
3588 -52.47247003288989
3589 -52.61075243506269
3590 -52.7506064717462
3591 -52.88750323217947
3592 -53.02912662636897
3593 -53.17478650163118
3594 -53.32398988680355
3595 -53.47484585585874
3596 -53.62805921425763
3597 -53.78382187585424
3598 -53.94218140083646
3599 -54.10059801993606
3600 -54.25795960924363
3601 -54.4081952010244
3602 -54.55856686690197
3603 -54.70931126599131
3604 -54.85941798478238
3605 -55.00959713479873
3606 -55.15979960171062
3607 -55.30928110034662
3608 -55.45792415258165
3609 -55.59861747821215
3610 -55.74099988142461
3611 -55.88376445714689
3612 -56.02608331677528
3613 -56.16738223362533
3614 -56.29547761950569
3615 -56.424571979738
3616 -56.54859990948131
3617 -56.67393418989626
3618 -56.79968833969311
3619 -56.92391245988225
3620 -57.04664094645413
3621 -57.1673437197373
3622 -57.28590810152676
3623 -57.40211920678739
3624 -57.51562176188896
3625 -57.62649804589694
3626 -57.73448459387289
3627 -57.8395132621762
3628 -57.94153323168946
3629 -58.04045517304171
3630 -58.13636426766446
3631 -58.22933450559152
3632 -58.31951556451057
3633 -58.40694548849914
3634 -58.4916896933447
3635 -58.57371879313796
3636 -58.65310275423397
3637 -58.72978812497176
3638 -58.80376584839182
3639 -58.87517130221846
3640 -58.94449364272308
3641 -59.01102502558179
3642 -59.07517381019137
3643 -59.13698748492848
3644 -59.19647350573931
3645 -59.25362822998188
3646 -59.30849612729963
3647 -59.36126791455828
3648 -59.41199429279776
3649 -59.46066879330654
3650 -59.50740008782809
3651 -59.5523127426753
3652 -59.59545339553903
3653 -59.63680947915989
3654 -59.67641195491111
3655 -59.71425316616211
3656 -59.75028903366972
3657 -59.78458890847479
3658 -59.81717174523244
3659 -59.84802679583362
3660 -59.8770631469901
3661 -59.90444245819597
3662 -59.93023574223009
3663 -59.95450579930093
3664 -59.97722996137873
3665 -59.99846742809076
3666 -60.01813284630682
3667 -60.03614708448496
3668 -60.0525372604958
3669 -60.06727986122534
3670 -60.08030624896054
3671 -60.09184913452869
3672 -60.1018776930243
3673 -60.11037216819935
3674 -60.11736068367651
3675 -60.12287342791089
3676 -60.12697132390443
3677 -60.12965345132262
3678 -60.1308935532994
3679 -60.13067843781945
3680 -60.12880145689915
3681 -60.12543792962802
3682 -60.12048123280736
3683 -60.11396506725234
3684 -60.10595330014431
3685 -60.0963915851268
3686 -60.08524575618881
3687 -60.07252015217263
3688 -60.05819541972787
3689 -60.04215464170618
3690 -60.02441788775986
3691 -60.00505853650658
3692 -59.98392741770004
3693 -59.96109349518181
3694 -59.93650193011043
3695 -59.91010380027706
3696 -59.88194387550995
3697 -59.85196883283868
3698 -59.82010984307999
3699 -59.7864114793214
3700 -59.75085592438759
3701 -59.71346754004928
3702 -59.67429123623407
3703 -59.63324641802541
3704 -59.59020096064747
3705 -59.54512856451552
3706 -59.4979052897164
3707 -59.44852274172408
3708 -59.39690236766354
3709 -59.34323353163796
3710 -59.28765606905316
3711 -59.23000266514469
3712 -59.17017363536088
3713 -59.10823306211332
3714 -59.04415143455512
3715 -58.97793934537479
3716 -58.90959760368384
3717 -58.83909920055706
3718 -58.76635974853456
3719 -58.691499679401
3720 -58.61451950828953
3721 -58.53528179478279
3722 -58.45367138896597
3723 -58.36980196797575
3724 -58.28369046085207
3725 -58.19537378200746
3726 -58.10487884321286
3727 -58.01220687889073
3728 -57.91729560045757
3729 -57.82018077367543
3730 -57.72091639284789
3731 -57.61951424103412
3732 -57.51596416699388
3733 -57.41027296175579
3734 -57.30237346276048
3735 -57.19233446514239
3736 -57.08007544424646
3737 -56.96558259990285
3738 -56.84887756593042
3739 -56.72995825458185
3740 -56.6087609885892
3741 -56.48539297066385
3742 -56.35992339604628
3743 -56.23239085642138
3744 -56.10283851413574
3745 -55.97126222090187
3746 -55.83770327177173
3747 -55.70216938125424
3748 -55.56471036291361
3749 -55.42534247056509
3750 -55.28405563484317
3751 -55.14090036197043
3752 -54.9958748585609
3753 -54.84904038494
3754 -54.70037986788036
3755 -54.54995165593936
3756 -54.39793257334345
3757 -54.24428760193044
3758 -54.08902474995092
3759 -53.93213387975366
3760 -53.77362005702237
3761 -53.61346550161959
3762 -53.45176639581788
3763 -53.28860208809159
3764 -53.12401024936544
3765 -52.9580472861168
3766 -52.79075987043687
3767 -52.62217422185103
3768 -52.45249234703265
3769 -52.28157868578705
3770 -52.10942762285959
3771 -51.93609876188297
3772 -51.76166758576215
3773 -51.58612679982681
3774 -51.40954204700669
3775 -51.23192257540104
3776 -51.0533746010269
3777 -50.87393456129325
3778 -50.69366141578651
3779 -50.51254642142148
3780 -50.33060334023259
3781 -50.14785474518796
3782 -49.96436675206778
3783 -49.78018335663507
3784 -49.59536009080734
3785 -49.4099260812142
3786 -49.22392000677937
3787 -49.03737004828453
3788 -48.85033273468996
3789 -48.6628389726232
3790 -48.47489370829756
3791 -48.2865371555018
3792 -48.09790233122671
3793 -47.90891561998908
3794 -47.71959706511606
3795 -47.52999565077488
3796 -47.34017668285433
3797 -47.15055907795427
3798 -46.960503229005
3799 -46.77043232696273
3800 -46.58049510184345
3801 -46.39064817022416
3802 -46.2007917350859
3803 -46.01100091950708
3804 -45.82128696778679
3805 -45.63174772635433
3806 -45.44241634075544
3807 -45.25326075640885
3808 -45.06433283791929
3809 -44.87573585143573
3810 -44.68749274882904
3811 -44.49966131105962
3812 -44.31223374456602
3813 -44.12529406532241
3814 -43.93882755641052
3815 -43.7528586902686
3816 -43.56784840013165
3817 -43.38317101159033
3818 -43.19920982208112
3819 -43.01601550624665
3820 -42.83355877074951
3821 -42.65200927127587
3822 -42.47134779426716
3823 -42.29169666185909
3824 -42.11301613416911
3825 -41.93537305415545
3826 -41.7587183651937
3827 -41.58315280504146
3828 -41.40868396690709
3829 -41.23540071892948
3830 -41.06325966993955
3831 -40.89232333490525
3832 -40.72268770571735
3833 -40.55480735216739
3834 -40.3882867501684
3835 -40.22336074852921
3836 -40.05993318744063
3837 -39.89795641408004
3838 -39.73757524478186
3839 -39.57878986256452
3840 -39.42167470665059
3841 -39.26611093716419
3842 -39.11242427806689
3843 -38.96054036520635
3844 -38.81060684330633
3845 -38.66261872304117
3846 -38.51660564041941
3847 -38.37259067276561
3848 -38.23058097381758
3849 -38.09059018416777
3850 -37.95284655406375
3851 -37.81698486775263
3852 -37.6833076206842
3853 -37.55187956820562
3854 -37.42266590604801
3855 -37.29575130832728
3856 -37.17110117472711
3857 -37.0488214848702
3858 -36.92906443936916
3859 -36.81184559009998
3860 -36.69676254169631
3861 -36.58397018534894
3862 -36.4736249347934
3863 -36.36569516223788
3864 -36.26025625356167
3865 -36.15733681320825
3866 -36.056917182921
3867 -35.95898335413105
3868 -35.86364041688575
3869 -35.77076390391577
3870 -35.68042626304592
3871 -35.59268254088676
3872 -35.50759763479704
3873 -35.4249617268658
3874 -35.34481454265133
3875 -35.26726218430469
3876 -35.19230232987218
3877 -35.11995472847542
3878 -35.05020277096111
3879 -34.98290906831257
3880 -34.91819606780323
3881 -34.85612207004274
3882 -34.79669905214914
3883 -34.73985515377483
3884 -34.68559800165339
3885 -34.63388960913881
3886 -34.58468516724248
3887 -34.53797065982916
3888 -34.49351743110604
3889 -34.4514208335059
3890 -34.4117760769855
3891 -34.37454864741687
3892 -34.33971602780728
3893 -34.30725423902835
3894 -34.27714979263554
3895 -34.2493023667379
3896 -34.22374967450424
3897 -34.20050793072243
3898 -34.17950601293226
3899 -34.16063243779637
3900 -34.14400412923867
3901 -34.12947294746235
3902 -34.11695312828923
3903 -34.10645834227277
3904 -34.0980453721097
3905 -34.09171871434638
3906 -34.08741505800139
3907 -34.08509253966636
3908 -34.0847035778415
3909 -34.08606200664527
3910 -34.08928383745578
3911 -34.09432631828561
3912 -34.10112899904929
3913 -34.10969729022712
3914 -34.11994893896589
3915 -34.13182627978222
3916 -34.14528370533183
3917 -34.16025728569758
3918 -34.17671464842098
3919 -34.19461376426066
3920 -34.21378730070201
3921 -34.23410623398453
3922 -34.25572219681933
3923 -34.27852101889749
3924 -34.30242842788616
3925 -34.32736716591823
3926 -34.3532337504824
3927 -34.37997802902851
3928 -34.40745782745169
3929 -34.43561960222213
3930 -34.46443280332605
3931 -34.4938037113057
3932 -34.52366616542216
3933 -34.55366770073683
3934 -34.58405210695441
3935 -34.61474241965634
3936 -34.64559144485395
3937 -34.6765761917254
3938 -34.70762169921541
3939 -34.73856886778402
3940 -34.76929188939167
3941 -34.79967660926609
3942 -34.82961010638462
3943 -34.8590566372412
3944 -34.88785214272909
3945 -34.91574022376461
3946 -34.94270420423579
3947 -34.9685621891208
3948 -34.99338734850868
3949 -35.01706409597301
3950 -35.03946647475098
3951 -35.06055688281609
3952 -35.08007648829911
3953 -35.09804603132864
3954 -35.11472394006285
3955 -35.12990024414262
3956 -35.14344354981021
3957 -35.15526816440338
3958 -35.16540598504956
3959 -35.17361898638902
3960 -35.17998726734434
3961 -35.18438387839014
3962 -35.18670632386583
3963 -35.18696777229009
3964 -35.18512675381521
3965 -35.18115538937616
3966 -35.17498195257878
3967 -35.16659923555365
3968 -35.15601236105377
3969 -35.1432328773688
3970 -35.12819703355017
3971 -35.11092429514714
3972 -35.09166969928209
3973 -35.07009298136921
3974 -35.04616584369676
3975 -35.01993139825236
3976 -34.99146775582529
3977 -34.96088549141274
3978 -34.92818470142114
3979 -34.89352081510795
3980 -34.85682767880603
3981 -34.81808861116728
3982 -34.77735483822222
3983 -34.73467457631325
3984 -34.69034510078207
3985 -34.64423635806667
3986 -34.59641593413423
3987 -34.54698291158433
3988 -34.49600517610339
3989 -34.44356929530433
3990 -34.38982011341663
3991 -34.33478886539874
3992 -34.27866716422648
3993 -34.22160524557265
3994 -34.1636274983197
3995 -34.10479817784794
3996 -34.04521788204583
3997 -33.98514949942798
3998 -33.92452386180914
3999 -33.86353872441235
4000 -33.80239844909399
4001 -33.74107532237955
4002 -33.67971868152086
4003 -33.61842594785113
4004 -33.55731779463339
4005 -33.49648816059339
4006 -33.43603896983077
4007 -33.37607366086561
4008 -33.31669486840426
4009 -33.25807873172063
4010 -33.20050001996531
4011 -33.14381706138504
4012 -33.08812822242067
4013 -33.03357186967336
4014 -32.98024883900732
4015 -32.92833089911974
4016 -32.87786256187487
4017 -32.82877428417433
4018 -32.78123527680222
4019 -32.73537211828128
4020 -32.69127058568088
4021 -32.64904293331747
4022 -32.60904804187977
4023 -32.57113237303822
4024 -32.53539704685249
4025 -32.5019031718196
4026 -32.47069691914264
4027 -32.44182040183355
4028 -32.4153577802097
4029 -32.39142629476677
4030 -32.37018433019571
4031 -32.35170820264386
4032 -32.33595635792509
4033 -32.32303184677787
4034 -32.31342472347212
4035 -32.30680163487563
4036 -32.30323902780643
4037 -32.30276919829817
4038 -32.30545819170522
4039 -32.31135106306893
4040 -32.32049762197126
4041 -32.33293270784328
4042 -32.34881125897445
4043 -32.36808222871075
4044 -32.39070391158766
4045 -32.41687451609817
4046 -32.44668231501447
4047 -32.4800042745517
4048 -32.51691759120627
4049 -32.55742860651399
4050 -32.60161934055452
4051 -32.64946255668141
4052 -32.70097242713397
4053 -32.75623619924655
4054 -32.81536039611994
4055 -32.87843527555222
4056 -32.94562065507803
4057 -33.01715251741199
4058 -33.09279747161533
4059 -33.17256241681095
4060 -33.25646638232885
4061 -33.34458326130563
4062 -33.4369048459611
4063 -33.53344897029384
4064 -33.63431228517501
4065 -33.7394731196926
4066 -33.84896012880968
4067 -33.96290900978606
4068 -34.08134668230303
4069 -34.20398219349079
4070 -34.33087942466666
4071 -34.46194259234007
4072 -34.59715398698632
4073 -34.73653297320434
4074 -34.88009857545628
4075 -35.02786798714427
4076 -35.17984952963217
4077 -35.33602480272232
4078 -35.49671036528778
4079 -35.66169761729334
4080 -35.8308667719267
4081 -36.00422751198041
4082 -36.18172372168168
4083 -36.36337163137726
4084 -36.54918806427308
4085 -36.73910797002078
4086 -36.93304601733299
4087 -37.13098638617442
4088 -37.33288432743888
4089 -37.53891446692283
4090 -37.74873590094753
4091 -37.96228618082296
4092 -38.17950694633729
4093 -38.40035591394545
4094 -38.62477310708736
4095 -38.85269905719142
4096 -39.08406908408144
4097 -39.31882601966432
4098 -39.55688849822958
4099 -39.79833299753648
4100 -40.04311544726887
4101 -40.2909510669958
4102 -40.54173901789186
4103 -40.79541474205087
4104 -41.0518818267218
4105 -41.31106571423319
4106 -41.57290130925826
4107 -41.837268051802
4108 -42.10406976328975
4109 -42.37320253123681
4110 -42.64470443872009
4111 -42.91849941602347
4112 -43.19428517619066
4113 -43.47198239424625
4114 -43.75150712475551
4115 -44.03278096958539
4116 -44.31570328668154
4117 -44.60021606655933
4118 -44.88622794746728
4119 -45.17356363829533
4120 -45.46215788248311
4121 -45.75187764540921
4122 -46.04278643239049
4123 -46.33471775742858
4124 -46.62750673126491
4125 -46.92108477431974
4126 -47.21538750405405
4127 -47.51034211686498
4128 -47.80587552835778
4129 -48.1018948036362
4130 -48.3983718051344
4131 -48.69518340123847
4132 -48.99223455099772
4133 -49.28943270104776
4134 -49.58669451150129
4135 -49.88408111670526
4136 -50.1814139299951
4137 -50.47857150965773
4138 -50.77542380756051
4139 -51.07187777064824
4140 -51.36783959447365
4141 -51.66320731782947
4142 -51.95792949766125
4143 -52.25186937369953
4144 -52.5449622459339
4145 -52.83712440576252
4146 -53.12827690314534
4147 -53.41834455543761
4148 -53.70724056319379
4149 -53.99494329833421
4150 -54.28148117484242
4151 -54.56666098522111
4152 -54.85038837728768
4153 -55.13257782726948
4154 -55.4132152662734
4155 -55.69216410861517
4156 -55.96941321890658
4157 -56.24493527809138
4158 -56.51861968147755
4159 -56.79042948456289
4160 -57.06036275846931
4161 -57.32828516781769
4162 -57.59423032107783
4163 -57.85820227567167
4164 -58.11992122218777
4165 -58.37921026031844
4166 -58.63590193447534
4167 -58.89002807686237
4168 -59.14140823194546
4169 -59.39003362855112
4170 -59.63589664171
4171 -59.87891201359804
4172 -60.11906558829045
4173 -60.35650837554472
4174 -60.59113222793562
4175 -60.822645880035
4176 -61.05105523418644
4177 -61.27645992402309
4178 -61.49863483356521
4179 -61.71774570810258
4180 -61.93434460883541
4181 -62.14820216838609
4182 -62.3590865551047
4183 -62.56667351151248
4184 -62.77146462310053
4185 -62.97315515362047
4186 -63.17178266394424
4187 -63.36723702032784
4188 -63.5595416746511
4189 -63.74874824552682
4190 -63.93459659566224
4191 -64.11731610847788
4192 -64.29700256143065
4193 -64.47322824964104
4194 -64.64601023997406
4195 -64.81553366546825
4196 -64.98168253491423
4197 -65.14433785575818
4198 -65.30363625788191
4199 -65.45944484550172
4200 -65.61198884712454
4201 -65.76099429146004
4202 -65.90696849426708
4203 -66.04983476354307
4204 -66.18964380805218
4205 -66.32644780495249
4206 -66.46029188695749
4207 -66.59099850469026
4208 -66.71852056818599
4209 -66.84310066475474
4210 -66.96462907919422
4211 -67.08312285164615
4212 -67.19888330809758
4213 -67.31186048961661
4214 -67.4218037819065
4215 -67.52897012158721
4216 -67.6335898320533
4217 -67.73554243930236
4218 -67.8348130615577
4219 -67.93150737751331
4220 -68.02567928960433
4221 -68.11691503359486
4222 -68.2051835777211
4223 -68.29156912648368
4224 -68.37486260751402
4225 -68.45804487537157
4226 -68.53898915632683
4227 -68.61763304631459
4228 -68.69419181608689
4229 -68.76743154094798
4230 -68.83910067713438
4231 -68.91248264523881
4232 -68.98262938620758
4233 -69.05012804647737
4234 -69.11522615004239
4235 -69.17790508930463
4236 -69.23699964982704
4237 -69.29399208560069
4238 -69.34825594385421
4239 -69.40495640663283
4240 -69.45737168135645
4241 -69.50589985818712
4242 -69.55070143081321
4243 -69.5917413678477
4244 -69.62889738659362
4245 -69.66203255902336
4246 -69.69077379869208
4247 -69.71511334069959
4248 -69.7350545105308
4249 -69.75052879262333
4250 -69.76141772106087
4251 -69.76761368032459
4252 -69.76940639298869
4253 -69.77389411574153
4254 -69.77104228108149
4255 -69.76107640543674
4256 -69.74436884797325
4257 -69.72131006599272
4258 -69.6918165878845
4259 -69.65631620391866
4260 -69.61549372177194
4261 -69.56869684989749
4262 -69.51607800132228
4263 -69.4577443430835
4264 -69.39392865534489
4265 -69.32464628767615
4266 -69.25028193555704
4267 -69.17130144869472
4268 -69.08768477616002
4269 -68.99929668309467
4270 -68.90641974237899
4271 -68.80929517721458
4272 -68.70804744323284
4273 -68.60317355743285
4274 -68.49480903838858
4275 -68.38278431919784
4276 -68.26766766811156
4277 -68.14946027687279
4278 -68.02849919493011
4279 -67.90494491839704
4280 -67.77896248111223
4281 -67.65091630835704
4282 -67.52097695585533
4283 -67.38934098395515
4284 -67.25633710501414
4285 -67.13742272234671
4286 -67.01053025254382
4287 -66.87986312364784
4288 -66.74674527092854
4289 -66.61197952166513
4290 -66.47563523673359
4291 -66.33791005886317
4292 -66.19915612730728
4293 -66.0596920252469
4294 -65.91978572773115
4295 -65.7796594541303
4296 -65.63979897555649
4297 -65.49954268413703
4298 -65.35922368348837
4299 -65.21907373069033
4300 -65.07926653710039
4301 -64.93991462569866
4302 -64.80110884505962
4303 -64.66298098315292
4304 -64.52560936818584
4305 -64.38897200736847
4306 -64.25305881532373
4307 -64.11787883024903
4308 -63.98331863756393
4309 -63.84970666674119
4310 -63.71706964970053
4311 -63.58544457366952
4312 -63.4548219942418
4313 -63.32527497517916
4314 -63.19675341084498
4315 -63.06925447800022
4316 -62.94273424319469
4317 -62.81716836690398
4318 -62.69263460951111
4319 -62.56915694686126
4320 -62.44674188697599
4321 -62.32524895841811
4322 -62.21492654365331
4323 -62.10618748223561
4324 -61.9956431531905
4325 -61.88436863358715
4326 -61.77263784769923
4327 -61.66222267718
4328 -61.5518438014225
4329 -61.44181885003005
4330 -61.33217140056173
4331 -61.22295489921309
4332 -61.11411384385272
4333 -61.00567547805352
4334 -60.89803373947151
4335 -60.79090848204537
4336 -60.68418768077888
4337 -60.57861510462619
4338 -60.47351365999025
4339 -60.36883876350912
4340 -60.26489803576742
4341 -60.16158847628384
4342 -60.05884243498694
4343 -59.95682019969826
4344 -59.85512403733343
4345 -59.75375186261048
4346 -59.65280855080742
4347 -59.55214870064234
4348 -59.45166739481012
4349 -59.35134740599369
4350 -59.251187933495
4351 -59.15134171194536
4352 -59.05170655369085
4353 -58.95225019412092
4354 -58.85401003818157
4355 -58.75550340752248
4356 -58.65691469924373
4357 -58.55817898167692
4358 -58.45950169306535
4359 -58.36048380873183
4360 -58.26160042478732
4361 -58.16238018588588
4362 -58.06329604930427
4363 -57.96397540270465
4364 -57.86476848527857
4365 -57.76533571737176
4366 -57.66579006702809
4367 -57.5659863614023
4368 -57.46605731439553
4369 -57.36572175302895
4370 -57.26511252368834
4371 -57.1639694127937
4372 -57.06247192783471
4373 -56.96030564340042
4374 -56.85772830189109
4375 -56.75450084853817
4376 -56.65077937109496
4377 -56.54627291883098
4378 -56.4411484661075
4379 -56.33511823778309
4380 -56.22837207314509
4381 -56.12058635352081
4382 -56.01192264740724
4383 -55.90210833545829
4384 -55.79127365790406
4385 -55.67925128652137
4386 -55.56609155198485
4387 -55.45166798575234
4388 -55.33595258905519
4389 -55.2189133277694
4390 -55.10052367799589
4391 -54.98071165564687
4392 -54.85947331253229
4393 -54.73676389781176
4394 -54.61256483629859
4395 -54.48681742454291
4396 -54.3595001679079
4397 -54.23061172511096
4398 -54.10013436703804
4399 -53.96804392533981
4400 -53.83434442746648
4401 -53.69889662865166
4402 -53.56159114178056
4403 -53.42249117721247
4404 -53.28170606111094
4405 -53.13921909317461
4406 -52.99506284525345
4407 -52.84919332751031
4408 -52.70174690697971
4409 -52.55273357663579
4410 -52.4022007029299
4411 -52.25014505274075
4412 -52.09658166082846
4413 -51.94158076939266
4414 -51.78525362995449
4415 -51.62759915435863
4416 -51.4686406336556
4417 -51.3084201925361
4418 -51.14702851136154
4419 -50.98455066115239
4420 -50.82106212753799
4421 -50.65656361732891
4422 -50.49114565673838
4423 -50.32488792761036
4424 -50.15786322188758
4425 -49.9901314319988
4426 -49.82176997357278
4427 -49.65280724983185
4428 -49.45075681113757
4429 -49.26093333629245
4430 -49.07766348649925
4431 -48.89952817514894
4432 -48.72257516140215
4433 -48.54955230349144
4434 -48.37822975974987
4435 -48.20826639707997
4436 -48.03931110694504
4437 -47.87111576740381
4438 -47.70348335412643
4439 -47.53644253333617
4440 -47.37001294067325
4441 -47.20414933936424
4442 -47.03884347248842
4443 -46.87428640556094
4444 -46.71060349170039
4445 -46.5478935539725
4446 -46.38622521137837
4447 -46.22564381746104
4448 -46.06625230703408
4449 -45.90819469179907
4450 -45.75166699467913
4451 -45.59663252845982
4452 -45.44330702689847
4453 -45.29177869503654
4454 -45.1420685058962
4455 -44.99430192255252
4456 -44.84950514974823
4457 -44.66989783270648
4458 -44.50672317168178
4459 -44.3534448657534
4460 -44.20549754708122
4461 -44.0650659794217
4462 -43.93043723002849
4463 -43.79992297124922
4464 -43.67299770613628
4465 -43.54930725644854
4466 -43.4286109465195
4467 -43.31086866379363
4468 -43.19591968847731
4469 -43.05486766853644
4470 -42.92612043790505
4471 -42.8057902980085
4472 -42.69270793097066
4473 -42.58828432462236
4474 -42.48879379107905
4475 -42.39343962235962
4476 -42.30185502152848
4477 -42.21347134941638
4478 -42.12824523240267
4479 -42.04639129765332
4480 -41.93327626117566
4481 -41.83826754534135
4482 -41.75450241611338
4483 -41.67430221536191
4484 -41.60396039408214
4485 -41.53902254265519
4486 -41.47864610337697
4487 -41.42226874480536
4488 -41.36948063511972
4489 -41.3200793824047
4490 -41.27392284602965
4491 -41.23055663929328
4492 -41.18995623015415
4493 -41.15200820043232
4494 -41.11672158482008
4495 -41.08411862583462
4496 -41.05422166893805
4497 -41.00491400853582
4498 -40.96621730568354
4499 -40.9349308776906
4500 -40.9114874609744
4501 -40.86530751224862
4502 -40.83523564441471
4503 -40.81481019699171
4504 -40.80071309216105
4505 -40.79420007110099
4506 -40.79218094864117
4507 -40.79386488372176
4508 -40.79844565917173
4509 -40.80548014652602
4510 -40.81557196578565
4511 -40.82683556938348
4512 -40.83986214099927
4513 -40.85450677858137
4514 -40.87089076081842
4515 -40.88871121287008
4516 -40.89231185768266
4517 -40.90359447780801
4518 -40.92165787366305
4519 -40.94277082951325
4520 -40.96692136646029
4521 -40.97798341618353
4522 -40.99810313904563
4523 -41.02383127400053
4524 -41.05408752763338
4525 -41.088062476175
4526 -41.12380595201846
4527 -41.16093841258624
4528 -41.19055908786245
4529 -41.22485235153766
4530 -41.26283123431571
4531 -41.30281224543173
4532 -41.34490219621079
4533 -41.38892027432893
4534 -41.42844833083184
4535 -41.47215146134528
4536 -41.51522116227931
4537 -41.56216776903678
4538 -41.61221434262198
4539 -41.66527407146346
4540 -41.7160483734803
4541 -41.77077606377518
4542 -41.8278941498174
4543 -41.88647623668067
4544 -41.94646638775608
4545 -42.00765303238641
4546 -42.06951314921769
4547 -42.13160686601023
4548 -42.19411679345956
4549 -42.25729540633434
4550 -42.32066779503828
4551 -42.38420968750233
4552 -42.44797822173255
4553 -42.51237123050752
4554 -42.57796721658337
4555 -42.64475572885049
4556 -42.71276262059623
4557 -42.78181710516469
4558 -42.85211088548272
4559 -42.92370377566817
4560 -42.9970257785688
4561 -43.07195727548083
4562 -43.14858332860945
4563 -43.22714925146164
4564 -43.30718711865376
4565 -43.38878492641762
4566 -43.47192050028555
4567 -43.55649166952015
4568 -43.64272449185891
4569 -43.73186890223503
4570 -43.82200654887341
4571 -43.91407745704474
4572 -44.00826160347307
4573 -44.10446413170909
4574 -44.20274395549492
4575 -44.30305061543304
4576 -44.40544170915602
4577 -44.50986058034848
4578 -44.616508778793
4579 -44.72502563936715
4580 -44.83522004372887
4581 -44.94708120726396
4582 -45.06061674244066
4583 -45.17593502458033
4584 -45.29296517169265
4585 -45.4116779490788
4586 -45.53206447196048
4587 -45.65410173773805
4588 -45.77808710333124
4589 -45.90379367624118
4590 -46.03065610922488
4591 -46.15891518852627
4592 -46.28853878719259
4593 -46.41953219693402
4594 -46.55154372258544
4595 -46.68470852653784
4596 -46.81865035610308
4597 -46.95325126051232
4598 -47.08870575325923
4599 -47.22521821335364
4600 -47.36247267286642
4601 -47.50035471136341
4602 -47.63859668823516
4603 -47.77702202171389
4604 -47.91551806719223
4605 -48.05400498676149
4606 -48.19250721768755
4607 -48.33104640917739
4608 -48.4695305608777
4609 -48.60794189846619
4610 -48.74651967954109
4611 -48.8849045483741
4612 -49.02315087395876
4613 -49.16122742741346
4614 -49.29910228172098
4615 -49.43666110146855
4616 -49.57371360030266
4617 -49.71019121741791
4618 -49.84600485401786
4619 -49.98111425494286
4620 -50.11546470955909
4621 -50.24912815323502
4622 -50.38216056393376
4623 -50.51417118490722
4624 -50.6450944946655
4625 -50.77492186136295
4626 -50.90366265680017
4627 -51.03130902254521
4628 -51.15782858019235
4629 -51.28312409471062
4630 -51.407169172976
4631 -51.52985193311907
4632 -51.65109959232154
4633 -51.77092148840505
4634 -51.88950180087649
4635 -52.00669352515273
4636 -52.12234631647733
4637 -52.23648522703396
4638 -52.34913088778799
4639 -52.46019842296023
4640 -52.56963049493727
4641 -52.67735135937927
4642 -52.783375265332
4643 -52.88777838102732
4644 -52.9905298268251
4645 -53.09165870345819
4646 -53.1913026847654
4647 -53.28956925338329
4648 -53.38665940612294
4649 -53.48252106524521
4650 -53.57720064118342
4651 -53.67068473330547
4652 -53.76308042028857
4653 -53.85446892797383
4654 -53.94490619035228
4655 -54.03450748247798
4656 -54.12334951266727
4657 -54.21145553120991
4658 -54.29890820423279
4659 -54.38573987644534
4660 -54.47184586182905
4661 -54.55732608034833
4662 -54.64240465312819
4663 -54.72697979797522
4664 -54.81120601711802
4665 -54.89500473169526
4666 -54.97852571984691
4667 -55.06182950187722
4668 -55.14485605065102
4669 -55.22775531540742
4670 -55.31082713828702
4671 -55.39395218631787
4672 -55.47722552102411
4673 -55.56078343455511
4674 -55.64458595248843
4675 -55.72881135193089
4676 -55.81362082226819
4677 -55.89902701452717
4678 -55.98543202971983
4679 -56.07290233521643
4680 -56.16115254925503
4681 -56.24989751709519
4682 -56.33937957494422
4683 -56.4300365782485
4684 -56.52210628049794
4685 -56.61517760895073
4686 -56.70932466553235
4687 -56.80461908097325
4688 -56.90112827994489
4689 -56.9992408992773
4690 -57.09851495041408
4691 -57.19890237526035
4692 -57.30045205743479
4693 -57.40318657542067
4694 -57.507232679312
4695 -57.61257371113027
4696 -57.71898162550012
4697 -57.82652855540985
4698 -57.9351068903108
4699 -58.04475407354798
4700 -58.15573061682767
4701 -58.26782217868161
4702 -58.38071962980116
4703 -58.49431281811164
4704 -58.60865499489691
4705 -58.72347787828969
4706 -58.83862208421024
4707 -58.95429618953599
4708 -59.06997033322467
4709 -59.1854279416569
4710 -59.30072439327186
4711 -59.41593576446684
4712 -59.53108796410729
4713 -59.64632051507989
4714 -59.76162443124038
4715 -59.87641738623807
4716 -59.99085937209842
4717 -60.10467666012081
4718 -60.21749027637765
4719 -60.32926518836265
4720 -60.43973600973217
4721 -60.54870283097887
4722 -60.6561117190309
4723 -60.76199732504575
4724 -60.86616090755429
4725 -60.96803742151485
4726 -61.06759457143987
4727 -61.16606840035574
4728 -61.26109139434048
4729 -61.35346673360152
4730 -61.44319292186157
4731 -61.53040961179176
4732 -61.61535499917239
4733 -61.69688382428774
4734 -61.7748314931944
4735 -61.85015400510979
4736 -61.92544067472446
4737 -61.99698041994963
4738 -62.06508898337361
4739 -62.12998965019878
4740 -62.19160734121672
4741 -62.24878246506903
4742 -62.30312047808762
4743 -62.35426103873284
4744 -62.40245520885729
4745 -62.44775711966288
4746 -62.49022912076816
4747 -62.52971218146396
4748 -62.566206761214
4749 -62.59972352842466
4750 -62.63013406581093
4751 -62.65748614498025
4752 -62.68070873896071
4753 -62.70154050868894
4754 -62.7199619279822
4755 -62.73593457820176
4756 -62.74924301792935
4757 -62.76021693052835
4758 -62.76850646905269
4759 -62.7743187886943
4760 -62.777627048211
4761 -62.7785189411107
4762 -62.77712473970998
4763 -62.77358560284887
4764 -62.76778471777395
4765 -62.7598119020872
4766 -62.74974242209663
4767 -62.73594144702118
4768 -62.72063109132925
4769 -62.70381909233333
4770 -62.68527047085212
4771 -62.66502548749814
4772 -62.64314846137408
4773 -62.61965190694767
4774 -62.59462915330337
4775 -62.56807760912948
4776 -62.54021036048002
4777 -62.51081901478548
4778 -62.47996831346714
4779 -62.44770900552295
4780 -62.41407550294163
4781 -62.37913970030293
4782 -62.34296604551547
4783 -62.30559872887976
4784 -62.26705688732881
4785 -62.22753120282044
4786 -62.18696067523852
4787 -62.14542054392704
4788 -62.102878600242
4789 -62.05937822748619
4790 -62.01485706816742
4791 -61.96950423103635
4792 -61.92334699275802
4793 -61.87640145123608
4794 -61.82862643002343
4795 -61.77966818486799
4796 -61.73040696142283
4797 -61.68065539133324
4798 -61.63044281112583
4799 -61.57972165480284
4800 -61.52849565256246
4801 -61.47681227771527
4802 -61.42458728090416
4803 -61.37189027818152
4804 -61.31866663744473
4805 -61.26494754911337
4806 -61.21085715128541
4807 -61.15631294872771
4808 -61.10151009172912
4809 -61.04631983901199
4810 -60.99081486645048
4811 -60.93498118138629
4812 -60.87889563033386
4813 -60.82246910548976
4814 -60.76580850586287
4815 -60.7090752464129
4816 -60.65194169066287
4817 -60.59476919126482
4818 -60.53743996991455
4819 -60.47986855640877
4820 -60.42198662946066
4821 -60.36380906173518
4822 -60.30541116510153
4823 -60.24696601394262
4824 -60.18841017501013
4825 -60.12977911167319
4826 -60.07119390521679
4827 -60.01264921236601
4828 -59.95400580225657
4829 -59.89516947265342
4830 -59.8361080007432
4831 -59.77675165518242
4832 -59.71704425839755
4833 -59.65696807617419
4834 -59.59650640280593
4835 -59.53567794611725
4836 -59.47442898015157
4837 -59.41275102731989
4838 -59.35074607209148
4839 -59.28842288867227
4840 -59.22588420535364
4841 -59.16312591158614
4842 -59.10007236185892
4843 -59.03671118890727
4844 -58.97300359681219
4845 -58.90885520058231
4846 -58.84421557129042
4847 -58.77908567173779
4848 -58.71329531732903
4849 -58.64701104232686
4850 -58.58031765239085
4851 -58.51311864178906
4852 -58.44536334396477
4853 -58.38503415207223
4854 -58.3206538770923
4855 -58.25411932794607
4856 -58.18578866056133
4857 -58.11587835852674
4858 -58.04497824898385
4859 -57.97320165782266
4860 -57.90068972559749
4861 -57.82744490643709
4862 -57.75335091053057
4863 -57.67830516886797
4864 -57.60232724832052
4865 -57.52524382232544
4866 -57.42504774440804
4867 -57.33262888993564
4868 -57.24445053948547
4869 -57.1585402574331
4870 -57.07378791606575
4871 -56.9893731050922
4872 -56.90468001891944
4873 -56.81937276296254
4874 -56.73316795754109
4875 -56.64583341195189
4876 -56.56492570149953
4877 -56.47869251591139
4878 -56.38985386882445
4879 -56.29914263206566
4880 -56.20657377233695
4881 -56.11212491337972
4882 -56.015893965266
4883 -55.91787809460812
4884 -55.81834344086432
4885 -55.7171346760551
4886 -55.61425650426034
4887 -55.50964923001398
4888 -55.40345401871201
4889 -55.29565693765373
4890 -55.18628491169947
4891 -55.07527225940948
4892 -54.9627118375185
4893 -54.84859330889392
4894 -54.73296353840846
4895 -54.61577051509177
4896 -54.49689481921115
4897 -54.37640328008354
4898 -54.25427464939519
4899 -54.13052578714426
4900 -54.00984989255917
4901 -53.88670115179266
4902 -53.76109615778206
4903 -53.63320910500534
4904 -53.50319545857146
4905 -53.37119241423149
4906 -53.23736685511589
4907 -53.10180780756726
4908 -52.96455701688148
4909 -52.82578712958147
4910 -52.68562162129577
4911 -52.54403794759058
4912 -52.40108536662785
4913 -52.25684979103942
4914 -52.07809861510086
4915 -51.91163506669319
4916 -51.75209702642292
4917 -51.59643340132153
4918 -51.44317064239202
4919 -51.29112397193156
4920 -51.13937225054335
4921 -50.98737012006184
4922 -50.83438562880101
4923 -50.68099421825424
4924 -50.52699782386215
4925 -50.37220663174166
4926 -50.21656209043172
4927 -50.06004985674821
4928 -49.90266352922254
4929 -49.74444073632162
4930 -49.58571721722472
4931 -49.42639329078709
4932 -49.26650888036007
4933 -49.10613379421225
4934 -48.94540347195528
4935 -48.78435374599195
4936 -48.62300267942624
4937 -48.4613941061873
4938 -48.29956321552157
4939 -48.13760261029406
4940 -47.97559504379939
4941 -47.81358204702371
4942 -47.65162667557371
4943 -47.49499676290752
4944 -47.33736234710938
4945 -47.17885273145384
4946 -47.01983259893863
4947 -46.86054556199122
4948 -46.66921419286127
4949 -46.49170053051106
4950 -46.32193317725545
4951 -46.15673927371991
4952 -45.99542844804105
4953 -45.83687343217321
4954 -45.6802121926605
4955 -45.52505242531637
4956 -45.37101086013978
4957 -45.21779160810259
4958 -45.06522177589221
4959 -44.91322718997701
4960 -44.76183535118449
4961 -44.61110066094734
4962 -44.46102329529935
4963 -44.31164174427849
4964 -44.16288520197784
4965 -44.01480828876051
4966 -43.8674535458717
4967 -43.72088164298877
4968 -43.57514244802842
4969 -43.43027136118475
4970 -43.28622188536561
4971 -43.14308560654728
4972 -43.00090241786276
4973 -42.85973097627438
4974 -42.71961119657645
4975 -42.58056414931927
4976 -42.4426476526597
4977 -42.30588964587317
4978 -42.17039771709941
4979 -42.0361303212827
4980 -41.87906741036976
4981 -41.73364812951381
4982 -41.59663472872948
4983 -41.46284509040588
4984 -41.33272798576237
4985 -41.20559127570765
4986 -41.08086289190469
4987 -40.95814460955915
4988 -40.83725750928135
4989 -40.7180434063628
4990 -40.60035571248647
4991 -40.48415103310706
4992 -40.36938216147063
4993 -40.2559809760583
4994 -40.14399420074231
4995 -40.03344099577972
4996 -39.92435792611062
4997 -39.81668533615043
4998 -39.7102038538987
4999 -39.60500998047718
5000 -39.50126357750234
5001 -39.39905485512629
5002 -39.29847701924935
5003 -39.19959798402664
5004 -39.1024010286425
5005 -39.0070366536215
5006 -38.91349782288601
5007 -38.82174141593811
5008 -38.73177956596454
5009 -38.64359255518443
5010 -38.55716261441928
5011 -38.47245708643409
5012 -38.38933799762736
5013 -38.30778623778123
5014 -38.22794805294351
5015 -38.14993656079282
5016 -38.07381447130363
5017 -37.99962689028454
5018 -37.91571983875961
5019 -37.83930912358667
5020 -37.76760910585729
5021 -37.699362334131
5022 -37.6341443668225
5023 -37.57167131140054
5024 -37.51158633387368
5025 -37.45370170745686
5026 -37.39790549910824
5027 -37.34381461176972
5028 -37.29148088707849
5029 -37.24095651706471
5030 -37.19227816949348
5031 -37.14547667320878
5032 -37.10057310728394
5033 -37.05755540179201
5034 -37.01642607461321
5035 -36.97716212869521
5036 -36.93973164485914
5037 -36.90406847667616
5038 -36.87021193295424
5039 -36.83817726943188
5040 -36.80795568200129
5041 -36.77952315226014
5042 -36.75282970044785
5043 -36.72756303173588
5044 -36.70386477230893
5045 -36.68186603951042
5046 -36.66159856773172
5047 -36.64309239222652
5048 -36.62631623752008
5049 -36.61123849053251
5050 -36.588272687698
5051 -36.57058491986536
5052 -36.55698257714195
5053 -36.54656941310964
5054 -36.53876595937862
5055 -36.53344833391775
5056 -36.53052289733844
5057 -36.5291586532115
5058 -36.52923485763181
5059 -36.53077859212176
5060 -36.53387275327699
5061 -36.53841167332578
5062 -36.54428228261366
5063 -36.55139928896534
5064 -36.55996709295813
5065 -36.56937590512453
5066 -36.57987575726736
5067 -36.59164819023816
5068 -36.60470510526219
5069 -36.618981693313
5070 -36.634419878824
5071 -36.65108677504937
5072 -36.66897508115555
5073 -36.68799300764489
5074 -36.70809259472781
5075 -36.72924491524204
5076 -36.75160411263053
5077 -36.77518893720428
5078 -36.79955408836302
5079 -36.82488026135302
5080 -36.85123717423432
5081 -36.87848662435231
5082 -36.90657400783533
5083 -36.93544863286494
5084 -36.96507741172724
5085 -36.99553040968625
5086 -37.02582141742165
5087 -37.05768611133675
5088 -37.09072573816814
5089 -37.12471117638577
5090 -37.15959860487379
5091 -37.19542608922442
5092 -37.23209138479237
5093 -37.2695292193361
5094 -37.30790332401236
5095 -37.34735605164863
5096 -37.38757860884964
5097 -37.42859618592943
5098 -37.47027272350655
5099 -37.51273903690726
5100 -37.55597969054438
5101 -37.59996904669205
5102 -37.64463835557329
5103 -37.69009876167191
5104 -37.73652089294817
5105 -37.78365221696079
5106 -37.83145027321565
5107 -37.88664365499142
5108 -37.93380374681971
5109 -37.98900221377761
5110 -38.0431108718433
5111 -38.09111300578284
5112 -38.14731944023235
5113 -38.20325969458513
5114 -38.26011030972781
5115 -38.31746526735183
5116 -38.375404358155
5117 -38.42725893389225
5118 -38.4895375296461
5119 -38.55196547823527
5120 -38.61496591466613
5121 -38.68368556581375
5122 -38.74735930884882
5123 -38.81201325092517
5124 -38.8825801288321
5125 -38.94835168364163
5126 -39.02855921052888
5127 -39.10216594695704
5128 -39.18045622046256
5129 -39.24638540291568
5130 -39.31829710120054
5131 -39.40847161823277
5132 -39.47906235762897
5133 -39.56210337198468
5134 -39.66217041841055
5135 -39.74746074406949
5136 -39.82527409670289
5137 -39.89677509894186
5138 -40.0215725186419
5139 -40.11523917796721
5140 -40.19789090458086
5141 -40.32266369396466
5142 -40.42029055154833
5143 -40.49323155460348
5144 -40.60591143343745
5145 -40.67380912534388
5146 -40.8167362533203
5147 -40.92639161279576
5148 -41.01002408598129
5149 -41.12530937363793
5150 -41.2393767447039
5151 -41.37430574062534
5152 -41.46194851949013
5153 -41.57186026207273
5154 -41.69225295034484
5155 -41.8201040797869
5156 -41.93010629833805
5157 -42.0542961858449
5158 -42.16964677978714
5159 -42.29785344486582
5160 -42.40687157150164
5161 -42.56462462549247
5162 -42.66808348381132
5163 -42.82052682384284
5164 -42.93685849438706
5165 -43.0705033992355
5166 -43.18918638229857
5167 -43.33609707110334
5168 -43.45297989879167
5169 -43.59833015531671
5170 -43.73879212738043
5171 -43.86553344152054
5172 -43.99558342169119
5173 -44.13705663127494
5174 -44.2762850675892
5175 -44.41432090718758
5176 -44.55180632247798
5177 -44.6891611718718
5178 -44.82662902072887
5179 -44.96437199561073
5180 -45.10248628361441
5181 -45.24102573899088
5182 -45.37997374464211
5183 -45.51934930876879
5184 -45.65905122336277
5185 -45.79905255620903
5186 -45.93932024758277
5187 -46.07982019992069
5188 -46.22052499712976
5189 -46.36133393928229
5190 -46.50220618502636
5191 -46.64302639127339
5192 -46.78376173908795
5193 -46.92430957615632
5194 -47.06458786554771
5195 -47.20452075625404
5196 -47.34409425649019
5197 -47.48322873679553
5198 -47.62183583632556
5199 -47.75985154062574
5200 -47.89733565406792
5201 -48.03422624736077
5202 -48.17041873504354
5203 -48.30583132116776
5204 -48.44040085577506
5205 -48.57405753445582
5206 -48.70676107934182
5207 -48.8386106219947
5208 -48.96942118477175
5209 -49.09904419241628
5210 -49.22760081632512
5211 -49.35528880674791
5212 -49.48213044336666
5213 -49.6080142240324
5214 -49.73280440850699
5215 -49.85646453908363
5216 -49.97889990792167
5217 -50.10002210959419
5218 -50.21972978676226
5219 -50.33792147178152
5220 -50.4545376109777
5221 -50.56950134950884
5222 -50.68293678767593
5223 -50.79476921913668
5224 -50.90504036677109
5225 -51.01372486953997
5226 -51.12060244661811
5227 -51.22577551455893
5228 -51.32913963975696
5229 -51.43083637689105
5230 -51.53095351677525
5231 -51.62954777121053
5232 -51.72659470793739
5233 -51.82216531154627
5234 -51.91615437126313
5235 -52.00857187401585
5236 -52.09945546094195
5237 -52.1887514886448
5238 -52.27646017834645
5239 -52.36265331380223
5240 -52.44739353653605
5241 -52.53067283616841
5242 -52.61231294915451
5243 -52.69247378715984
5244 -52.77111527164767
5245 -52.84828408011266
5246 -52.92409652281266
5247 -52.99836904487388
5248 -53.07123508838291
5249 -53.14277769065616
5250 -53.21280993406132
5251 -53.28137493766904
5252 -53.34858857981223
5253 -53.41445102108534
5254 -53.4788747614016
5255 -53.54200633003323
5256 -53.60377218018441
5257 -53.66420941586081
5258 -53.72344930612842
5259 -53.78144852987359
5260 -53.83825872731741
5261 -53.89397526653487
5262 -53.94845221236752
5263 -54.00172159274629
5264 -54.05382067979524
5265 -54.10483164786346
5266 -54.15475394631807
5267 -54.2036196821589
5268 -54.25141674172998
5269 -54.29818962361077
5270 -54.34395714413127
5271 -54.38873662725051
5272 -54.43295517980501
5273 -54.47677093600325
5274 -54.51962542822066
5275 -54.56141829110454
5276 -54.60225917609188
5277 -54.64223857942579
5278 -54.68166708960383
5279 -54.72035034954222
5280 -54.75824999001536
5281 -54.79533563568772
5282 -54.83161870294636
5283 -54.8668253071666
5284 -54.90094349923311
5285 -54.93427699876936
5286 -54.96688129608957
5287 -54.99875349030275
5288 -55.02986891494855
5289 -55.06037715933898
5290 -55.09029045644785
5291 -55.11966035112187
5292 -55.14846828519124
5293 -55.17666112497574
5294 -55.20415631212794
5295 -55.23102339726314
5296 -55.25705666111313
5297 -55.28237582454439
5298 -55.30703982339322
5299 -55.33110969673272
5300 -55.35452796176445
5301 -55.37730298128899
5302 -55.39946152093878
5303 -55.42111697737122
5304 -55.44213344153309
5305 -55.46254960045011
5306 -55.48225669588528
5307 -55.50133234831736
5308 -55.51973336637348
5309 -55.53712515420807
5310 -55.55362809419962
5311 -55.56930113510028
5312 -55.5842706573166
5313 -55.5986437178796
5314 -55.61243694875562
5315 -55.62570850550522
5316 -55.6384245406261
5317 -55.65060992184885
5318 -55.66219602621656
5319 -55.67309414841061
5320 -55.68335937740332
5321 -55.69298345449262
5322 -55.7019144993219
5323 -55.71012576379792
5324 -55.7175100057993
5325 -55.72415516930589
5326 -55.7300611449193
5327 -55.7351755512121
5328 -55.73954082325602
5329 -55.74319140917834
5330 -55.74604005481945
5331 -55.74809509407551
5332 -55.74929634907598
5333 -55.74984704538482
5334 -55.74974017229762
5335 -55.74906086849815
5336 -55.74736662196241
5337 -55.74467491382582
5338 -55.74103967652312
5339 -55.73644340978269
5340 -55.73098195204889
5341 -55.7244857744407
5342 -55.7171211719652
5343 -55.70888616778709
5344 -55.69990310262953
5345 -55.69013549835696
5346 -55.67953782434626
5347 -55.66810230946864
5348 -55.65585199188366
5349 -55.64278906695727
5350 -55.62900739352958
5351 -55.61453532780724
5352 -55.59917128506611
5353 -55.58282372532241
5354 -55.56568025122857
5355 -55.54785361686435
5356 -55.52939719799794
5357 -55.51038906982353
5358 -55.49111813188554
5359 -55.470854614411
5360 -55.44974507876272
5361 -55.42790606292206
5362 -55.4053069920307
5363 -55.38193676875404
5364 -55.35781593648152
5365 -55.33306343454973
5366 -55.30760939742344
5367 -55.28167006322268
5368 -55.25515039184524
5369 -55.227948841173
5370 -55.20017049938176
5371 -55.1720455319612
5372 -55.14337565561795
5373 -55.11410384078891
5374 -55.08447730854787
5375 -55.05459526106537
5376 -55.02455157741221
5377 -54.99449857763992
5378 -54.96358272692223
5379 -54.93212373440565
5380 -54.9003019262423
5381 -54.86824005352141
5382 -54.83577192565674
5383 -54.8031090163071
5384 -54.77012977649833
5385 -54.73694626801247
5386 -54.70362002956138
5387 -54.67002475045777
5388 -54.6363607868128
5389 -54.60255295230537
5390 -54.56860452378553
5391 -54.53474808771977
5392 -54.50066650795735
5393 -54.46650387912632
5394 -54.43215114576256
5395 -54.39764599272289
5396 -54.36292164836428
5397 -54.32803932494734
5398 -54.29314178690012
5399 -54.25834829889769
5400 -54.22361182750291
5401 -54.18889547533122
5402 -54.15413379352335
5403 -54.11940535565633
5404 -54.08472001545405
5405 -54.05004965759053
5406 -54.01537599009472
5407 -53.98067606851833
5408 -53.94588717685808
5409 -53.91094237239471
5410 -53.87590083996908
5411 -53.84074994634297
5412 -53.80541614436844
5413 -53.76988373758185
5414 -53.73416856297432
5415 -53.69825264139536
5416 -53.66197939643181
5417 -53.62540116719801
5418 -53.58860405126988
5419 -53.55148628082792
5420 -53.51411122522353
5421 -53.47651582805035
5422 -53.43864774093639
5423 -53.40042466278378
5424 -53.36189687938356
5425 -53.32298670532916
5426 -53.28358174173089
5427 -53.24372353955293
5428 -53.20346648044731
5429 -53.1627815608292
5430 -53.12188452029474
5431 -53.08058845537256
5432 -53.03879885842238
5433 -52.99643077291071
5434 -52.9534989975841
5435 -52.90993773938424
5436 -52.8657412639515
5437 -52.82084034188882
5438 -52.7752362476978
5439 -52.72896949467074
5440 -52.68201067656273
5441 -52.63436872648239
5442 -52.58594033548216
5443 -52.53672581427614
5444 -52.48677763070872
5445 -52.43608559476396
5446 -52.38458777252981
5447 -52.33233755586476
5448 -52.27926332859992
5449 -52.22541683502541
5450 -52.17080421045297
5451 -52.11549598444024
5452 -52.05949495347794
5453 -52.0028335394198
5454 -51.94547883130648
5455 -51.88745398090104
5456 -51.82876058763208
5457 -51.7693892926716
5458 -51.7094151854991
5459 -51.64886124417524
5460 -51.58769410007643
5461 -51.52590019444922
5462 -51.46304305523147
5463 -51.3993423630231
5464 -51.33485233798982
5465 -51.26983217063892
5466 -51.20455590336626
5467 -51.13889459410345
5468 -51.07267697633745
5469 -51.00589526229988
5470 -50.93858117323617
5471 -50.87076096161228
5472 -50.80242057966122
5473 -50.73358765586271
5474 -50.66436992257275
5475 -50.59480724661476
5476 -50.52489477039369
5477 -50.45457579727547
5478 -50.3838386089339
5479 -50.3126777294498
5480 -50.24117797565258
5481 -50.16934578045174
5482 -50.09713998414588
5483 -50.02458435073436
5484 -49.95171820817219
5485 -49.87855527488699
5486 -49.80511152064041
5487 -49.73141528336437
5488 -49.65744214152021
5489 -49.58321500177136
5490 -49.50873210201304
5491 -49.43402351475034
5492 -49.35912481195768
5493 -49.28407209818597
5494 -49.20888913654554
5495 -49.1335962926117
5496 -49.05818516587114
5497 -48.98266254705508
5498 -48.90706270298845
5499 -48.83135263582587
5500 -48.75558129000275
5501 -48.67989495332831
5502 -48.60426559052296
5503 -48.52866601607787
5504 -48.45308789460597
5505 -48.37750772103391
5506 -48.30200571597134
5507 -48.22651098106734
5508 -48.15108832304493
5509 -48.07571631068514
5510 -48.00040838627346
5511 -47.92517301341192
5512 -47.8500095095541
5513 -47.77492530493144
5514 -47.69984238137617
5515 -47.62484271138468
5516 -47.54995786804906
5517 -47.47519089075356
5518 -47.40051600657382
5519 -47.32597544140629
5520 -47.25160371822702
5521 -47.1774370871282
5522 -47.10348182410218
5523 -47.02971717719224
5524 -46.95613140051405
5525 -46.88270714969782
5526 -46.80941544932328
5527 -46.73621565383981
5528 -46.66325765153734
5529 -46.59060545410136
5530 -46.51824688547287
5531 -46.44617647284794
5532 -46.3743548457193
5533 -46.3027626623367
5534 -46.23142098065693
5535 -46.16025927384842
5536 -46.08930008007792
5537 -46.01860736714645
5538 -45.9481985219578
5539 -45.87806226384449
5540 -45.80816302937904
5541 -45.73848666300611
5542 -45.66905708720714
5543 -45.59990078940866
5544 -45.53109261455561
5545 -45.46254004918001
5546 -45.39426695159116
5547 -45.32649271576982
5548 -45.25903333176336
5549 -45.19191905293428
5550 -45.12522207437956
5551 -45.05885061554723
5552 -44.9928741142448
5553 -44.92723280717336
5554 -44.86198808391604
5555 -44.79706238302649
5556 -44.73253080924973
5557 -44.66830868588661
5558 -44.60446594872239
5559 -44.5409836675598
5560 -44.47789373965382
5561 -44.41516061947933
5562 -44.35288281396309
5563 -44.29100487156054
5564 -44.22942650579631
5565 -44.16831105442354
5566 -44.10767656644683
5567 -44.0475084781221
5568 -43.98781202642315
5569 -43.92853951284357
5570 -43.8697366301226
5571 -43.81136710574359
5572 -43.75341217510594
5573 -43.69592085816085
5574 -43.63888792566373
5575 -43.58231527472991
5576 -43.52625698996854
5577 -43.47068282507107
5578 -43.41559350395873
5579 -43.36098778602453
5580 -43.30688461441166
5581 -43.25325185538118
5582 -43.20007573334683
5583 -43.14737682829718
5584 -43.09510847629011
5585 -43.04324994940999
5586 -42.99196588933033
5587 -42.94118374009737
5588 -42.89091656984962
5589 -42.84113520888739
5590 -42.79183738235328
5591 -42.74301431215338
5592 -42.69468194105429
5593 -42.64682096296512
5594 -42.59944481231281
5595 -42.55254540836161
5596 -42.50612597107573
5597 -42.46015491379623
5598 -42.41467083810874
5599 -42.3696311170077
5600 -42.32508261135509
5601 -42.28097435067087
5602 -42.23733026758254
5603 -42.19418253269325
5604 -42.15146447219404
5605 -42.10909231578058
5606 -42.06710572236478
5607 -42.02547605238814
5608 -41.98425752777913
5609 -41.94354443910989
5610 -41.90330568036472
5611 -41.86346652531731
5612 -41.82403537277739
5613 -41.78495717787159
5614 -41.74625817745878
5615 -41.70791715580826
5616 -41.66996229062126
5617 -41.63185571736923
5618 -41.59744210422254
5619 -41.56381905316927
5620 -41.529602899296
5621 -41.49589232975973
5622 -41.46121982478077
5623 -41.42954284873416
5624 -41.39596394012172
5625 -41.36608933266648
5626 -41.33340052363344
5627 -41.30288039977082
5628 -41.27608298153858
5629 -41.24587523473327
5630 -41.21635817896476
5631 -41.19133657902668
5632 -41.161756054856
5633 -41.13297699480204
5634 -41.10898698916565
5635 -41.08017975047256
5636 -41.05237475375318
5637 -41.02990799755108
5638 -41.00219066325091
5639 -40.97565409563904
5640 -40.9501379077246
5641 -40.93085991257136
5642 -40.90475436410173
5643 -40.87959548689675
5644 -40.86190858098607
5645 -40.83599808379864
5646 -40.81124924188716
5647 -40.78783338409605
5648 -40.77268904172509
5649 -40.7481185880381
5650 -40.7247785449731
5651 -40.71045466367444
5652 -40.6863973478435
5653 -40.6635035003392
5654 -40.64184201284998
5655 -40.62914609835848
5656 -40.59876202523297
5657 -40.57820808850872
5658 -40.56680249817843
5659 -40.54429298464106
5660 -40.52317010799653
5661 -40.51210480946547
5662 -40.48996237409595
5663 -40.46941685747139
5664 -40.45944661781046
5665 -40.43792950106644
5666 -40.41797353095463
5667 -40.4188716250227
5668 -40.39496222348391
5669 -40.37370371685363
5670 -40.36445875401444
5671 -40.34371086890299
5672 -40.32517296235742
5673 -40.31840259077607
5674 -40.29940945887018
5675 -40.30405322147372
5676 -40.28202426773869
5677 -40.26334554537631
5678 -40.25732731772769
5679 -40.2392482457233
5680 -40.23381160748356
5681 -40.22892974368346
5682 -40.22033388463248
5683 -40.2018468306041
5684 -40.19596625449328
5685 -40.17956463290169
5686 -40.18776890151132
5687 -40.1669092782241
5688 -40.16317494733305
5689 -40.14591206846816
5690 -40.16961073570459
5691 -40.14698916485479
5692 -40.13945175922441
5693 -40.12780228994601
5694 -40.13516223531305
5695 -40.12626243894108
5696 -40.11499570414919
5697 -40.10998124918469
5698 -40.11725373042846
5699 -40.11398516915552
5700 -40.10679962249196
5701 -40.11878708754343
5702 -40.10936009857191
5703 -40.11386066088888
5704 -40.11725650756125
5705 -40.10818530538833
5706 -40.1222767110562
5707 -40.12422353100897
5708 -40.11549865469861
5709 -40.1209898260341
5710 -40.1151695282387
5711 -40.12531079490697
5712 -40.13106785102319
5713 -40.1261674518834
5714 -40.15604531633399
5715 -40.14745664716944
5716 -40.16617167383409
5717 -40.15466296840522
5718 -40.16238792292383
5719 -40.15639928339736
5720 -40.18079038773302
5721 -40.18236002817287
5722 -40.19592532003881
5723 -40.20903995583924
5724 -40.22237596721078
5725 -40.22875362735758
5726 -40.22292309542819
5727 -40.24121179015518
5728 -40.25256943847648
5729 -40.27054488819368
5730 -40.28438215899349
5731 -40.28706585914752
5732 -40.31251578501967
5733 -40.32552420645096
5734 -40.3414918161635
5735 -40.35406382847508
5736 -40.36609750022088
5737 -40.38017760966847
5738 -40.38559727522922
5739 -40.41547520761202
5740 -40.43264469280385
5741 -40.4460634504889
5742 -40.46970328229818
5743 -40.48606475498856
5744 -40.49401034232675
5745 -40.5099032675931
5746 -40.53166959972793
5747 -40.55930653260648
5748 -40.56619467052517
5749 -40.60329245599672
5750 -40.60872488875189
5751 -40.61853520335137
5752 -40.65903836502785
5753 -40.6654916310881
5754 -40.68485806182716
5755 -40.70316476926675
5756 -40.73398040787669
5757 -40.75370283948287
5758 -40.77070895530312
5759 -40.78949692052048
5760 -40.80829507950198
5761 -40.83772144144503
5762 -40.85385960874349
5763 -40.88494929771669
5764 -40.90967675480091
5765 -40.92373254591661
5766 -40.939968614251
5767 -40.96146636379979
5768 -40.97944934139834
5769 -41.01292664892899
5770 -41.0375345342326
5771 -41.0473030192703
5772 -41.074406374193
5773 -41.0860785097945
5774 -41.12394160937806
5775 -41.14317289657488
5776 -41.1606696633602
5777 -41.1854805560204
5778 -41.21054253232509
5779 -41.22052686122115
5780 -41.24603962098469
5781 -41.27994345927335
5782 -41.29301557411213
5783 -41.30831641310323
5784 -41.33948180895123
5785 -41.35277760227117
5786 -41.37502576122387
5787 -41.39851642766728
5788 -41.41876235255981
5789 -41.4357495835177
5790 -41.45650069786431
5791 -41.46678563727185
5792 -41.49726485755639
5793 -41.5112779084138
5794 -41.53131115920461
5795 -41.55319427724756
5796 -41.57827618807657
5797 -41.58937704506249
5798 -41.60223799251372
5799 -41.62806189213327
5800 -41.63987845042301
5801 -41.66558744665817
5802 -41.67615952806317
5803 -41.69950422346602
5804 -41.71010889802872
5805 -41.72686461131693
5806 -41.74523598784437
5807 -41.76031587311772
5808 -41.78095938228912
5809 -41.79390385666009
5810 -41.80939820903678
5811 -41.82260714462713
5812 -41.83213544942312
5813 -41.84661402062936
5814 -41.86700904228562
5815 -41.87893915565558
5816 -41.89136580954886
5817 -41.8996313794709
5818 -41.91691459553146
5819 -41.92476857908437
5820 -41.94173257077767
5821 -41.94889597500427
5822 -41.96436906075581
5823 -41.97376898034827
5824 -41.98333786401783
5825 -41.99678302883769
5826 -42.00471156056724
5827 -42.01696939709978
5828 -42.02390297181018
5829 -42.03457945514646
5830 -42.04086061732685
5831 -42.04474773055444
5832 -42.05524752928382
5833 -42.05897205999203
5834 -42.06850879272805
5835 -42.07159147131388
5836 -42.0806947646152
5837 -42.08772142832864
5838 -42.09112124205134
5839 -42.09453125922772
5840 -42.09793790960892
5841 -42.10117984236336
5842 -42.10716638041863
5843 -42.11192677142818
5844 -42.11349663173877
5845 -42.11513075466249
5846 -42.11671985631277
5847 -42.11987201082709
5848 -42.12053419066031
5849 -42.12235368472049
5850 -42.12226720592296
5851 -42.12301727183986
5852 -42.12174118974895
5853 -42.12034378707962
5854 -42.12074069535036
5855 -42.11877951011616
5856 -42.1166247107454
5857 -42.11415261165744
5858 -42.1114459320023
5859 -42.10838633530634
5860 -42.1050347982498
5861 -42.10130120693513
5862 -42.09727692343806
5863 -42.09280209807884
5864 -42.08851625517403
5865 -42.08356936972307
5866 -42.07833029078195
5867 -42.07242024246915
5868 -42.06605393410143
5869 -42.05915387992071
5870 -42.05189236151585
5871 -42.04416201603492
5872 -42.03611140951597
5873 -42.02762563187972
5874 -42.0188894318242
5875 -42.00988041491079
5876 -42.00047297028924
5877 -41.99065815552157
5878 -41.98075089551648
5879 -41.97010401884152
5880 -41.95896490410021
5881 -41.94738174962897
5882 -41.93554978005864
5883 -41.92339244561413
5884 -41.91107950470183
5885 -41.89851066993543
5886 -41.88582318984547
5887 -41.87285900414378
5888 -41.8597356102631
5889 -41.84630033960972
5890 -41.83269584615415
5891 -41.8188364520317
5892 -41.80180442196632
5893 -41.78589119642604
5894 -41.7700241685625
5895 -41.75422790952234
5896 -41.73850800952246
5897 -41.72270169124052
5898 -41.70687198062482
5899 -41.69089296280186
5900 -41.67486743153624
5901 -41.65865095045594
5902 -41.64234826377142
5903 -41.62596310062695
5904 -41.6094942692111
5905 -41.59279879816734
5906 -41.57600903514319
5907 -41.55902840257753
5908 -41.54204362177406
5909 -41.52495362771364
5910 -41.50784159321105
5911 -41.49049099563477
5912 -41.47324613728068
5913 -41.45595773092756
5914 -41.43453441305238
5915 -41.41501755326436
5916 -41.39633911868613
5917 -41.37814994234659
5918 -41.36034155782197
5919 -41.3427564490225
5920 -41.32548102583497
5921 -41.3083630967997
5922 -41.29149833212382
5923 -41.27461283603522
5924 -41.25780787617651
5925 -41.24110248933223
5926 -41.22460423049735
5927 -41.20818838087175
5928 -41.19177683906069
5929 -41.17538881840253
5930 -41.15917944383634
5931 -41.14304259438634
5932 -41.12716360783364
5933 -41.11141510491024
5934 -41.09584076284699
5935 -41.08036990157492
5936 -41.06511202880523
5937 -41.05001748530258
5938 -41.0351677138967
5939 -41.02050638681565
5940 -41.00610482737562
5941 -40.99187930178847
5942 -40.97782875355119
5943 -40.96388415322436
5944 -40.95009417601298
5945 -40.93652868076874
5946 -40.92315917491817
5947 -40.90994584420497
5948 -40.89682641402312
5949 -40.88384533607232
5950 -40.87122676476245
5951 -40.8596019253995
5952 -40.84815564520688
5953 -40.83653910082518
5954 -40.82530412260908
5955 -40.81385785954737
5956 -40.80297627864061
5957 -40.79214907638924
5958 -40.78180804103112
5959 -40.7713992817857
5960 -40.76154943236146
5961 -40.75163413975278
5962 -40.74225720261039
5963 -40.73281592949286
5964 -40.72387139642238
5965 -40.71483601088553
5966 -40.70632429562393
5967 -40.69781897330145
5968 -40.68984007075875
5969 -40.68182283948912
5970 -40.6742534446131
5971 -40.66664783662034
5972 -40.65954124870201
5973 -40.65231600330926
5974 -40.64549684706428
5975 -40.6385768026479
5976 -40.63202975543959
5977 -40.62547558514552
5978 -40.61930172106158
5979 -40.61309022851957
5980 -40.60720708088211
5981 -40.60137483799416
5982 -40.59591200593749
5983 -40.59041886487125
5984 -40.5851765930628
5985 -40.57984779171924
5986 -40.57481528143777
5987 -40.56977321011919
5988 -40.56498303387446
5989 -40.56019458776775
5990 -40.55569330462682
5991 -40.55114819159768
5992 -40.54681116477834
5993 -40.54241176250135
5994 -40.53815607679519
5995 -40.53384391710837
5996 -40.52966525094761
5997 -40.52546457168823
5998 -40.5214542513428
5999 -40.51738100172126
6000 -40.51346942839125
6001 -40.50954361775135
6002 -40.5057799172654
6003 -40.50200779659319
6004 -40.49828985607439
6005 -40.49450696221498
6006 -40.49086805878409
6007 -40.48711376775469
6008 -40.48348070063485
6009 -40.47984227248024
6010 -40.47633551149528
6011 -40.4727467841502
6012 -40.46917545877101
6013 -40.46559234194729
6014 -40.46206844534623
6015 -40.45856439351367
6016 -40.45506827399551
6017 -40.45150125313679
6018 -40.44798088175612
6019 -40.44441131740157
6020 -40.44085525369593
6021 -40.43725015641829
6022 -40.43368443106882
6023 -40.43005858643052
6024 -40.42646957261304
6025 -40.42281755212543
6026 -40.41917261622785
6027 -40.41544204720586
6028 -40.41169726771405
6029 -40.40785674224021
6030 -40.40400190414891
6031 -40.40003999414813
6032 -40.3960404704118
6033 -40.39192590507401
6034 -40.38777474935965
6035 -40.38351167626446
6036 -40.3792139816185
6037 -40.37481595002076
6038 -40.37039067658512
6039 -40.36585786124854
6040 -40.36128554487782
6041 -40.35660403364543
6042 -40.35185518983216
6043 -40.34695671976446
6044 -40.34198111199002
6045 -40.33686106080606
6046 -40.33167309584979
6047 -40.32632501907508
6048 -40.32088176518583
6049 -40.31525248301956
6050 -40.30950624433207
6051 -40.30364092055424
6052 -40.29768980225079
6053 -40.2916385038001
6054 -40.28554202248232
6055 -40.27932191622022
6056 -40.27304472684968
6057 -40.26664570840505
6058 -40.26019057110487
6059 -40.25360706586034
6060 -40.24694822108851
6061 -40.24014762390166
6062 -40.23327347084628
6063 -40.2262527571833
6064 -40.21916199952372
6065 -40.21195283044195
6066 -40.20469946750538
6067 -40.19732118986715
6068 -40.18987159398444
6069 -40.18228466464076
6070 -40.17462761786578
6071 -40.16683629434755
6072 -40.15898280552383
6073 -40.15100418178639
6074 -40.14296639670305
6075 -40.13480607810855
6076 -40.12659260743064
6077 -40.11825605637488
6078 -40.10986358538115
6079 -40.10134476935267
6080 -40.09276439257353
6081 -40.08406012768631
6082 -40.07530034658142
6083 -40.06642525559506
6084 -40.05749584801722
6085 -40.04843843463587
6086 -40.03930642511812
6087 -40.03002473743641
6088 -40.02069955701597
6089 -40.01130818244948
6090 -40.00191420761074
6091 -39.99245423922062
6092 -39.98295295878378
6093 -39.97336453790675
6094 -39.9637919542031
6095 -39.95417290710989
6096 -39.94456679581749
6097 -39.93490682103474
6098 -39.92525747617532
6099 -39.91554724345654
6100 -39.90584417379071
6101 -39.89608874328233
6102 -39.88634985213393
6103 -39.87655803502478
6104 -39.86678218888255
6105 -39.85696375564076
6106 -39.84716231948235
6107 -39.83730253597349
6108 -39.82742508997325
6109 -39.81747420831697
6110 -39.80753188315531
6111 -39.79752678414096
6112 -39.78752701633725
6113 -39.77745682797508
6114 -39.76740691371324
6115 -39.75731099506194
6116 -39.74723583645045
6117 -39.73712238169012
6118 -39.72703719539106
6119 -39.7168801355576
6120 -39.70673795508655
6121 -39.6965660366162
6122 -39.68645016887406
6123 -39.67632448880509
6124 -39.66626097427026
6125 -39.65619415123036
6126 -39.64619303415329
6127 -39.63617430296645
6128 -39.62618647284025
6129 -39.61617567279411
6130 -39.60622586069185
6131 -39.59628336402673
6132 -39.58641988107681
6133 -39.57656442341648
6134 -39.5667944923998
6135 -39.55704637611719
6136 -39.5474006727454
6137 -39.53775037942185
6138 -39.52817180413971
6139 -39.51859607222448
6140 -39.50912316516151
6141 -39.49968443863774
6142 -39.49035594076405
6143 -39.4810616673652
6144 -39.47187954838157
6145 -39.4627380635378
6146 -39.45371935431145
6147 -39.44474656306321
6148 -39.43588824673163
6149 -39.42706901870508
6150 -39.41836202616433
6151 -39.40971307053498
6152 -39.40121030381635
6153 -39.39277061364807
6154 -39.38447541658478
6155 -39.37624086977499
6156 -39.36806831099209
6157 -39.35991970402962
6158 -39.3519132206614
6159 -39.34549634934579
6160 -39.33879557376579
6161 -39.33181942967296
6162 -39.32480126201375
6163 -39.31777131001655
6164 -39.31063792633701
6165 -39.30352539325496
6166 -39.29655255395573
6167 -39.28956671039864
6168 -39.28269317775267
6169 -39.27715024386133
6170 -39.27138379020067
6171 -39.26544483146416
6172 -39.25944910698195
6173 -39.25332181477702
6174 -39.2471910866442
6175 -39.24096537716675
6176 -39.23489795806809
6177 -39.22873767561173
6178 -39.22264283318632
6179 -39.21653113930326
6180 -39.21063729711007
6181 -39.20479773604962
6182 -39.19904292202074
6183 -39.19315546682454
6184 -39.18732223772186
6185 -39.18147100703812
6186 -39.17567469341936
6187 -39.16974552066159
6188 -39.16384289807048
6189 -39.15788204207767
6190 -39.15207010160798
6191 -39.14630322496502
6192 -39.14065171128891
6193 -39.13502045761334
6194 -39.12948575470902
6195 -39.12392658317759
6196 -39.11845993227626
6197 -39.11301298002445
6198 -39.10762565821525
6199 -39.10220120911349
6200 -39.09816125069575
6201 -39.09380945051161
6202 -39.08924286121337
6203 -39.08446346843701
6204 -39.07964913434592
6205 -39.07461272626583
6206 -39.06960370383278
6207 -39.06453458199134
6208 -39.05948580132924
6209 -39.05440102127027
6210 -39.04931952904298
6211 -39.04402895630026
6212 -39.03876302193674
6213 -39.03349379651376
6214 -39.02824896300697
6215 -39.0230466354724
6216 -39.0178683308886
6217 -39.0127991426785
6218 -39.00773873916397
6219 -39.00278870252806
6220 -38.99789136960121
6221 -38.99305537316853
6222 -38.9882012605384
6223 -38.98347938276893
6224 -38.97879979841072
6225 -38.9741334772239
6226 -38.96952271826184
6227 -38.96488483352891
6228 -38.96032955628005
6229 -38.95581337425986
6230 -38.9513144119431
6231 -38.94686129622416
6232 -38.94249489286452
6233 -38.93812899221993
6234 -38.93391349915586
6235 -38.92965215431386
6236 -38.92539072424398
6237 -38.92123611254213
6238 -38.91716393277024
6239 -38.91325076605477
6240 -38.90943210375185
6241 -38.90575020506282
6242 -38.90213810394265
6243 -38.89865872486335
6244 -38.89525650356906
6245 -38.8919579237261
6246 -38.88923842375988
6247 -38.88652142845139
6248 -38.88379692283263
6249 -38.88108150027308
6250 -38.87840969469568
6251 -38.87572557548938
6252 -38.87314768463285
6253 -38.87062981175773
6254 -38.86817306299753
6255 -38.86580512391487
6256 -38.863471361908
6257 -38.8612743667303
6258 -38.85915359829031
6259 -38.8571113240426
6260 -38.85513393425845
6261 -38.85322728834632
6262 -38.85141155833956
6263 -38.84965083845257
6264 -38.84802363353589
6265 -38.84647774611377
6266 -38.8448885054518
6267 -38.84332176352398
6268 -38.84182751331175
6269 -38.84042255496612
6270 -38.83920001762807
6271 -38.83806068659801
6272 -38.83699293067032
6273 -38.83597959907558
6274 -38.8350656609842
6275 -38.8342217524011
6276 -38.83345507837134
6277 -38.83274293410543
6278 -38.83211946987712
6279 -38.83154676067377
6280 -38.83103264641739
6281 -38.83054820223878
6282 -38.83011111793326
6283 -38.82970586195312
6284 -38.82934760247649
6285 -38.82901345132653
6286 -38.82873170087019
6287 -38.82848900155479
6288 -38.82829619033452
6289 -38.82814010708526
6290 -38.82803511074558
6291 -38.82796704957519
6292 -38.82794222713272
6293 -38.82794399365923
6294 -38.82799777514964
6295 -38.82786538239633
6296 -38.82781540808553
6297 -38.8278175595949
6298 -38.82785930977706
6299 -38.8279173751705
6300 -38.82797302680175
6301 -38.82803490951354
6302 -38.8281157905744
6303 -38.82821418387775
6304 -38.82832910479285
6305 -38.82845150289606
6306 -38.82858328524488
6307 -38.82872041737505
6308 -38.82885850470777
6309 -38.82899606434708
6310 -38.82913265407151
6311 -38.82927553903025
6312 -38.82941324842994
6313 -38.8295491637882
6314 -38.82960752388635
6315 -38.82964300799732
6316 -38.82967846477354
6317 -38.82972852229278
6318 -38.82978808177704
6319 -38.82986744274039
6320 -38.82994225780104
6321 -38.83001010458176
6322 -38.83005401805099
6323 -38.83006830928342
6324 -38.83004948058871
6325 -38.83000330231128
6326 -38.82991833758082
6327 -38.82980196858294
6328 -38.82965333323214
6329 -38.82948914921473
6330 -38.82929491949266
6331 -38.82906806272599
6332 -38.828787954315
6333 -38.82846786934036
6334 -38.82810351116471
6335 -38.82770153352357
6336 -38.82726995977261
6337 -38.82679477004128
6338 -38.82627303885681
6339 -38.82571211180699
6340 -38.8251103366884
6341 -38.82445571869549
6342 -38.82377108600573
6343 -38.823052913658
6344 -38.82229460532234
6345 -38.82150273283739
6346 -38.82067656686322
6347 -38.81982075381436
6348 -38.8189316335928
6349 -38.81802222079148
6350 -38.81709341593522
6351 -38.81615264722827
6352 -38.81518934058442
6353 -38.81421476128864
6354 -38.81322587571515
6355 -38.81222738286694
6356 -38.81122512998674
6357 -38.81023029696681
6358 -38.80925461379675
6359 -38.80831898898806
6360 -38.80737166137648
6361 -38.80638164072979
6362 -38.80537205287829
6363 -38.8043155933292
6364 -38.8032606996987
6365 -38.80219484145484
6366 -38.80113197761613
6367 -38.80006260268674
6368 -38.79899883605866
6369 -38.79793158770313
6370 -38.79686816566873
6371 -38.79579850886307
6372 -38.79473685698945
6373 -38.79367627581381
6374 -38.79263431236821
6375 -38.79160377854537
6376 -38.79056845197672
6377 -38.78953410077982
6378 -38.78851887916858
6379 -38.78750681083564
6380 -38.78650943896417
6381 -38.7855196721373
6382 -38.78454451140308
6383 -38.78357141244273
6384 -38.78261529765375
6385 -38.7816736598563
6386 -38.78071709368888
6387 -38.77974561458353
6388 -38.77878144740613
6389 -38.77781225458425
6390 -38.7768458401053
6391 -38.77586563285096
6392 -38.77488636599712
6393 -38.77389802708831
6394 -38.77292399879119
6395 -38.77191871766649
6396 -38.77091046356743
6397 -38.76989476009352
6398 -38.76888777255188
6399 -38.76785818071309
6400 -38.76683356131335
6401 -38.76580148112076
6402 -38.76478698529796
6403 -38.76380257690695
6404 -38.76285101990101
6405 -38.76188666881469
6406 -38.76093952335997
6407 -38.75999672877147
6408 -38.75908141490365
6409 -38.7581694115667
6410 -38.7572798892182
6411 -38.75637980764076
6412 -38.75549653728329
6413 -38.754602991305
6414 -38.75371504540237
6415 -38.75281177739257
6416 -38.75193754533321
6417 -38.7510598489488
6418 -38.75018810869155
6419 -38.74928830542142
6420 -38.74840010025486
6421 -38.74749358210763
6422 -38.74659181161849
6423 -38.74566615133339
6424 -38.74474814774622
6425 -38.74380584158433
6426 -38.74286775503761
6427 -38.74189449665772
6428 -38.74092040389234
6429 -38.73990943187454
6430 -38.73889466703076
6431 -38.7378478840365
6432 -38.73681773469535
6433 -38.73576876160254
6434 -38.73472090607048
6435 -38.7336532793143
6436 -38.73261488040384
6437 -38.73155578623529
6438 -38.73049625340749
6439 -38.72940699149628
6440 -38.7283516370036
6441 -38.72731504660126
6442 -38.72630229733564
6443 -38.72518637060769
6444 -38.72402949883234
6445 -38.72281142095626
6446 -38.72157296301515
6447 -38.72029048427888
6448 -38.71899566240324
6449 -38.71762311799301
6450 -38.71623974365787
6451 -38.7148010485511
6452 -38.71332538883621
6453 -38.7118032467357
6454 -38.71027132438094
6455 -38.70867841900096
6456 -38.70709250161804
6457 -38.70469572213378
6458 -38.70335041301113
6459 -38.70102255643419
6460 -38.6997952844186
6461 -38.69752524745253
6462 -38.696354202088
6463 -38.69408237946237
6464 -38.69198000787028
6465 -38.69098372849942
6466 -38.68878564504168
6467 -38.68671926262111
6468 -38.68586245890096
6469 -38.68365527424655
6470 -38.68162610178848
6471 -38.67968258085773
6472 -38.67898897182202
6473 -38.67681614507124
6474 -38.67484613154761
6475 -38.67297312892307
6476 -38.67117608195778
6477 -38.66944094080037
6478 -38.66772004726737
6479 -38.66738341746613
6480 -38.66541613219843
6481 -38.66359067053244
6482 -38.66188018274114
6483 -38.66019401623768
6484 -38.65862460363635
6485 -38.65709116092769
6486 -38.65559379722634
6487 -38.65413557183308
6488 -38.65265864054025
6489 -38.65125794012483
6490 -38.64987742120499
6491 -38.64849438725277
6492 -38.64713040813271
6493 -38.64571948462624
6494 -38.64438382205888
6495 -38.64304541742014
6496 -38.64170130658653
6497 -38.64037825578232
6498 -38.6390381238971
6499 -38.6377365631448
6500 -38.63643641812818
6501 -38.63413862817851
6502 -38.6317882646389
6503 -38.62952811316745
6504 -38.62728592513363
6505 -38.62504809012659
6506 -38.62300046088421
6507 -38.62104637129701
6508 -38.62078622616445
6509 -38.61828146109968
6510 -38.61601712766564
6511 -38.61375369530982
6512 -38.61166247915523
6513 -38.6095941005857
6514 -38.60753944117286
6515 -38.60553654465764
6516 -38.6049138792244
6517 -38.60251294590484
6518 -38.60032023047802
6519 -38.59825895535126
6520 -38.59740371885518
6521 -38.59516107855336
6522 -38.59315516066945
6523 -38.59223440183088
6524 -38.59015441168948
6525 -38.58913525126915
6526 -38.58712025367778
6527 -38.58608108867455
6528 -38.5849355197451
6529 -38.5836783450102
6530 -38.58238836764195
6531 -38.58105250983463
6532 -38.57978591426714
6533 -38.57860796566369
6534 -38.57756928574774
6535 -38.57664123274776
6536 -38.57586571287406
6537 -38.5752078597887
6538 -38.57475659653656
6539 -38.57444698401992
6540 -38.57436038597675
6541 -38.57451670519302
6542 -38.57500191336901
6543 -38.57542755791235
6544 -38.57604167776496
6545 -38.57685793298448
6546 -38.57788971261983
6547 -38.57913501533475
6548 -38.58055584925212
6549 -38.58221189929744
6550 -38.58407893845551
6551 -38.58615680532188
6552 -38.58845751394296
6553 -38.59101716444209
6554 -38.59385261843615
6555 -38.59698698303057
6556 -38.60041328106009
6557 -38.60414848269693
6558 -38.60819729004532
6559 -38.61256385453154
6560 -38.61724975623734
6561 -38.62228959184637
6562 -38.62765794346586
6563 -38.63336139217382
6564 -38.63941535183981
6565 -38.64586325868085
6566 -38.65275909737648
6567 -38.66024682042138
6568 -38.6676696512241
6569 -38.67530808224961
6570 -38.68304172848536
6571 -38.69114555542393
6572 -38.69992323353315
6573 -38.70937470504135
6574 -38.71932137700866
6575 -38.72960727611382
6576 -38.74025907089303
6577 -38.75125778755763
6578 -38.76262455212186
6579 -38.77433281670955
6580 -38.78640296532335
6581 -38.79881671023397
6582 -38.81149223102762
6583 -38.82453534502305
6584 -38.83797889815924
6585 -38.85185301587651
6586 -38.86621463839577
6587 -38.88110767194972
6588 -38.89591620482572
6589 -38.91089216588755
6590 -38.92613543526765
6591 -38.94165810841329
6592 -38.9574576430343
6593 -38.97362495634974
6594 -38.99008341229948
6595 -39.0067030095307
6596 -39.02343208468199
6597 -39.04029859009804
6598 -39.05713464368804
6599 -39.07410454362854
6600 -39.0898300266034
6601 -39.10638991350622
6602 -39.12335694775022
6603 -39.14055069992141
6604 -39.15806208859854
6605 -39.17618080424063
6606 -39.19489973875503
6607 -39.21422861843593
6608 -39.23327421515616
6609 -39.25243590622291
6610 -39.27163826305277
6611 -39.29090922067955
6612 -39.3102761848623
6613 -39.32973215735758
6614 -39.34942718800737
6615 -39.36905934872308
6616 -39.3884780816793
6617 -39.40779274442279
6618 -39.42702067201882
6619 -39.44626732420363
6620 -39.4654534613175
6621 -39.48461191864063
6622 -39.50369551353979
6623 -39.52278169780469
6624 -39.54177745940827
6625 -39.56072234736287
6626 -39.57964894206409
6627 -39.59852546183868
6628 -39.61733563258296
6629 -39.63607986858407
6630 -39.65477142891262
6631 -39.67349547960106
6632 -39.6922868365607
6633 -39.71038531292192
6634 -39.72819636873803
6635 -39.74630348770177
6636 -39.76445058877498
6637 -39.78262849769005
6638 -39.80071206774661
6639 -39.81875735805833
6640 -39.83675587893523
6641 -39.85454115352045
6642 -39.87195843744365
6643 -39.88910990964862
6644 -39.90587844197751
6645 -39.92235630917398
6646 -39.93857999278761
6647 -39.95459975293739
6648 -39.97038099087933
6649 -39.98677676462697
6650 -40.00264865727627
6651 -40.01813805394325
6652 -40.03326922209281
6653 -40.0480830987246
6654 -40.06258606281388
6655 -40.07681670267522
6656 -40.09082614174633
6657 -40.10458520253793
6658 -40.11807315351231
6659 -40.12911868722533
6660 -40.14090351812084
6661 -40.15301995929243
6662 -40.16523643335557
6663 -40.17746951641018
6664 -40.18947180597524
6665 -40.20129886213476
6666 -40.21318222274924
6667 -40.22512204197146
6668 -40.23696248583633
6669 -40.24866632100299
6670 -40.26016341417958
6671 -40.27142720074043
6672 -40.28239632194575
6673 -40.29307055009524
6674 -40.30346195339148
6675 -40.31367602109088
6676 -40.32357057214364
6677 -40.33308087364478
6678 -40.34229817469861
6679 -40.35116063920547
6680 -40.35974435797298
6681 -40.36798575062995
6682 -40.37594109235872
6683 -40.38361158736222
6684 -40.39098878743441
6685 -40.3980600472903
6686 -40.40486737077128
6687 -40.41141460845074
6688 -40.41773715509544
6689 -40.42383937320665
6690 -40.42972469042307
6691 -40.43542086358011
6692 -40.44093381855023
6693 -40.44626155113752
6694 -40.45138217340001
6695 -40.45628774824392
6696 -40.46096853670392
6697 -40.46543210507686
6698 -40.46966120589053
6699 -40.47365485377589
6700 -40.47742142934558
6701 -40.48096468073192
6702 -40.48424846884534
6703 -40.48727588233425
6704 -40.49000524489179
6705 -40.49259119480804
6706 -40.49516637837876
6707 -40.49774082685072
6708 -40.50026808623106
6709 -40.50266901674573
6710 -40.50487694884853
6711 -40.50684691971193
6712 -40.50854896707074
6713 -40.50996417849225
6714 -40.5110800410021
6715 -40.5118914390092
6716 -40.5124272947185
6717 -40.51270417241937
6718 -40.51273847604346
6719 -40.51254066329986
6720 -40.51211868411699
6721 -40.5114595810822
6722 -40.51055501329849
6723 -40.50940576057951
6724 -40.50804399918717
6725 -40.50645702856045
6726 -40.50468142167154
6727 -40.50272139579267
6728 -40.5005801967382
6729 -40.49824362609677
6730 -40.49574294066748
6731 -40.49305895703828
6732 -40.49022184686624
6733 -40.48717664598661
6734 -40.48395905418047
6735 -40.48055420458401
6736 -40.47698597829221
6737 -40.47324131788683
6738 -40.46933857765758
6739 -40.46526535011187
6740 -40.46104396898311
6741 -40.45665556035516
6742 -40.45211887952587
6743 -40.44741893116035
6744 -40.44256616091457
6745 -40.43754349952304
6746 -40.43237377758598
6747 -40.42703480737761
6748 -40.42155892879744
6749 -40.41593752258136
6750 -40.41017794908272
6751 -40.40425965004346
6752 -40.3982050231528
6753 -40.39201625114869
6754 -40.3824773100965
6755 -40.3741022574513
6756 -40.36647650111617
6757 -40.35933501323445
6758 -40.35242705991854
6759 -40.34560030756434
6760 -40.33878429889265
6761 -40.3319153554651
6762 -40.32498176132853
6763 -40.31795037016554
6764 -40.31083505656353
6765 -40.3036300172092
6766 -40.29635422700237
6767 -40.28900133869382
6768 -40.28159079600591
6769 -40.2741370102064
6770 -40.26662277216784
6771 -40.25904502704982
6772 -40.2514249765607
6773 -40.24375165747085
6774 -40.23603862924799
6775 -40.22828043208725
6776 -40.22048339815554
6777 -40.21263425170655
6778 -40.20475314008052
6779 -40.19685525469871
6780 -40.18893970899819
6781 -40.18099508646233
6782 -40.1730356499829
6783 -40.16505177406913
6784 -40.15705607048814
6785 -40.14904138171364
6786 -40.14103002663259
6787 -40.13301185795205
6788 -40.12499552717306
6789 -40.1169723916591
6790 -40.10896248446732
6791 -40.10094991158625
6792 -40.09294034827136
6793 -40.08486433746295
6794 -40.07676855360027
6795 -40.06866757420617
6796 -40.06059197194799
6797 -40.05253094526037
6798 -40.0444982051177
6799 -40.03648040529901
6800 -40.0284885398228
6801 -40.02050828808392
6802 -40.01256582731769
6803 -40.00464793246567
6804 -39.99676074182118
6805 -39.98890442508232
6806 -39.98107731204456
6807 -39.97331134378391
6808 -39.96558077998138
6809 -39.95788090185415
6810 -39.95022437297735
6811 -39.94258775281563
6812 -39.93500090650289
6813 -39.92745667763013
6814 -39.919967336212
6815 -39.91251757666087
6816 -39.90512758586508
6817 -39.89778599534523
6818 -39.89050051357999
6819 -39.88325311658042
6820 -39.87607702689014
6821 -39.86895832938817
6822 -39.86189161582455
6823 -39.8549048289559
6824 -39.84798828247564
6825 -39.84113762006302
6826 -39.83436326860387
6827 -39.82763256727591
6828 -39.82099271267846
6829 -39.81443324752191
6830 -39.80794273519616
6831 -39.80155040441029
6832 -39.79523896048327
6833 -39.78900158088235
6834 -39.78284420550787
6835 -39.776748144513
6836 -39.77076331533504
6837 -39.76486495262748
6838 -39.75905405462304
6839 -39.75335160483316
6840 -39.74773726147521
6841 -39.74221867755334
6842 -39.73677469939465
6843 -39.73143982061922
6844 -39.72619795204209
6845 -39.72104543236344
6846 -39.71599544390023
6847 -39.71102419241929
6848 -39.70617198407265
6849 -39.70141464855778
6850 -39.69675635299232
6851 -39.6922069536035
6852 -39.6877457101527
6853 -39.68341188581397
6854 -39.67918819516117
6855 -39.67507580295607
6856 -39.67107541556288
6857 -39.66717397250446
6858 -39.66340393089929
6859 -39.65972955965297
6860 -39.65619907853406
6861 -39.65278410899062
6862 -39.64949117033147
6863 -39.6463024034158
6864 -39.64324154243299
6865 -39.64028655549798
6866 -39.63747311473195
6867 -39.63477673286236
6868 -39.63013959070621
6869 -39.62653965657686
6870 -39.623651779371
6871 -39.62126286432918
6872 -39.61918306966741
6873 -39.61739914846819
6874 -39.61577112010075
6875 -39.61433469974958
6876 -39.61305220705937
6877 -39.61194885575644
6878 -39.61098471875549
6879 -39.61015010815563
6880 -39.60941974500135
6881 -39.60879288191815
6882 -39.60832767564826
6883 -39.60798969030897
6884 -39.60775097246689
6885 -39.60765559924641
6886 -39.6076515338035
6887 -39.60776289790835
6888 -39.60797620751471
6889 -39.60833521149507
6890 -39.60881532354869
6891 -39.60941057998299
6892 -39.61010628179655
6893 -39.61095311367162
6894 -39.61192262425304
6895 -39.61300160253754
6896 -39.61417663761269
6897 -39.61549331900669
6898 -39.61692947897017
6899 -39.6184841494204
6900 -39.62008837493737
6901 -39.62188515781661
6902 -39.62379806947688
6903 -39.62575006620272
6904 -39.62788776928677
6905 -39.63013784773675
6906 -39.63242069660919
6907 -39.63489007047767
6908 -39.63747500424026
6909 -39.64009740533825
6910 -39.64288200642714
6911 -39.64576739489502
6912 -39.64868210144341
6913 -39.6517754530849
6914 -39.65496828085823
6915 -39.65818658519537
6916 -39.66154570464579
6917 -39.66498771962537
6918 -39.66845542651178
6919 -39.67207830129965
6920 -39.67579763661781
6921 -39.67955502806851
6922 -39.68345028533621
6923 -39.68741649938185
6924 -39.69140862884247
6925 -39.69551756615321
6926 -39.69969426159845
6927 -39.70389846898467
6928 -39.70820023188047
6929 -39.71256021932657
6930 -39.71696662656462
