"net-mfr-rfile"
"Iteration" "net-mfr"
("Iteration" "net-mfr")
1 -909.1202118100589
2 -1093.852039755213
3 -1176.971975408225
4 -1201.396877222075
5 -1189.2204021635
6 -1053.227106350792
7 -1076.666094278949
8 -981.7759381618599
9 -1010.172707621356
10 -951.6699624411518
11 -908.3667837282444
12 -882.3340538221147
13 -944.6526523113137
14 -911.8055793799921
15 -890.9477547280549
16 -875.0401146671524
17 -866.6597306043247
18 -858.895938913501
19 -853.7160486543991
20 -850.1478290636868
21 -847.6186487394251
22 -845.7937006757383
23 -844.4716364704371
24 -843.5257565987606
25 -842.8719733231197
26 -842.4455074065017
27 -842.1843002937438
28 -842.0247170394315
29 -841.9213540167852
30 -841.863209947463
31 -841.8124442043093
32 -841.7417561560773
33 -841.6367362377899
34 -841.4848034051472
35 -841.280505564027
36 -841.0189163302357
37 -840.6939094575223
38 -840.3011660998837
39 -839.8453678956154
40 -839.3224531712651
41 -838.7216174844999
42 -838.0407676563221
43 -837.280761572659
44 -836.4572471577666
45 -835.5767199044194
46 -834.6453333738157
47 -833.6698681186695
48 -832.6619560476472
49 -831.6293693321755
50 -830.5735412760801
51 -829.4955487917399
52 -828.4048088171417
53 -827.2991285295172
54 -826.1745709017024
55 -825.0253256732973
56 -823.8530101096944
57 -822.6576192628868
58 -821.4369024063481
59 -820.1954633267596
60 -818.9355273469497
61 -817.6602048456725
62 -816.3700040682741
63 -815.0738136805757
64 -813.7757874485781
65 -812.4795017914547
66 -811.1867264042683
67 -809.8962242367884
68 -808.6115690809562
69 -807.3343023257676
70 -806.0645971084025
71 -804.8020876241736
72 -803.5453829023548
73 -802.2941911438209
74 -801.0497040523422
75 -799.8134002185382
76 -798.5858508724001
77 -797.3673609063846
78 -796.1586555444485
79 -794.957355283678
80 -793.7672549188599
81 -792.5882261224378
82 -791.419402976344
83 -790.2609898782048
84 -789.110934604079
85 -787.9692272981489
86 -786.8369064125801
87 -785.7131812084986
88 -784.5961648300957
89 -783.4870157219209
90 -782.3825097046686
91 -781.2845646566896
92 -780.1934783284743
93 -779.1088091667401
94 -778.0303825074712
95 -776.9576336454809
96 -775.8875176383046
97 -774.8226959138539
98 -773.762986563548
99 -772.7078474881635
100 -771.6566256833302
101 -770.6092226033395
102 -769.5634382052278
103 -768.5200750269133
104 -767.4796646738583
105 -766.4419141884169
106 -765.4061821175112
107 -764.3723014039529
108 -763.3382916785291
109 -762.3052285451558
110 -761.2738006287158
111 -760.2434974499199
112 -759.213773750855
113 -758.1844399508451
114 -757.1534439561452
115 -756.1214511567717
116 -755.0887852929503
117 -754.0551249552037
118 -753.0199912406656
119 -751.9831887930544
120 -750.9430744758548
121 -749.9002932543005
122 -748.8557078652218
123 -747.80886105884
124 -746.7592685139374
125 -745.706630552804
126 -744.6497348543307
127 -743.5888336738017
128 -742.5247787479169
129 -741.4570651357146
130 -740.3854465441862
131 -739.310198041911
132 -738.2301430047547
133 -737.1455795121632
134 -736.0574916011107
135 -734.9661584550198
136 -733.8712249395498
137 -732.7726473065698
138 -731.6696456963559
139 -730.5624138646939
140 -729.452229153227
141 -728.3390732243694
142 -727.2230367003835
143 -726.1043586569313
144 -724.9824734071248
145 -723.8575819975482
146 -722.7310814884887
147 -721.6029072841409
148 -720.4730777556289
149 -719.3418811579384
150 -718.2088142262032
151 -717.0738542480487
152 -715.9382814793848
153 -714.8026154012196
154 -713.6671129244129
155 -712.5316683845551
156 -711.3963205095927
157 -710.2603643350415
158 -709.1247225274655
159 -707.9895774126762
160 -706.8547448661413
161 -705.7205143938387
162 -704.5866170447565
163 -703.4528780230482
164 -702.3212608571039
165 -701.1931032157653
166 -700.0666792626188
167 -698.9419814457075
168 -697.8185121633359
169 -696.6966210705438
170 -695.5771620560521
171 -694.460102815092
172 -693.3450406441335
173 -692.2330383347798
174 -691.1231519937846
175 -690.0150151310977
176 -688.9093233027579
177 -687.8058901936762
178 -686.7046117262103
179 -685.6051948547156
180 -684.5077875479766
181 -683.4119062221247
182 -682.3186690658749
183 -681.228818430288
184 -680.1418896383805
185 -679.057549091832
186 -677.9767273006595
187 -676.8973332772969
188 -675.8207511069974
189 -674.7466595660441
190 -673.674905179515
191 -672.6055200344161
192 -671.5390440420992
193 -670.4743164404374
194 -669.4119472348079
195 -668.3520340294426
196 -667.2942773691842
197 -666.2392309328259
198 -665.1869193305959
199 -664.1361332640107
200 -663.0873267352058
201 -662.0405475216367
202 -660.9968035947015
203 -659.955337094477
204 -658.9164560110285
205 -657.8794519246992
206 -656.844430260044
207 -655.8113605986547
208 -654.780245559954
209 -653.7508252935326
210 -652.7231192248631
211 -651.696722869668
212 -650.6713703972656
213 -649.648288221738
214 -648.6275400164047
215 -647.6083811371975
216 -646.5907141873649
217 -645.5737696710117
218 -644.5575356533847
219 -643.5426222632461
220 -642.5284808612137
221 -641.5154710339492
222 -640.5033648183999
223 -639.4928344200732
224 -638.4827000187701
225 -637.4746767031254
226 -636.4675596261184
227 -635.4612633477435
228 -634.4558828023904
229 -633.4513353426898
230 -632.4468755964464
231 -631.4431652506846
232 -630.4403748674191
233 -629.4391792937814
234 -628.4389352279438
235 -627.4392610769439
236 -626.4402713673148
237 -625.4421260701913
238 -624.4444828578683
239 -623.4473993951337
240 -622.4509023387003
241 -621.4548601749535
242 -620.4585227985507
243 -619.4627723146937
244 -618.4684445903695
245 -617.4747117344016
246 -616.4815548782277
247 -615.4893276532988
248 -614.4974079425265
249 -613.5057579353356
250 -612.514654821734
251 -611.5241261312974
252 -610.5340583292177
253 -609.5443304950247
254 -608.5547024808952
255 -607.5653574641607
256 -606.5773293876814
257 -605.5901395340175
258 -604.6036301825777
259 -603.6182373931113
260 -602.63298704369
261 -601.6478753392263
262 -600.6635530197842
263 -599.6798229965724
264 -598.6961310762457
265 -597.7132129912242
266 -596.7306435796098
267 -595.7482077661562
268 -594.7670529344832
269 -593.7866708229521
270 -592.8075859632843
271 -591.8293288393699
272 -590.8517414919299
273 -589.8740242816741
274 -588.8970358223445
275 -587.9205033783894
276 -586.9447264641655
277 -585.969358919183
278 -584.9944463297818
279 -584.0199574122158
280 -583.045788458361
281 -582.0728395082972
282 -581.1002737717101
283 -580.1279050764704
284 -579.1557453479722
285 -578.1834176152975
286 -577.2106530712305
287 -576.2378280709135
288 -575.2647711300347
289 -574.2918067866979
290 -573.3188508457546
291 -572.3464919897515
292 -571.3745381034154
293 -570.402634681487
294 -569.4305810009606
295 -568.4583986909844
296 -567.4859291249542
297 -566.5128728506235
298 -565.5396806701146
299 -564.5657815256354
300 -563.5912868284703
301 -562.6166102978237
302 -561.6416605497261
303 -560.6675555212998
304 -559.6933276391871
305 -558.7188517338916
306 -557.7439809248558
307 -556.7686747603652
308 -555.7925531065475
309 -554.8161891003867
310 -553.839388029321
311 -552.8620298806577
312 -551.8841683204267
313 -550.9058706737145
314 -549.9276838951206
315 -548.9493816144934
316 -547.9706517487577
317 -546.991374010083
318 -546.0114471555738
319 -545.0307788069093
320 -544.049499099164
321 -543.0676285423182
322 -542.0851427754229
323 -541.1020402132252
324 -540.118716640227
325 -539.1347940858861
326 -538.1507992433889
327 -537.1661084026624
328 -536.1808891947408
329 -535.1949035436602
330 -534.2083871462382
331 -533.2210867986056
332 -532.2332627977598
333 -531.2449380303095
334 -530.2561647506243
335 -529.2673727587487
336 -528.2781469307338
337 -527.2890793495004
338 -526.2996931952604
339 -525.309949857311
340 -524.3196309989047
341 -523.3290030971447
342 -522.3377498797558
343 -521.3461203829489
344 -520.354083353942
345 -519.361827534378
346 -518.3694567458319
347 -517.3768390117276
348 -516.384288138473
349 -515.391490614128
350 -514.3980482400889
351 -513.4039909558213
352 -512.4093492827133
353 -511.4141646040247
354 -510.4186895532221
355 -509.4229156967158
356 -508.4272179683985
357 -507.4312226962961
358 -506.4355312485345
359 -505.4396985809761
360 -504.4436926296554
361 -503.4473101590432
362 -502.4508241721406
363 -501.4539868621915
364 -500.4568456314636
365 -499.4601001064401
366 -498.4630641100658
367 -497.4662038539927
368 -496.4693181005472
369 -495.4723463518885
370 -494.4750156571598
371 -493.4770728289294
372 -492.4790537322378
373 -491.4807312976077
374 -490.4826596522072
375 -489.484639971846
376 -488.4868688713631
377 -487.4888137242023
378 -486.490434259978
379 -485.491751095924
380 -484.4926203693471
381 -483.4931683840232
382 -482.4935340603222
383 -481.4942968138129
384 -480.494747550016
385 -479.4950829806563
386 -478.4954356896543
387 -477.495746073211
388 -476.4960724598484
389 -475.496318373293
390 -474.49641670282
391 -473.4963925043714
392 -472.4962476452264
393 -471.4960157915503
394 -470.4955021506772
395 -469.4949641516556
396 -468.4944280419673
397 -467.4938934127031
398 -466.4933613635385
399 -465.492700978018
400 -464.4919883014587
401 -463.4912694121816
402 -462.4905526904752
403 -461.4896099214344
404 -460.4888212182901
405 -459.4881291895077
406 -458.4872489549825
407 -457.486381243642
408 -456.4855655771378
409 -455.4847050174626
410 -454.4837969475268
411 -453.482623613966
412 -452.4817114161484
413 -451.4809833756505
414 -450.4805287974846
415 -449.4802889547331
416 -448.480185542453
417 -447.4802675516441
418 -446.4805327543549
419 -445.4808966569012
420 -444.4815127729948
421 -443.4823813177774
422 -442.4835562164983
423 -441.4850223344234
424 -440.4867223575114
425 -439.4884241610299
426 -438.4905651291553
427 -437.4929254817268
428 -436.4954518640212
429 -435.4981632797385
430 -434.5012469179608
431 -433.504687655389
432 -432.5084290259659
433 -431.5124626702824
434 -430.5167633513935
435 -429.5213479898763
436 -428.5264366821744
437 -427.5318410253705
438 -426.5375199587997
439 -425.5434073024275
440 -424.5495716481731
441 -423.5559102117722
442 -422.5626978296285
443 -421.5702303873684
444 -420.5782437483396
445 -419.5867458417776
446 -418.5955989727161
447 -417.6047829485619
448 -416.6144536690812
449 -415.6247781801006
450 -414.6355137476411
451 -413.6465823084063
452 -412.6581564079612
453 -411.6703970984149
454 -410.6828362275157
455 -409.6951572277518
456 -408.7082476715832
457 -407.7219159689029
458 -406.7359274880542
459 -405.7505683292957
460 -404.7660692094968
461 -403.7818776068351
462 -402.7980302771151
463 -401.814937979698
464 -400.8317279655279
465 -399.8483646905652
466 -398.8658406634987
467 -397.8840357417665
468 -396.9026462361058
469 -395.9220303168822
470 -394.9414402562322
471 -393.9613422201633
472 -392.9816676551167
473 -392.0024362633712
474 -391.0234924790501
475 -390.045132798521
476 -389.0665248235455
477 -388.089280067995
478 -387.1133211368852
479 -386.1382048020211
480 -385.1638577841369
481 -384.1902537059831
482 -383.2173856971328
483 -382.2452801912179
484 -381.2739926041316
485 -380.3035653876677
486 -379.3340246954224
487 -378.3653942146223
488 -377.3976807317265
489 -376.4308888268106
490 -375.4650210714987
491 -374.5000801880799
492 -373.5360667691702
493 -372.5729823744944
494 -371.6108345598088
495 -370.6496291576687
496 -369.689391584468
497 -368.7301229510431
498 -367.7718260085542
499 -366.8145272680272
500 -365.8582587594438
501 -364.903038257757
502 -363.9488847539752
503 -362.9958221838037
504 -362.0438732576455
505 -361.0930606423257
506 -360.1434048487636
507 -359.1949277743863
508 -358.2476492050428
509 -357.3015908470522
510 -356.3567684213663
511 -355.4132008302319
512 -354.4709143467604
513 -353.5299343272177
514 -352.5902803194967
515 -351.6519751905301
516 -350.715047330059
517 -349.7795242298849
518 -348.8454295512954
519 -347.912795418273
520 -346.9816495477397
521 -346.0520186986401
522 -345.1239283563409
523 -344.1974066938863
524 -343.2724805518534
525 -342.3491728720074
526 -341.427507547228
527 -340.5075095162442
528 -339.5892018165589
529 -338.6726021685352
530 -337.7577322151669
531 -336.8446133162084
532 -335.9332667185095
533 -335.0237121284156
534 -334.1159705371686
535 -333.2100652462682
536 -332.306016026341
537 -331.4038445521037
538 -330.5035730183126
539 -329.6052189524207
540 -328.7088059663298
541 -327.8143564457958
542 -326.9218849648591
543 -326.0314123745464
544 -325.142961813836
545 -324.2565520281991
546 -323.372200005724
547 -322.4899233993521
548 -321.6097389787281
549 -320.7316621879423
550 -319.8557074166627
551 -318.9818880409073
552 -318.1102186284225
553 -317.2407123737234
554 -316.3733804435035
555 -315.5082337367017
556 -314.6452839528478
557 -313.784542772425
558 -312.9260234997269
559 -312.0697369021254
560 -311.2156953874806
561 -310.3639158720582
562 -309.514427403342
563 -308.6674263963903
564 -307.823744496369
565 -306.9845729360195
566 -306.1877336340497
567 -305.3953075780561
568 -304.6019198758014
569 -303.803240572357
570 -303.0077031294941
571 -302.2134535637146
572 -301.4176871803949
573 -300.6212931284821
574 -299.8243551076075
575 -299.0271756654901
576 -298.2299956731794
577 -297.4336264085197
578 -296.638423772547
579 -295.8447306230842
580 -295.0526765015048
581 -294.2623426490902
582 -293.4738024477405
583 -292.6871425692191
584 -291.9024798983694
585 -291.1198949681219
586 -290.3394100952474
587 -289.5610647698644
588 -288.7848602556813
589 -288.0108068302313
590 -287.2389339161012
591 -286.4692744918871
592 -285.7018556217261
593 -284.9366885216224
594 -284.1737260651259
595 -283.4128334582168
596 -282.6540295866053
597 -281.8971999857178
598 -281.1424638900684
599 -280.3899725247854
600 -279.6398058926467
601 -278.891816958912
602 -278.1466547010761
603 -277.4040403223441
604 -276.6634158913521
605 -275.9247263546557
606 -275.1880291152034
607 -274.4532782669548
608 -273.7205140418408
609 -272.9897163630139
610 -272.2608044797748
611 -271.5332818364307
612 -270.807511651108
613 -270.0834829454155
614 -269.3621208242811
615 -268.6422073942873
616 -267.9243211304213
617 -267.2085791084788
618 -266.4946269560065
619 -265.7821521591048
620 -265.0710198627976
621 -264.3610452092461
622 -263.6521452679436
623 -262.9444949798371
624 -262.2382291529058
625 -261.5327907661173
626 -260.8286994274368
627 -260.1258835396593
628 -259.4242739837698
629 -258.7237865464149
630 -258.0242934064796
631 -257.3256860044096
632 -256.6279215639724
633 -255.9309467596529
634 -255.2346810949502
635 -254.5390707392817
636 -253.844192658571
637 -253.1500799845148
638 -252.4567170884556
639 -251.764071533114
640 -251.0720894435644
641 -250.3806966763922
642 -249.6898856749401
643 -248.9995535947846
644 -248.3095180477751
645 -247.6196863642907
646 -246.9303845737204
647 -246.2413213663511
648 -245.5525525537268
649 -244.8638131212316
650 -244.174792297514
651 -243.4853132692893
652 -242.7953780952407
653 -242.1049646035493
654 -241.4146179024638
655 -240.724470482756
656 -240.0345438833039
657 -239.3447137130398
658 -238.6546665340681
659 -237.9642082281742
660 -237.2732251795464
661 -236.5821960455171
662 -235.8908402286488
663 -235.1987980826946
664 -234.5061856263213
665 -233.8134645287986
666 -233.1205817073254
667 -232.4272924258285
668 -231.7335169907501
669 -231.0386428564461
670 -230.3429949425873
671 -229.6467150152641
672 -228.9498638071317
673 -228.2525394019323
674 -227.5547255656429
675 -226.8565266226541
676 -226.1581563700825
677 -225.4598176417035
678 -224.7615004781877
679 -224.0633170034855
680 -223.3652680095011
681 -222.6675546931069
682 -221.9706471705891
683 -221.2742034377654
684 -220.577949649208
685 -219.8819383470267
686 -219.1859773576352
687 -218.4911013975007
688 -217.7957571964299
689 -217.1005506666455
690 -216.4059072226964
691 -215.7118520723584
692 -215.0184864933003
693 -214.3261622859887
694 -213.6348366662105
695 -212.9443948133023
696 -212.2552293801769
697 -211.5674370049186
698 -210.8809875553474
699 -210.1968374049071
700 -209.5151608082439
701 -208.8352485788309
702 -208.1568284516605
703 -207.4797359857077
704 -206.8040188769991
705 -206.1299328979198
706 -205.4576902170807
707 -204.7872548707221
708 -204.1177533697797
709 -203.4497687896292
710 -202.7842738187998
711 -202.1211766099267
712 -201.4605376028109
713 -200.8017709802969
714 -200.1459117823411
715 -199.4939175248113
716 -198.8456414236173
717 -198.2009563613638
718 -197.5595738362418
719 -196.9215174702397
720 -196.2876922880104
721 -195.656985961717
722 -195.029684641704
723 -194.4063855635883
724 -193.7870228354478
725 -193.1714190783031
726 -192.559464546466
727 -191.9515715048686
728 -191.3471388837587
729 -190.7308313812028
730 -190.125778849777
731 -189.5269714364308
732 -188.931301929698
733 -188.3251734093936
734 -187.7335901154318
735 -187.150633458508
736 -186.5691852503924
737 -185.9945999155522
738 -185.4270430742979
739 -184.8660543270646
740 -184.3081052518297
741 -183.7121429498636
742 -183.1408486792577
743 -182.59104681001
744 -182.0133113627949
745 -181.4530809618051
746 -180.9172570190165
747 -180.3980391856539
748 -179.8838472552632
749 -179.3068699079422
750 -178.7672076716798
751 -178.2572466269272
752 -177.7586288594341
753 -177.1965308162623
754 -176.6795584524613
755 -176.1881601843768
756 -175.7081379328853
757 -175.235820579001
758 -174.7698493681475
759 -174.3093398313063
760 -173.7649386548197
761 -173.2707206166342
762 -172.8016488852415
763 -172.3485644027173
764 -171.8153843363501
765 -171.3421515695433
766 -170.8959338498163
767 -170.4649233246216
768 -169.9307728866622
769 -169.46879763144
770 -169.0387644108947
771 -168.6250691116256
772 -168.1149231717678
773 -167.6675084643278
774 -167.2540642005648
775 -166.7021253141805
776 -166.1212094675961
777 -165.6665186556746
778 -165.2685917777138
779 -164.90051150299
780 -164.550146366263
781 -164.2080848109935
782 -163.8714728504023
783 -163.5349316596253
784 -163.195456250047
785 -162.8512266247666
786 -162.5010549214755
787 -161.9668293285058
788 -161.5525306882318
789 -161.1717494889857
790 -160.8056538237839
791 -160.2986078169107
792 -159.896269482589
793 -159.549350350752
794 -159.2213262820507
795 -158.9066447445861
796 -158.598160260286
797 -158.2902022918952
798 -157.9793552420628
799 -157.6662138898357
800 -157.3471601885272
801 -157.0210078384243
802 -156.3222109298439
803 -155.8091505559103
804 -155.4417199870984
805 -155.1157840690022
806 -154.8171970085746
807 -154.5357780573129
808 -154.2611938719805
809 -153.9861502376771
810 -153.7044379218723
811 -153.4165182674546
812 -153.1250062870384
813 -152.8265504110942
814 -152.5237488359751
815 -152.0159592320686
816 -151.415664574073
817 -150.96888377933
818 -150.6389397401693
819 -150.3494802992128
820 -150.0810607986982
821 -149.8252297336315
822 -149.5715893476224
823 -149.3117802135535
824 -149.0431273539107
825 -148.7682704843504
826 -148.492655712594
827 -147.7739819858257
828 -147.2384925307051
829 -146.8744536149361
830 -146.5871532713157
831 -146.3297311358462
832 -146.0931807720121
833 -145.8622431969823
834 -145.6274048218299
835 -145.3830346768832
836 -145.1289418457219
837 -144.870484784109
838 -144.3779688895819
839 -143.7564989628362
840 -143.3187897195983
841 -143.0192571813609
842 -142.7887572295244
843 -142.5896178286825
844 -142.4006148367297
845 -142.2041618157879
846 -141.9804324862259
847 -141.7286973083115
848 -141.4426670414273
849 -140.8954443389927
850 -140.1686701262735
851 -139.5919436538339
852 -139.1537413125937
853 -138.7901103430391
854 -138.4615789027272
855 -138.153372111742
856 -137.8538452269078
857 -137.5560154916163
858 -137.2548544228584
859 -136.6890034371385
860 -135.9680784273245
861 -135.4264864490375
862 -135.0239987490228
863 -134.720233465687
864 -134.4667544759865
865 -134.2339563675214
866 -134.0038690431992
867 -133.7600233759734
868 -133.4906409795881
869 -132.6571837994405
870 -132.0068940391143
871 -131.5045854560584
872 -131.0874603698193
873 -130.7692362977486
874 -130.4749654064468
875 -130.1848286996273
876 -129.882647245559
877 -129.554226451091
878 -128.6329123230208
879 -127.9192317999662
880 -127.3334063254288
881 -126.8534109475825
882 -126.4961217983213
883 -126.1517934040731
884 -125.7864637647313
885 -125.4021248082843
886 -124.3934663681785
887 -123.6182303429475
888 -122.9512831320993
889 -122.4036704367097
890 -121.9952016838258
891 -121.6032407182297
892 -121.1823561862371
893 -120.7410174906961
894 -119.6748944275625
895 -118.8424574220376
896 -118.1292289299592
897 -117.5583130157529
898 -117.1505328454302
899 -116.7577401418479
900 -116.3208180081739
901 -115.2044153382651
902 -114.3260021120334
903 -113.5632262096851
904 -112.9300287542163
905 -112.4639421211636
906 -112.0304837911601
907 -111.5619682736492
908 -110.3992901912915
909 -109.4503897253804
910 -108.6597973827102
911 -107.996251349959
912 -107.4889254886708
913 -107.0220153656614
914 -105.8034721825222
915 -104.8200975531061
916 -103.9592765343349
917 -103.2264703897489
918 -102.6340873886541
919 -102.1019429123981
920 -100.8482882180475
921 -99.81329597188044
922 -98.93612351032286
923 -98.18777954884069
924 -97.60114344194292
925 -96.32693289646159
926 -95.2991344656578
927 -94.35411458772204
928 -93.57408146213308
929 -92.97314437336564
930 -91.67170681865275
931 -90.62297801687164
932 -89.64082965063108
933 -88.86033581750797
934 -88.33591436211168
935 -87.10396770445337
936 -86.05151694431808
937 -85.02023338786643
938 -84.15679730822285
939 -83.53133345354982
940 -81.21836131236267
941 -78.69284891451127
942 -74.46106622508461
943 -68.98695412139273
944 -59.99544144408917
945 -49.72973843503769
946 -37.98883001270256
947 -27.46420422292407
948 -16.27654057761266
949 -9.752199701197114
950 -7.302629484292936
951 -8.456484575117472
952 -10.50523765217686
953 -11.65268419644277
954 -12.11928338576443
955 -12.13186623210564
956 -11.83273471757112
957 -11.43788920582826
958 -10.85528662692453
959 -10.05861269165119
960 -9.110284458739585
961 -8.065307669061809
962 -7.02360990481268
963 -6.047989399880436
964 -5.191817556529067
965 -4.472899966636476
966 -3.910984755543815
967 -3.514069889022963
968 -3.244830229761263
969 -3.075017648185401
970 -2.96027543961354
971 -2.870316619467332
972 -2.780388950715896
973 -2.696256384411065
974 -2.573239604207373
975 -2.439177131779743
976 -2.304220893206143
977 -2.12897629343837
978 -1.913992266725735
979 -1.662739090643342
980 -1.385366110725691
981 -1.082373799768078
982 -0.7831082987378792
983 -0.4877573960239872
984 -0.1900647872828642
985 0.09531323629851585
986 0.3875370698441927
987 0.7300315036621328
988 1.090329616360876
989 1.446113396100557
990 1.770586211471198
991 2.075032465500236
992 2.371783750873391
993 2.665364596673271
994 2.956828101758333
995 3.248705080804207
996 3.534314958036127
997 3.790245099946432
998 4.087921029605646
999 4.378978780673531
1000 4.676607360580491
1001 5.152118549525426
1002 5.563829904238652
1003 5.833089422389968
1004 5.953571337890477
1005 6.258815859841519
1006 6.488113219151877
1007 6.596283755367182
1008 6.564744651112022
1009 6.770203636883089
1010 6.859481541811931
1011 6.888941429997814
1012 6.852610851938074
1013 6.956274540042394
1014 6.938626342962444
1015 6.869529231127082
1016 6.770047949336696
1017 6.790855280796105
1018 6.823478721476896
1019 6.850327003771849
1020 6.667295773502694
1021 6.442119130523579
1022 6.457846317667581
1023 6.399427159146608
1024 6.329351145538155
1025 6.202099751088817
1026 6.136580358610463
1027 5.998390269355511
1028 5.866892219644946
1029 5.674698512795104
1030 5.661295894638506
1031 5.665944511764121
1032 5.431025324029143
1033 5.177282255683529
1034 4.805916476251703
1035 4.833590061787575
1036 4.844407376738218
1037 4.708449613250181
1038 4.358770789786728
1039 4.245084671017004
1040 4.110715481069185
1041 3.980674051265837
1042 3.905730038025816
1043 3.705231464492257
1044 3.47272519252293
1045 3.28051220331573
1046 3.090931973380329
1047 2.880196255884442
1048 2.953035180227069
1049 2.755535900065894
1050 2.524169234044273
1051 2.302085351722155
1052 2.229376029640697
1053 2.202102956649554
1054 2.205200882727468
1055 1.962118096048243
1056 1.687928423598244
1057 1.6370485623261
1058 1.61148900938953
1059 1.703688337195899
1060 1.466264528761684
1061 1.182085274943617
1062 1.169156937487465
1063 1.153972185723042
1064 1.210556305597756
1065 1.090360095430874
1066 0.9770752738830666
1067 0.8892813166655955
1068 0.8148776855571782
1069 0.7465507326874388
1070 0.9055938714929042
1071 0.7256616178902533
1072 0.5234966686083879
1073 0.3471472828006981
1074 0.1746643556898704
1075 0.3633548793870247
1076 0.05939489762450023
1077 -0.3902384314587124
1078 -0.6631046083877408
1079 -0.9673020342957344
1080 -1.261145211861262
1081 -1.716117008910992
1082 -2.245565947366437
1083 -2.454183891541859
1084 -2.552509043262113
1085 -2.401884081616018
1086 -2.57661608661531
1087 -2.798552949694894
1088 -2.88398411247001
1089 -2.877494688381923
1090 -2.614705187586949
1091 -2.70212966505369
1092 -2.800726582443708
1093 -2.754895206740116
1094 -2.614127135769095
1095 -2.187678728134451
1096 -2.224221523708458
1097 -2.20211095279938
1098 -2.045184974016124
1099 -1.682698898592051
1100 -1.347689792514963
1101 -1.327506955991716
1102 -1.191099953354339
1103 -0.9466546680789136
1104 -0.3619615933002933
1105 -0.2400915222085587
1106 -0.1729700865710484
1107 0.03615645682016577
1108 0.3179848177436426
1109 0.8985067718860478
1110 0.9272183698114418
1111 1.015221708757778
1112 1.213063905056607
1113 1.584845439326841
1114 1.843856149301367
1115 1.800968700899944
1116 1.822727431566783
1117 1.907952045892806
1118 1.974346676037754
1119 2.038777672521917
1120 1.90876952250813
1121 1.616982607452663
1122 1.223658167562071
1123 0.6323059973547629
1124 0.04515772940816731
1125 -0.5847009111307386
1126 -1.293744461934395
1127 -2.159255278166832
1128 -2.941442418344032
1129 -3.717118445442914
1130 -4.560763747529421
1131 -5.776373438613163
1132 -6.543353415085733
1133 -7.36450159005846
1134 -8.349570065088223
1135 -9.705505855934256
1136 -10.62926063069931
1137 -11.66321016894425
1138 -12.87265859905987
1139 -14.21972899318529
1140 -15.44200877205473
1141 -16.70781643373526
1142 -18.1302738568337
1143 -19.8106067200093
1144 -21.12543810411885
1145 -22.54314130770378
1146 -24.11347046871722
1147 -25.75267722812651
1148 -27.2787049036844
1149 -28.84571980755175
1150 -30.51370278127327
1151 -32.33613042776518
1152 -33.88971812914284
1153 -35.51698153872255
1154 -37.23318015655284
1155 -39.09805663005586
1156 -40.7049079736997
1157 -42.39191564293453
1158 -44.16401614146888
1159 -45.95830678159637
1160 -47.68908653586362
1161 -49.46783085249224
1162 -51.30707085290893
1163 -53.17922599841621
1164 -54.97468788385432
1165 -56.82002467040105
1166 -58.72809557378528
1167 -60.5835505491212
1168 -62.45610927944285
1169 -64.37216095227578
1170 -66.36123943465353
1171 -68.22298968136559
1172 -70.14272802251114
1173 -72.11871026138459
1174 -74.02346794182814
1175 -75.97113358196027
1176 -77.96297841539561
1177 -79.89487098350438
1178 -81.85608750597528
1179 -83.86420280677905
1180 -85.79608751134309
1181 -87.76639557020212
1182 -89.81748927397535
1183 -91.72944412835959
1184 -93.71286875866161
1185 -95.64838382057702
1186 -97.60670716013253
1187 -99.56199119688495
1188 -101.5161722547402
1189 -103.5341131644946
1190 -105.466697795025
1191 -107.4175232293373
1192 -109.4373839766469
1193 -111.4535553230756
1194 -113.5571069238736
1195 -115.8013798318164
1196 -117.927979657642
1197 -119.9386135017138
1198 -121.8615827847793
1199 -123.7115801285787
1200 -125.5022256234491
1201 -127.2375956409864
1202 -128.9167834302643
1203 -130.5370231089544
1204 -132.0941566821534
1205 -133.5850596775443
1206 -135.0082645990036
1207 -136.3607359192893
1208 -137.6416096762704
1209 -138.8535546014297
1210 -139.9990842918277
1211 -141.0824381995141
1212 -142.1086026805357
1213 -143.081808376625
1214 -144.0047161781882
1215 -144.8817332133194
1216 -145.7177914364489
1217 -146.5144417602743
1218 -147.2762221774547
1219 -148.0046354768305
1220 -148.7006755561216
1221 -149.3650829224543
1222 -149.9976568493912
1223 -150.6007439387563
1224 -151.1733895781442
1225 -151.7177100029664
1226 -152.2339618791233
1227 -152.7215134987234
1228 -153.1816671326807
1229 -153.6143196391425
1230 -154.0186902905662
1231 -154.3947395194974
1232 -154.7428967424182
1233 -155.0641307401257
1234 -155.3594696237006
1235 -155.630570626127
1236 -155.8786075805402
1237 -156.105284468504
1238 -156.3105327116844
1239 -156.4946210667794
1240 -156.6611439780477
1241 -156.8105232106318
1242 -156.9436697378731
1243 -157.061982156918
1244 -157.1680372232602
1245 -157.2612711016986
1246 -157.3424785641529
1247 -157.4147832326542
1248 -157.4802208740649
1249 -157.5399111845802
1250 -157.5931243508433
1251 -157.6415745813131
1252 -157.6829847759846
1253 -157.7161621412389
1254 -157.7420981814118
1255 -157.758849042918
1256 -157.7645728319666
1257 -157.7599021744383
1258 -157.7428626411314
1259 -157.7126757665812
1260 -157.6671306642385
1261 -157.6068032650876
1262 -157.5320537880051
1263 -157.4416004538356
1264 -157.3334509340342
1265 -157.2069663337937
1266 -157.0641946354216
1267 -156.9039587934112
1268 -156.7246519533298
1269 -156.5272343149055
1270 -156.3126753713894
1271 -156.0810399141497
1272 -155.8311307589193
1273 -155.5606217013192
1274 -155.2695333078237
1275 -154.9585838106167
1276 -154.6280605776953
1277 -154.2800346754275
1278 -153.9140125456979
1279 -153.5306732151806
1280 -153.1290255060685
1281 -152.7100196514036
1282 -152.2723518785558
1283 -151.8170990889528
1284 -151.3460503023921
1285 -150.8571479758175
1286 -150.3524516121808
1287 -149.8334044454388
1288 -149.3001465511545
1289 -148.7549047046298
1290 -148.198054257831
1291 -147.6314924783591
1292 -147.0587582519814
1293 -146.4801333243324
1294 -145.896104512404
1295 -145.3089605353329
1296 -144.7193520178668
1297 -144.1309963634995
1298 -143.5456399002419
1299 -142.9664682399962
1300 -142.3958889795199
1301 -141.8367537548459
1302 -141.2910073330631
1303 -140.7582139617864
1304 -140.2419108435929
1305 -139.7417524884623
1306 -139.2561372244815
1307 -138.7856355643544
1308 -138.3304329531382
1309 -137.8890552145674
1310 -137.4613056244609
1311 -137.045853202795
1312 -136.6407415582733
1313 -136.2428976878888
1314 -135.8509994348775
1315 -135.4628682861047
1316 -135.0737367263549
1317 -134.682029842178
1318 -134.2844575485585
1319 -133.8767906045114
1320 -133.4581404558934
1321 -133.0291356023139
1322 -132.5847100724308
1323 -132.1191926650887
1324 -131.6316952211989
1325 -131.1196531447646
1326 -130.5835326385978
1327 -130.0169487560699
1328 -129.417833025638
1329 -128.791115462701
1330 -128.142328035957
1331 -127.4696870226457
1332 -126.7692251263695
1333 -126.0449479409097
1334 -125.2911233330162
1335 -124.5063711314352
1336 -123.6923933210839
1337 -122.8400755256708
1338 -121.9643109322692
1339 -121.0430085771744
1340 -120.0144016086601
1341 -118.9320929441213
1342 -117.8143171880829
1343 -116.6540070208464
1344 -115.4537788778329
1345 -114.2196472140309
1346 -112.960562854838
1347 -111.6786510576424
1348 -110.3518750693109
1349 -108.9685793137179
1350 -107.6095367699098
1351 -106.3205355406018
1352 -105.067873238329
1353 -103.8022109417784
1354 -102.4661362512253
1355 -101.1480954866262
1356 -99.9349800810453
1357 -98.77797690430492
1358 -97.62913963694987
1359 -96.45255660478161
1360 -95.24533728961916
1361 -94.02239161336388
1362 -92.79015530822515
1363 -91.52666750066842
1364 -90.43581852948302
1365 -89.41498195093124
1366 -88.39497432385953
1367 -87.39426225855658
1368 -86.42848365587909
1369 -85.47297971761502
1370 -84.48900931696426
1371 -83.64298859226427
1372 -82.65872927058668
1373 -81.71981515527881
1374 -80.8155481820214
1375 -79.91977754613765
1376 -79.01646527634296
1377 -78.12842472216403
1378 -77.2747843080665
1379 -76.41879618267816
1380 -75.48795450093641
1381 -74.66325669211408
1382 -73.93183100702338
1383 -73.17779672311062
1384 -72.40888444132409
1385 -71.61466562372516
1386 -70.79399967509471
1387 -69.96337424965685
1388 -69.12991360526628
1389 -68.30165585080634
1390 -67.47863947882749
1391 -66.65445325119829
1392 -65.82826618823221
1393 -65.01070223799884
1394 -64.19935723328685
1395 -63.39577678793074
1396 -62.60193937158972
1397 -61.81800114739072
1398 -61.04278421229118
1399 -60.27585489320631
1400 -59.51726831693349
1401 -58.76706146493855
1402 -58.02585916033151
1403 -57.29444618034096
1404 -56.56925843489259
1405 -55.8536703839826
1406 -55.15050283885325
1407 -54.45785611763186
1408 -53.77487875243736
1409 -53.10310279859581
1410 -52.44380427018457
1411 -51.79774988081763
1412 -51.16495174411287
1413 -50.54699756620413
1414 -49.94441283910894
1415 -49.35911365151642
1416 -48.79293886723626
1417 -48.2400030781145
1418 -47.70475838239069
1419 -47.18311354542525
1420 -46.67055002618179
1421 -46.16457617463654
1422 -45.6717752121074
1423 -45.19559670577517
1424 -44.73487069933339
1425 -44.29093623497895
1426 -43.865387071801
1427 -43.46210394680939
1428 -43.08365971500706
1429 -42.73654645841734
1430 -42.42170271850404
1431 -42.11490204404468
1432 -41.83692164633475
1433 -41.58955308380776
1434 -41.36374870397051
1435 -41.15509190118165
1436 -40.9631002507302
1437 -40.78721292107218
1438 -40.62500311046909
1439 -40.47748323773029
1440 -40.34631630289682
1441 -40.23306343380548
1442 -40.14195326461963
1443 -40.07634012497849
1444 -40.03886246672156
1445 -40.03100433364028
1446 -40.05103943061621
1447 -40.09784471048569
1448 -40.17028437038655
1449 -40.26643140147569
1450 -40.38013451474567
1451 -40.50887304483109
1452 -40.65086124299071
1453 -40.8052855136229
1454 -40.97116807828557
1455 -41.14825663406198
1456 -41.33766066745393
1457 -41.54085546493145
1458 -41.75830046526204
1459 -41.9911118920313
1460 -42.24034690781658
1461 -42.50737453313422
1462 -42.79246126047479
1463 -43.09609061024652
1464 -43.41701708895631
1465 -43.74836362091642
1466 -44.08352491103538
1467 -44.43466308645407
1468 -44.7954553992462
1469 -45.16296420452266
1470 -45.53671909952179
1471 -45.91584046460884
1472 -46.30014534043496
1473 -46.68985131415412
1474 -47.0853299339184
1475 -47.48586821081319
1476 -47.89074557957085
1477 -48.29957140031813
1478 -48.71224074545143
1479 -49.12544725616776
1480 -49.54297921435805
1481 -49.963418272957
1482 -50.38620224021561
1483 -50.81085382490522
1484 -51.23725761231645
1485 -51.66523236332367
1486 -52.09453307060645
1487 -52.5250303983498
1488 -52.9566319972069
1489 -53.38887329118884
1490 -53.82165283848248
1491 -54.25476855908573
1492 -54.68822597540339
1493 -55.12194311563994
1494 -55.5559922108767
1495 -55.99006951465269
1496 -56.42388608791334
1497 -56.85751853258938
1498 -57.29079532516289
1499 -57.72366129348038
1500 -58.15590250032044
1501 -58.5873271755981
1502 -59.01779405521113
1503 -59.4471224345854
1504 -59.87533064516401
1505 -60.30235244784026
1506 -60.7280772699665
1507 -61.15238830342873
1508 -61.57536077823529
1509 -61.9970655584758
1510 -62.41746012781993
1511 -62.83647278757737
1512 -63.2541506950901
1513 -63.6703300894522
1514 -64.08506063355225
1515 -64.49844569327502
1516 -64.91069690409536
1517 -65.32201116310509
1518 -65.73234617949618
1519 -66.14176496972664
1520 -66.55037478320716
1521 -66.95826481353511
1522 -67.36562932874089
1523 -67.77272710118993
1524 -68.17948804118377
1525 -68.58585183025373
1526 -68.99229149516799
1527 -69.3988831721813
1528 -69.8054560814704
1529 -70.21217882580255
1530 -70.61927506006963
1531 -71.02693905325501
1532 -71.4352662880442
1533 -71.84420225626586
1534 -72.25377486505731
1535 -72.66419895531961
1536 -73.0754106256929
1537 -73.48736580790668
1538 -73.9001282928342
1539 -74.31375285983341
1540 -74.72822708371432
1541 -75.14341592358514
1542 -75.55936250575675
1543 -75.97604921631793
1544 -76.39327987562459
1545 -76.81095953997314
1546 -77.22905198450552
1547 -77.64760063811714
1548 -78.06612299438396
1549 -78.48469152232165
1550 -78.9029556628745
1551 -79.32061919709081
1552 -79.73751713927217
1553 -80.15360538841506
1554 -80.56841713761607
1555 -80.98178057651958
1556 -81.39351384153903
1557 -81.8032873566647
1558 -82.21067614697333
1559 -82.61539209627516
1560 -83.01708710219688
1561 -83.41524316972286
1562 -83.80958939352311
1563 -84.19984005876698
1564 -84.58556718621472
1565 -84.96633470621805
1566 -85.3415846646817
1567 -85.71098849785547
1568 -86.0740982851446
1569 -86.43055155267726
1570 -86.77996703194813
1571 -87.12193377117626
1572 -87.45601704979576
1573 -87.78180258837156
1574 -88.09880966107001
1575 -88.40667805637229
1576 -88.70501345258421
1577 -88.99346766922554
1578 -89.27156404894237
1579 -89.5389889638069
1580 -89.79548643507135
1581 -90.0406377799945
1582 -90.27413186621172
1583 -90.49576342356556
1584 -90.70520921726532
1585 -90.90213361496677
1586 -91.08628026540599
1587 -91.25734065994067
1588 -91.41510392895081
1589 -91.5594910710318
1590 -91.69037912962649
1591 -91.80764123658005
1592 -91.91121226194636
1593 -92.00108157432332
1594 -92.0773238385658
1595 -92.14007186198225
1596 -92.18943231373808
1597 -92.2252488987788
1598 -92.24727216759416
1599 -92.25523158629028
1600 -92.24909261564056
1601 -92.2294241713147
1602 -92.19642195076007
1603 -92.15065231157271
1604 -92.09235546642707
1605 -92.02219608961204
1606 -91.94072059049486
1607 -91.84837628765933
1608 -91.74568628995493
1609 -91.63301916303911
1610 -91.51040983840005
1611 -91.37803843300827
1612 -91.23597685115422
1613 -91.08457208388452
1614 -90.92393860642109
1615 -90.7537162545155
1616 -90.5738917937027
1617 -90.38446257659479
1618 -90.1853846220815
1619 -89.97647668475851
1620 -89.75759528927952
1621 -89.52828229373708
1622 -89.28868815345797
1623 -89.03860131886114
1624 -88.77762716421074
1625 -88.50641036386226
1626 -88.22499738364131
1627 -87.93343958546936
1628 -87.63160563254706
1629 -87.32008789304125
1630 -86.99908964183797
1631 -86.66928866373263
1632 -86.33119344418191
1633 -85.98572107249242
1634 -85.63383839407868
1635 -85.27755151298864
1636 -84.91601984812975
1637 -84.55147720487844
1638 -84.18464647855151
1639 -83.81711567899413
1640 -83.44991034431499
1641 -83.08406708496362
1642 -82.72021250977087
1643 -82.36011748730751
1644 -82.00511453120681
1645 -81.65568221907219
1646 -81.31344473140035
1647 -80.97805545571427
1648 -80.65016358886186
1649 -80.33104856735062
1650 -80.02285967160157
1651 -79.72710157300173
1652 -79.43758968465868
1653 -79.1557392120753
1654 -78.88289101222128
1655 -78.61566750723799
1656 -78.3581277564619
1657 -78.11101678241069
1658 -77.8718711118315
1659 -77.63492676579452
1660 -77.40808189053351
1661 -77.18986942556356
1662 -76.97934100104868
1663 -76.77573101415794
1664 -76.57849604004082
1665 -76.37954432218604
1666 -76.1888607531734
1667 -76.00423386596322
1668 -75.82474747937295
1669 -75.65546751486663
1670 -75.48551734849775
1671 -75.31521556886048
1672 -75.13651813185683
1673 -74.96096287075417
1674 -74.78764547891076
1675 -74.61433698207438
1676 -74.44042851386114
1677 -74.26543054527676
1678 -74.08930100147009
1679 -73.91217699288319
1680 -73.73380848209574
1681 -73.55416963282588
1682 -73.36873685336366
1683 -73.18531568195732
1684 -73.00354259729153
1685 -72.82353637619488
1686 -72.64519670734873
1687 -72.47079122882312
1688 -72.29667152348352
1689 -72.12842260897263
1690 -71.96634063904395
1691 -71.8117217244895
1692 -71.6660794235647
1693 -71.53038384092312
1694 -71.40594288011168
1695 -71.29404040383098
1696 -71.1983527096645
1697 -71.11808081373204
1698 -71.05406132081779
1699 -71.00904745652235
1700 -70.98371766893649
1701 -70.97978500402041
1702 -70.99851023767511
1703 -71.04094430815489
1704 -71.10856786587189
1705 -71.19483624055647
1706 -71.30963963571182
1707 -71.45291789684745
1708 -71.6245742111885
1709 -71.8242197054828
1710 -72.05034376950553
1711 -72.30344455630296
1712 -72.58204256481125
1713 -72.88709059816873
1714 -73.21716603461854
1715 -73.57185524184376
1716 -73.9506453612443
1717 -74.35986406298828
1718 -74.78737512747107
1719 -75.23414487038343
1720 -75.69910095987075
1721 -76.18039652663373
1722 -76.67735668639014
1723 -77.1887935086099
1724 -77.7129456057061
1725 -78.24805677637892
1726 -78.79259419933697
1727 -79.34527950531998
1728 -79.90464566703309
1729 -80.46938117522735
1730 -81.03816420249125
1731 -81.60554492608355
1732 -82.1765577049016
1733 -82.74870124970698
1734 -83.32039154895648
1735 -83.88969792954364
1736 -84.45538357717234
1737 -85.01630329553066
1738 -85.57095013023306
1739 -86.11838569475472
1740 -86.65765549765493
1741 -87.19571539141633
1742 -87.72145088764569
1743 -88.23447777564158
1744 -88.73488309039848
1745 -89.22240591918752
1746 -89.69597210290988
1747 -90.15509272770652
1748 -90.60053994974864
1749 -91.0316321853864
1750 -91.44927350433244
1751 -91.85319106559936
1752 -92.23906062015409
1753 -92.61287247520883
1754 -92.97299822859502
1755 -93.31173662477991
1756 -93.63815428815732
1757 -93.95594738709066
1758 -94.25910603611611
1759 -94.53744553367346
1760 -94.80115015271272
1761 -95.06253904345607
1762 -95.30914515924864
1763 -95.53797554642591
1764 -95.75399562090939
1765 -95.96068701877256
1766 -96.16335454539504
1767 -96.35459841741378
1768 -96.53189051539098
1769 -96.69937624193366
1770 -96.85743847429798
1771 -97.00938607443521
1772 -97.16281447794432
1773 -97.31562444733618
1774 -97.45630469302969
1775 -97.59214722099378
1776 -97.7220605492067
1777 -97.83665720513844
1778 -97.94780503561338
1779 -98.05621666237116
1780 -98.16186129571537
1781 -98.26489058682401
1782 -98.36536028311288
1783 -98.46387561108833
1784 -98.55976209085996
1785 -98.65275065676005
1786 -98.74437531315267
1787 -98.83611244300974
1788 -98.93003187439821
1789 -99.02451313991725
1790 -99.11352732558348
1791 -99.20370417988212
1792 -99.29175277335823
1793 -99.37991418801047
1794 -99.46464501500074
1795 -99.55441006829702
1796 -99.64350976831609
1797 -99.7465814080974
1798 -99.842841198407
1799 -99.93190279150795
1800 -100.0156390179976
1801 -100.1052870927006
1802 -100.2029737277859
1803 -100.3032503332643
1804 -100.4122655713997
1805 -100.516620792487
1806 -100.616197104053
1807 -100.7128958932348
1808 -100.8241091485905
1809 -100.9414496209532
1810 -101.0624728403069
1811 -101.1840967775143
1812 -101.3042037976392
1813 -101.4231158257618
1814 -101.5414755651936
1815 -101.6612557379993
1816 -101.7830423733472
1817 -101.9066658399861
1818 -102.0322399485086
1819 -102.159336171732
1820 -102.2874644560442
1821 -102.4162415397607
1822 -102.5453727398758
1823 -102.6761571874514
1824 -102.8084965029615
1825 -102.9425465857362
1826 -103.0780053609148
1827 -103.2160026711946
1828 -103.3545946772648
1829 -103.4941623256659
1830 -103.6344243288034
1831 -103.7774350133937
1832 -103.9213740411477
1833 -104.0672422109233
1834 -104.215754032551
1835 -104.3647983683541
1836 -104.5148201061345
1837 -104.6649876135038
1838 -104.8153556382747
1839 -104.966804494698
1840 -105.1241918660644
1841 -105.279912056661
1842 -105.4348684725956
1843 -105.5891921613704
1844 -105.7443460086277
1845 -105.8989710077409
1846 -106.0526238113607
1847 -106.2049755919085
1848 -106.3554556317004
1849 -106.5039391769583
1850 -106.6516149424161
1851 -106.7975867323127
1852 -106.9426228823069
1853 -107.085560418344
1854 -107.224866717392
1855 -107.3624124891758
1856 -107.4974072508782
1857 -107.6297782913982
1858 -107.7590367010159
1859 -107.8822149694476
1860 -108.0037993835961
1861 -108.1235364606723
1862 -108.2407198406774
1863 -108.3442497329252
1864 -108.4429600998812
1865 -108.5425903665743
1866 -108.642643882377
1867 -108.7381882779834
1868 -108.8257160536058
1869 -108.9057987227617
1870 -108.9795710631251
1871 -109.0585152906242
1872 -109.1210322497691
1873 -109.1841774150031
1874 -109.2489582769134
1875 -109.3045048314621
1876 -109.3567305467653
1877 -109.4039222831695
1878 -109.4482036815326
1879 -109.4922215130343
1880 -109.5342610046863
1881 -109.5747709058917
1882 -109.6132619858754
1883 -109.6505957039217
1884 -109.6864400102623
1885 -109.7209316685951
1886 -109.7543004269116
1887 -109.7872731112357
1888 -109.8176585669972
1889 -109.8470009991177
1890 -109.874475816239
1891 -109.9037993284689
1892 -109.9327342125939
1893 -109.9588193959409
1894 -109.9873977329989
1895 -110.0218705577566
1896 -110.0525335675309
1897 -110.0828501817678
1898 -110.1132352800274
1899 -110.1430859465984
1900 -110.1735193213795
1901 -110.2025004786181
1902 -110.2341073160057
1903 -110.2680134133662
1904 -110.3007303271841
1905 -110.3364622693598
1906 -110.3756864920631
1907 -110.4139059187619
1908 -110.4539570284823
1909 -110.4983307073837
1910 -110.543635919598
1911 -110.5916831619026
1912 -110.6440206733194
1913 -110.6953465840992
1914 -110.749655613143
1915 -110.8100425322865
1916 -110.8708142072522
1917 -110.9339380605946
1918 -111.0051876120185
1919 -111.0740788488145
1920 -111.1347908185634
1921 -111.2031759408945
1922 -111.2995251194627
1923 -111.4190317676937
1924 -111.5390976020149
1925 -111.6561663094733
1926 -111.7763901080654
1927 -111.8967580602789
1928 -112.0159953224713
1929 -112.1332425232342
1930 -112.2492779203914
1931 -112.3673241864448
1932 -112.4835984019971
1933 -112.6012906511995
1934 -112.7230765839362
1935 -112.8508208218166
1936 -112.9763075713375
1937 -113.10267196167
1938 -113.2343545239041
1939 -113.3674631707751
1940 -113.4998714498373
1941 -113.6328292150437
1942 -113.7653989477174
1943 -113.900321179093
1944 -114.0312259880511
1945 -114.159410621257
1946 -114.2895977392653
1947 -114.4156606434246
1948 -114.5386338693885
1949 -114.6633245941028
1950 -114.7833203589618
1951 -114.8989070727972
1952 -115.0140331169907
1953 -115.123594534157
1954 -115.2282901238927
1955 -115.3305264278702
1956 -115.4269111553348
1957 -115.5175548268144
1958 -115.6040266910567
1959 -115.6830035842172
1960 -115.7545566986188
1961 -115.8193537577324
1962 -115.8761483989691
1963 -115.9245194688297
1964 -115.9668992086658
1965 -116.000179090211
1966 -116.0310297196983
1967 -116.0537018660445
1968 -116.0654696779942
1969 -116.0646438741102
1970 -116.058276136897
1971 -116.0417323002756
1972 -116.0150860482751
1973 -115.9830763915656
1974 -115.9423982640375
1975 -115.8905340261033
1976 -115.8318425487511
1977 -115.7623955828777
1978 -115.6851687273219
1979 -115.6010281115761
1980 -115.5092764597129
1981 -115.4094691347757
1982 -115.3027859001806
1983 -115.1890447743381
1984 -115.0680716948171
1985 -114.9390792457254
1986 -114.8034424146279
1987 -114.6614806747592
1988 -114.5132093982815
1989 -114.3589418926014
1990 -114.1992527804367
1991 -114.0336144284053
1992 -113.8624855918393
1993 -113.6863420102429
1994 -113.5054898034985
1995 -113.3204551781397
1996 -113.1257568349163
1997 -112.9325185214184
1998 -112.7321386283123
1999 -112.5234081785381
2000 -112.3099903060088
2001 -111.9747331622901
2002 -111.6269230285445
2003 -111.2663293637343
2004 -110.8985582638124
2005 -110.5257264238524
2006 -110.1458357604755
2007 -109.7589102222312
2008 -109.3655318418501
2009 -108.9668164557502
2010 -108.5614888008888
2011 -108.1524212467774
2012 -107.7382215591831
2013 -107.3214037742026
2014 -106.9030105063495
2015 -106.4808541299368
2016 -106.0569074004987
2017 -105.6309368452135
2018 -105.2022901163962
2019 -104.7720359485945
2020 -104.3412935301396
2021 -103.9096918180018
2022 -103.4783930509693
2023 -103.045700961275
2024 -102.6112221494594
2025 -102.1770576112995
2026 -101.7436932006191
2027 -101.3126111871133
2028 -100.882889204995
2029 -100.4525886338525
2030 -100.0230933743891
2031 -99.59396481300615
2032 -99.16628627461155
2033 -98.73907752086956
2034 -98.31125623865809
2035 -97.88241036152715
2036 -97.45276520978821
2037 -97.02206370305332
2038 -96.5902347805723
2039 -96.15786900549742
2040 -95.72555653309291
2041 -95.29167711919501
2042 -94.85525780043449
2043 -94.41679631100425
2044 -93.91142170260893
2045 -93.42692947215018
2046 -92.96254412236922
2047 -92.50540964710964
2048 -92.04680233586022
2049 -91.5894257723221
2050 -91.1314726478937
2051 -90.67135734832846
2052 -90.20806849147527
2053 -89.74110831881649
2054 -89.26967541804709
2055 -88.79355659297934
2056 -88.31207240659094
2057 -87.74933679977799
2058 -87.20988383742402
2059 -86.68607162033948
2060 -86.16988458787338
2061 -85.65171162318538
2062 -85.13276203029686
2063 -84.61000766101122
2064 -84.0816962991866
2065 -83.5468524544024
2066 -83.00435475833896
2067 -82.4538733698829
2068 -81.81114711279577
2069 -81.19215322698716
2070 -80.58560848049888
2071 -79.98634093679171
2072 -79.38338176215586
2073 -78.77771299844744
2074 -78.1669122099382
2075 -77.54930432002494
2076 -76.92399645001183
2077 -76.19994619679348
2078 -75.50403097309557
2079 -74.82383510596983
2080 -74.15097670843207
2081 -73.47984038764849
2082 -72.80848640776773
2083 -72.13539995895752
2084 -71.45938645977475
2085 -70.68309334342482
2086 -69.94317330428569
2087 -69.22661596136932
2088 -68.52172278061684
2089 -67.82796466211559
2090 -67.13927668550943
2091 -66.45415427484826
2092 -65.77189536036562
2093 -64.98987980128524
2094 -64.25006852156083
2095 -63.53846165622686
2096 -62.8411579380174
2097 -62.15645374162999
2098 -61.47824640204396
2099 -60.80448837231182
2100 -60.02673644978815
2101 -59.29503338263942
2102 -58.59390000420326
2103 -57.90890442632271
2104 -57.23954833567748
2105 -56.57848987466029
2106 -55.81025836567384
2107 -55.09438795160195
2108 -54.41277890143997
2109 -53.75345924580048
2110 -53.11247161070334
2111 -52.48325212960641
2112 -51.74582361851822
2113 -51.06195147239706
2114 -50.41329684023684
2115 -49.78729882160577
2116 -49.18284328142844
2117 -48.59080483288644
2118 -47.89449900282306
2119 -47.2577881880562
2120 -46.66068678082137
2121 -46.08514030929418
2122 -45.53114341278415
2123 -44.87248396796259
2124 -44.27166123395195
2125 -43.70610267200863
2126 -43.16445113471131
2127 -42.63924946149881
2128 -42.1226070523783
2129 -41.49940681710665
2130 -40.93117938601229
2131 -40.39829060701936
2132 -39.88704469161338
2133 -39.39408172754638
2134 -38.80468416354516
2135 -38.27661528727359
2136 -37.78871470954805
2137 -37.3273638734514
2138 -36.8084488390042
2139 -36.24345697713298
2140 -35.76179573040981
2141 -35.33603348411983
2142 -34.9414195650637
2143 -34.57124846907914
2144 -34.12565177637327
2145 -33.73953253217175
2146 -33.39787924313212
2147 -32.98957855174179
2148 -32.55567742030826
2149 -32.21437047053013
2150 -31.93609912866325
2151 -31.68514781585505
2152 -31.38321543342808
2153 -31.14687268601607
2154 -30.89620593124552
2155 -30.65777586320803
2156 -30.49771893593852
2157 -30.39062279028718
2158 -30.31177246172476
2159 -30.2522873313432
2160 -30.20858976012941
2161 -30.17514799218412
2162 -30.14889207720375
2163 -30.13293474854832
2164 -30.12101714026078
2165 -30.12067562040424
2166 -30.12838072715892
2167 -30.15111419404435
2168 -30.18430427027423
2169 -30.2304290133207
2170 -30.28244153817154
2171 -30.34420551115746
2172 -30.40954009949687
2173 -30.47989054679521
2174 -30.55037348261588
2175 -30.63437770869082
2176 -30.72455744468129
2177 -30.81971552629781
2178 -30.91646451898615
2179 -31.01791701300533
2180 -31.12174487912615
2181 -31.22511461295502
2182 -31.32685846629202
2183 -31.42578538882263
2184 -31.52417066131267
2185 -31.62219335285707
2186 -31.72038863650544
2187 -31.82136291105684
2188 -31.92940915933708
2189 -32.0486140566272
2190 -32.16847057894095
2191 -32.29005706200638
2192 -32.39145073971986
2193 -32.48489126455568
2194 -32.57348699544385
2195 -32.65828895312528
2196 -32.74131377429794
2197 -32.82449040263195
2198 -32.90861319841992
2199 -32.99586987297032
2200 -33.08702771082547
2201 -33.18344415612199
2202 -33.28557398066552
2203 -33.39552535937837
2204 -33.5157269583761
2205 -33.64906622570751
2206 -33.78329225718446
2207 -33.92701971413942
2208 -34.07541034953265
2209 -34.22885889010655
2210 -34.39067946892284
2211 -34.53768690309627
2212 -34.6943843873885
2213 -34.86211487855918
2214 -35.08970624022229
2215 -35.32456653673052
2216 -35.53963234657596
2217 -35.77137136530548
2218 -36.0430786207129
2219 -36.31413688772057
2220 -36.53709229387324
2221 -36.84564182612675
2222 -37.15296377548502
2223 -37.40774007867508
2224 -37.72269414027804
2225 -38.03813454443623
2226 -38.36175077327956
2227 -38.66874133118987
2228 -39.02195846327916
2229 -39.31651486169694
2230 -39.71780025194077
2231 -40.01905311073492
2232 -40.4082876464043
2233 -40.72647614451559
2234 -41.148660409972
2235 -41.47002453571223
2236 -41.80921820299077
2237 -42.22550252317609
2238 -42.53864089504444
2239 -42.93657387090266
2240 -43.29441496920165
2241 -43.63311408500265
2242 -44.0343985165794
2243 -44.36493799211504
2244 -44.73650824816951
2245 -45.09788671496415
2246 -45.40474639600109
2247 -45.71819109942415
2248 -46.10659642085955
2249 -46.44060676263045
2250 -46.73595180031086
2251 -47.06698351163421
2252 -47.35824560701575
2253 -47.62117566585892
2254 -47.91421586541515
2255 -48.24976233669775
2256 -48.51732455531085
2257 -48.82481501311805
2258 -49.10803148879774
2259 -49.34730544168251
2260 -49.61409980443554
2261 -49.88914404936249
2262 -50.14002700122307
2263 -50.41333182381797
2264 -50.76885510888261
2265 -51.24669444068442
2266 -51.76609809166352
2267 -52.03051202184695
2268 -52.25949321310416
2269 -52.50473838053232
2270 -52.72070574927825
2271 -52.95569994343136
2272 -53.1677898939031
2273 -53.38603733316156
2274 -53.59703349784834
2275 -53.79755103761256
2276 -54.01390643267186
2277 -54.25286004751016
2278 -54.44987613173981
2279 -54.64816918775887
2280 -54.85047911754992
2281 -55.04332845160565
2282 -55.23718385703622
2283 -55.43747935235915
2284 -55.63938152739352
2285 -55.85830277110355
2286 -56.05153839925729
2287 -56.24817586291704
2288 -56.42806619933018
2289 -56.62547102487806
2290 -56.80934368627074
2291 -56.99861624910891
2292 -57.19301356706546
2293 -57.37900060745943
2294 -57.57130387945563
2295 -57.76120521769859
2296 -57.93720994711532
2297 -58.12015528674246
2298 -58.29972082862174
2299 -58.48495252002689
2300 -58.67075352785922
2301 -58.85500445349908
2302 -59.04079513806584
2303 -59.21714399766193
2304 -59.39530836210224
2305 -59.57619771653012
2306 -59.75909453563462
2307 -59.94374000059562
2308 -60.12706924649227
2309 -60.30835564340303
2310 -60.49065913457915
2311 -60.66312772867835
2312 -60.83459012947657
2313 -61.0076043108668
2314 -61.17919557557052
2315 -61.34871033760978
2316 -61.51763648392838
2317 -61.68403599074184
2318 -61.84538506990457
2319 -61.99750792240734
2320 -62.14966888721325
2321 -62.29461725450248
2322 -62.41420712816007
2323 -62.53975171418871
2324 -62.66427126188906
2325 -62.78758201750097
2326 -62.90055539243969
2327 -63.00937280705602
2328 -63.11518433161925
2329 -63.21809174777285
2330 -63.31442550456613
2331 -63.40929397568966
2332 -63.49793607463337
2333 -63.56716797148685
2334 -63.63391099521111
2335 -63.69976425066424
2336 -63.75707297192852
2337 -63.81032219059175
2338 -63.82282129362165
2339 -63.84342421408279
2340 -63.87022996280753
2341 -63.88947953625885
2342 -63.90663379640735
2343 -63.9187091050102
2344 -63.93046747660159
2345 -63.93390127356093
2346 -63.93359015371882
2347 -63.92994981696863
2348 -63.90952903910667
2349 -63.88663847015915
2350 -63.80974528713964
2351 -63.75063647106026
2352 -63.70139337431883
2353 -63.65310674465245
2354 -63.60129723321545
2355 -63.54257239178868
2356 -63.48344925810142
2357 -63.41821625936176
2358 -63.35042161881051
2359 -63.27885044968216
2360 -63.14110943475544
2361 -63.02896392103918
2362 -62.92905358706417
2363 -62.81894199713315
2364 -62.71548048304526
2365 -62.61347767557416
2366 -62.5065309684101
2367 -62.39985149101358
2368 -62.28789576985272
2369 -62.16926117417012
2370 -61.98258817542897
2371 -61.82108833271715
2372 -61.67302474744988
2373 -61.52870469248559
2374 -61.38631711995612
2375 -61.24255724663002
2376 -61.10040294723886
2377 -60.95461222813689
2378 -60.80166064897429
2379 -60.58239058774478
2380 -60.38753292720056
2381 -60.21048590939571
2382 -60.03789714801643
2383 -59.86930046586914
2384 -59.69879343215975
2385 -59.53204227204503
2386 -59.361037266729
2387 -59.18546027336767
2388 -58.9455316047219
2389 -58.73297841641192
2390 -58.53900196782536
2391 -58.35484207471678
2392 -58.17539087705342
2393 -57.99691163248027
2394 -57.8218378981482
2395 -57.64599448287691
2396 -57.40245725554025
2397 -57.19097630734399
2398 -56.9976701814457
2399 -56.81081456971665
2400 -56.63723976114797
2401 -56.4643397036959
2402 -56.29192004213149
2403 -56.1231824270162
2404 -55.95215932814515
2405 -55.71781426448791
2406 -55.51324279333028
2407 -55.32385469598189
2408 -55.14404897976052
2409 -54.9703968328765
2410 -54.79644113188258
2411 -54.6212555850486
2412 -54.4497398843436
2413 -54.21076584994027
2414 -53.99755488139285
2415 -53.80306911408641
2416 -53.61413189636162
2417 -53.42460126258754
2418 -53.23763242133448
2419 -53.05961198042834
2420 -52.87308932363519
2421 -52.68297097842519
2422 -52.43172744246091
2423 -52.20451251653326
2424 -51.9821755429973
2425 -51.76800973705276
2426 -51.54656283662936
2427 -51.32582125776283
2428 -51.09535312580195
2429 -50.86141874666207
2430 -50.6254045031223
2431 -50.33824955296705
2432 -50.06526032628368
2433 -49.80407991905413
2434 -49.55373253710664
2435 -49.30061683645675
2436 -49.04703046441809
2437 -48.79577393211729
2438 -48.54170734216446
2439 -48.29058201928504
2440 -48.04047477244575
2441 -47.74380500925778
2442 -47.46946566064187
2443 -47.20754710596236
2444 -46.95421478970686
2445 -46.69912549291057
2446 -46.45073100557456
2447 -46.19848599695582
2448 -45.94811824494418
2449 -45.70558600410362
2450 -45.46307789393913
2451 -45.18171630892035
2452 -44.92053904879114
2453 -44.67501462153015
2454 -44.43825533709995
2455 -44.20550372897908
2456 -43.97712676254922
2457 -43.751843972328
2458 -43.52899402968531
2459 -43.3104490091883
2460 -43.09559814487329
2461 -42.84100789613606
2462 -42.60876331346421
2463 -42.39209104191259
2464 -42.18474997795634
2465 -41.97965267282883
2466 -41.77639759741694
2467 -41.57978044656954
2468 -41.38983480121195
2469 -41.19905086615666
2470 -41.00746632730941
2471 -40.81241799901974
2472 -40.58972236754492
2473 -40.3886609454816
2474 -40.19290086278779
2475 -40.00669928205367
2476 -39.82230960331277
2477 -39.64339608186451
2478 -39.46804884368096
2479 -39.28890318477369
2480 -39.10859685119354
2481 -38.93618504915239
2482 -38.72635634090612
2483 -38.5279091071729
2484 -38.34031069468082
2485 -38.15999255444981
2486 -37.97928349146653
2487 -37.79903364403104
2488 -37.61419649382622
2489 -37.43136079862192
2490 -37.24629443733562
2491 -37.05785755999653
2492 -36.83934782717876
2493 -36.63196677172797
2494 -36.43060963454947
2495 -36.23277951031024
2496 -36.03440240399598
2497 -35.83362998040899
2498 -35.63154275642525
2499 -35.42858456866118
2500 -35.22389090057511
2501 -35.01555971553051
2502 -34.78400583935473
2503 -34.56281641872204
2504 -34.34731977424928
2505 -34.1372307532001
2506 -33.92764536737307
2507 -33.71784031943229
2508 -33.50947834762686
2509 -33.30334516312268
2510 -33.0986551670818
2511 -32.87705531080747
2512 -32.66465214007646
2513 -32.46239941695477
2514 -32.26798698447672
2515 -32.07688987348464
2516 -31.89168467055378
2517 -31.71288190397435
2518 -31.53936728606254
2519 -31.35389632255008
2520 -31.18457639416017
2521 -31.02650122919168
2522 -30.87895096155648
2523 -30.73684587792457
2524 -30.60657873452514
2525 -30.48306352141047
2526 -30.36148171956377
2527 -30.24804098265768
2528 -30.1528933540093
2529 -30.06802267120893
2530 -29.99265309140475
2531 -29.91965982636935
2532 -29.86817059608563
2533 -29.82503095832201
2534 -29.79475347367402
2535 -29.7738668381819
2536 -29.77107500948603
2537 -29.77877564008298
2538 -29.79474096872398
2539 -29.81909124504121
2540 -29.85677217497948
2541 -29.90797946910773
2542 -29.96698325715996
2543 -30.0343728444966
2544 -30.11414531272948
2545 -30.20137842486091
2546 -30.29972516807781
2547 -30.41385465744917
2548 -30.54031159474985
2549 -30.68694958480124
2550 -30.85199898565248
2551 -31.01044079332489
2552 -31.21255910223358
2553 -31.36912468301264
2554 -31.51638532016766
2555 -31.64955720588796
2556 -31.79106947394153
2557 -31.93693682738974
2558 -32.08064346242536
2559 -32.23020927596414
2560 -32.39095682234095
2561 -32.56032127043033
2562 -32.73733901509775
2563 -32.92462644597292
2564 -33.10678406601292
2565 -33.29395092440132
2566 -33.49048093174383
2567 -33.68075180068487
2568 -33.86867717463051
2569 -34.05509705644015
2570 -34.2480201296238
2571 -34.44491383280818
2572 -34.64059346372462
2573 -34.83243760218267
2574 -35.0183162432594
2575 -35.20391524747436
2576 -35.3955930372607
2577 -35.59179206126716
2578 -35.79338865062956
2579 -35.99941637651931
2580 -36.21005045994475
2581 -36.42485432456773
2582 -36.64344631445754
2583 -36.86723335328125
2584 -37.09373459343527
2585 -37.32306567829481
2586 -37.55383183454556
2587 -37.78643347948615
2588 -38.01959872438812
2589 -38.25261130302099
2590 -38.48478376048384
2591 -38.71631783226059
2592 -38.94785247433917
2593 -39.18007941132973
2594 -39.41320088355998
2595 -39.64746639496
2596 -39.88313982926496
2597 -40.12078909472604
2598 -40.36048509461768
2599 -40.60240853566813
2600 -40.84694044857147
2601 -41.09434159230203
2602 -41.34491103317018
2603 -41.59941038607267
2604 -41.85781290695422
2605 -42.12050690975639
2606 -42.38731060406008
2607 -42.65834788909864
2608 -42.93389996546594
2609 -43.21410738248261
2610 -43.4990576405015
2611 -43.78899035741584
2612 -44.08422026518904
2613 -44.38478360172873
2614 -44.6909130767923
2615 -45.00282570843699
2616 -45.32049134057315
2617 -45.64423171890743
2618 -45.97372237395858
2619 -46.3091999827229
2620 -46.65065232960568
2621 -46.99743653386075
2622 -47.34972711385425
2623 -47.70744719857817
2624 -48.07064179268632
2625 -48.439500941658
2626 -48.8140249985393
2627 -49.19408240738558
2628 -49.57963909435675
2629 -49.97069636803998
2630 -50.36690443778225
2631 -50.76820747695146
2632 -51.17428504887181
2633 -51.58495469679185
2634 -52.00005278393049
2635 -52.41936690600624
2636 -52.84304326098161
2637 -53.2709708868274
2638 -53.70286446741434
2639 -54.13833981775387
2640 -54.57699384631822
2641 -55.01847892562814
2642 -55.4625967328305
2643 -55.9092502144833
2644 -56.35783685025782
2645 -56.80824523353125
2646 -57.26021732678124
2647 -57.71321373681632
2648 -58.16686514331348
2649 -58.62093708776479
2650 -59.07502970460862
2651 -59.52909615618508
2652 -59.98249116472295
2653 -60.43498126326806
2654 -60.88636085005075
2655 -61.33623388492371
2656 -61.78429684186837
2657 -62.23019919464671
2658 -62.6738256357956
2659 -63.11442684016738
2660 -63.55121974576582
2661 -63.98429831057282
2662 -64.41417155181972
2663 -64.84055130827066
2664 -65.26309635799262
2665 -65.68144696722298
2666 -66.09517206824876
2667 -66.50402026776311
2668 -66.90773085442694
2669 -67.30618660132168
2670 -67.69906928155363
2671 -68.08616308946227
2672 -68.467465366715
2673 -68.84267469234132
2674 -69.21173826490022
2675 -69.57463304296239
2676 -69.93105660992943
2677 -70.28108913831323
2678 -70.62455368232565
2679 -70.96154161974215
2680 -71.29182008823408
2681 -71.61518850471792
2682 -71.9316379567753
2683 -72.24128867197059
2684 -72.5440014261498
2685 -72.83958194093155
2686 -73.12805515676307
2687 -73.40936244294531
2688 -73.68343492324664
2689 -73.95029225815233
2690 -74.20979078265475
2691 -74.46203731538935
2692 -74.70704426785781
2693 -74.94457781881144
2694 -75.17438218190622
2695 -75.39637413121849
2696 -75.61028977606753
2697 -75.81599383417826
2698 -76.01330063225998
2699 -76.20224340356955
2700 -76.38277886494481
2701 -76.55495011428251
2702 -76.71917819157824
2703 -76.87524229666995
2704 -77.02319375815068
2705 -77.16320767030021
2706 -77.29534957340996
2707 -77.41960546422365
2708 -77.53617165157085
2709 -77.64516049431197
2710 -77.74642927424057
2711 -77.84011088770191
2712 -77.92672993107612
2713 -78.00638038552555
2714 -78.07902884103092
2715 -78.14492622835196
2716 -78.20455755266744
2717 -78.25779932287764
2718 -78.30499634920226
2719 -78.34643175554331
2720 -78.38237953781621
2721 -78.41315412930112
2722 -78.4390548980162
2723 -78.46050958955703
2724 -78.47789714244266
2725 -78.49153115164114
2726 -78.5017295235707
2727 -78.50889124524628
2728 -78.51352621961364
2729 -78.51607100336983
2730 -78.51685711641839
2731 -78.51625259417227
2732 -78.51479975640271
2733 -78.51301009104594
2734 -78.51144227486083
2735 -78.51065006197746
2736 -78.51094823364365
2737 -78.51277075699659
2738 -78.516356581894
2739 -78.52222699345265
2740 -78.53079120454407
2741 -78.54226473858904
2742 -78.5572059967939
2743 -78.57574736238062
2744 -78.59838805366446
2745 -78.62534928683235
2746 -78.65707071478502
2747 -78.69357016697353
2748 -78.73521782093042
2749 -78.78237461429219
2750 -78.83495469002753
2751 -78.8932143458896
2752 -78.95741828011589
2753 -79.02761269993147
2754 -79.10368227472462
2755 -79.1855841587123
2756 -79.27325355653819
2757 -79.36657370479773
2758 -79.46516960014765
2759 -79.56890864695228
2760 -79.6774849409406
2761 -79.79021265862568
2762 -79.90676276086272
2763 -80.02651828980558
2764 -80.1488262046802
2765 -80.27294181171679
2766 -80.39813908673855
2767 -80.52329698578089
2768 -80.64788128227349
2769 -80.77970290124973
2770 -80.9085819430193
2771 -81.03613745408825
2772 -81.15594343104827
2773 -81.26981172741414
2774 -81.37397887605796
2775 -81.47650274038357
2776 -81.56712189387054
2777 -81.64670802939938
2778 -81.72024337710718
2779 -81.78090109154252
2780 -81.8281819030699
2781 -81.86155826705939
2782 -81.88307210520767
2783 -81.89111252813677
2784 -81.89904880942767
2785 -81.89981215193697
2786 -81.88046627233339
2787 -81.84515430434446
2788 -81.79710190047163
2789 -81.73575134425076
2790 -81.66221366730053
2791 -81.57783673610271
2792 -81.48321089064711
2793 -81.37888608455316
2794 -81.26472616395159
2795 -81.14207358815275
2796 -81.01127653908209
2797 -80.8724801213538
2798 -80.72683801481075
2799 -80.58892233307826
2800 -80.43846659849058
2801 -80.27750246097658
2802 -80.10960692448106
2803 -79.93568850587053
2804 -79.75634819648435
2805 -79.57214178212324
2806 -79.38370545481116
2807 -79.19202418910724
2808 -78.99738835697903
2809 -78.79982428780114
2810 -78.59943551767773
2811 -78.3966725892712
2812 -78.19145116703862
2813 -77.98356259203047
2814 -77.77351096053036
2815 -77.56173557689995
2816 -77.34846350176969
2817 -77.13362607807645
2818 -76.9174166631658
2819 -76.71839265238242
2820 -76.51116502905674
2821 -76.29741218971637
2822 -76.07846184458128
2823 -75.85852862944701
2824 -75.63722725327131
2825 -75.41476880804822
2826 -75.19189093856721
2827 -74.96810323130718
2828 -74.74320297891751
2829 -74.51857172208349
2830 -74.2939067427025
2831 -74.06833493905253
2832 -73.84244926690744
2833 -73.61633106539136
2834 -73.38996330918194
2835 -73.16381697541024
2836 -72.93784596205217
2837 -72.712056933309
2838 -72.48639321156675
2839 -72.26143509303859
2840 -72.03678985094832
2841 -71.81234566053215
2842 -71.5880696983714
2843 -71.36390594009077
2844 -71.13999408824047
2845 -70.91641454448518
2846 -70.69304585980024
2847 -70.46976205586853
2848 -70.24698425015774
2849 -70.02453469445162
2850 -69.8021923240934
2851 -69.59956395468231
2852 -69.38958984375095
2853 -69.17301420402225
2854 -68.95172300238275
2855 -68.72953141988225
2856 -68.50645523362179
2857 -68.28221356861508
2858 -68.05672779548098
2859 -67.83041133985944
2860 -67.6033553729103
2861 -67.37575141013818
2862 -67.14663237885649
2863 -66.91586501917625
2864 -66.68366127903371
2865 -66.44996921797659
2866 -66.21486217170406
2867 -65.97803074032335
2868 -65.73950513458698
2869 -65.49932454874082
2870 -65.25759578724738
2871 -65.01434181001943
2872 -64.76964591804008
2873 -64.52345816790825
2874 -64.27554976102013
2875 -64.02590273493288
2876 -63.77478307947484
2877 -63.52229726618327
2878 -63.26850033656255
2879 -63.013399887007
2880 -62.75712286453248
2881 -62.49987032086753
2882 -62.24168650518166
2883 -61.98273197524547
2884 -61.72306623917911
2885 -61.46248386966815
2886 -61.2013820696334
2887 -60.93992530691254
2888 -60.67825058189237
2889 -60.4165162398065
2890 -60.15490887693739
2891 -59.89309371283229
2892 -59.63159761108928
2893 -59.37052921681439
2894 -59.10996704136026
2895 -58.85017121452925
2896 -58.59140772400318
2897 -58.33321726750449
2898 -58.0758971701712
2899 -57.81963895999098
2900 -57.56463388295803
2901 -57.31121687965331
2902 -57.05984121313304
2903 -56.80745541885041
2904 -56.57029707514062
2905 -56.33141208704514
2906 -56.09778410970102
2907 -55.867443573027
2908 -55.63682121920274
2909 -55.41406312669951
2910 -55.19090365524907
2911 -54.97321300820889
2912 -54.75489338494993
2913 -54.54034511875498
2914 -54.3289435947806
2915 -54.12304315232655
2916 -53.91742973004475
2917 -53.71611730411321
2918 -53.51655111005292
2919 -53.32031395358212
2920 -53.12705495807799
2921 -52.93653140886299
2922 -52.74961199542881
2923 -52.56595345209891
2924 -52.38562268983849
2925 -52.20861070279713
2926 -52.03526530150955
2927 -51.8646360087551
2928 -51.6981384384176
2929 -51.53472351117751
2930 -51.37472258826615
2931 -51.21725458300645
2932 -51.06429568288691
2933 -50.91549388825057
2934 -50.76984509088452
2935 -50.6285473008377
2936 -50.49172016713521
2937 -50.35731732266763
2938 -50.22641893712461
2939 -50.07703000962319
2940 -49.94263107517033
2941 -49.8174483471436
2942 -49.69910413451532
2943 -49.5870843440178
2944 -49.47848893285278
2945 -49.37486324973796
2946 -49.27452908443618
2947 -49.1780627266584
2948 -49.08460680456536
2949 -48.99658355599785
2950 -48.91044191937056
2951 -48.82735108833089
2952 -48.74671184822473
2953 -48.66898553754299
2954 -48.5930775636344
2955 -48.52071389917651
2956 -48.45051077915397
2957 -48.38409643420024
2958 -48.31051495699576
2959 -48.24496340476998
2960 -48.1845097273401
2961 -48.12735194636588
2962 -48.07237583722423
2963 -48.01991805184654
2964 -47.97026082760976
2965 -47.92367191823764
2966 -47.87441203552744
2967 -47.83047518201485
2968 -47.78782970113006
2969 -47.74471507912121
2970 -47.70430701494635
2971 -47.66718357047927
2972 -47.62746386447193
2973 -47.59983319073374
2974 -47.56917561496164
2975 -47.53742907280959
2976 -47.50888423489584
2977 -47.48163713321728
2978 -47.451941121355
2979 -47.42652953091271
2980 -47.40184176383952
2981 -47.37823690790015
2982 -47.35642534092274
2983 -47.33552301134867
2984 -47.31392588363727
2985 -47.29419688731771
2986 -47.27611825735691
2987 -47.25677170908269
2988 -47.2403901380797
2989 -47.24643639134698
2990 -47.22100839703877
2991 -47.2009156441459
2992 -47.20547274670328
2993 -47.17845768382673
2994 -47.15634440768248
2995 -47.16262868973372
2996 -47.13329881809265
2997 -47.13335925043214
2998 -47.10970103458045
2999 -47.10594283223058
3000 -47.07853239624112
3001 -47.07854074209892
3002 -47.04289846135653
3003 -47.04062467601008
3004 -47.00322671619273
3005 -46.98936373332683
3006 -46.96883147591209
3007 -46.92256988967655
3008 -46.90093183538329
3009 -46.90890844858453
3010 -46.85833713603064
3011 -46.79269551040776
3012 -46.75530232818638
3013 -46.71506601936615
3014 -46.70076155279354
3015 -46.63982195077388
3016 -46.58309890617033
3017 -46.52680498379019
3018 -46.50236388217764
3019 -46.43540792217055
3020 -46.37171977885804
3021 -46.33959411827655
3022 -46.26932432141341
3023 -46.20551492993139
3024 -46.16993453211396
3025 -46.10112669267709
3026 -46.06124439070713
3027 -45.99207868905092
3028 -45.95222687892492
3029 -45.88580521886157
3030 -45.84705769398543
3031 -45.80153486972954
3032 -45.7534612474055
3033 -45.73744881568968
3034 -45.67703915647706
3035 -45.6249483225712
3036 -45.57849346245341
3037 -45.53551679181405
3038 -45.51829353496786
3039 -45.46995059074796
3040 -45.42893103041281
3041 -45.4135694550823
3042 -45.37125050844573
3043 -45.34710990636075
3044 -45.30981197527662
3045 -45.28632290236492
3046 -45.26013750522465
3047 -45.23132885626291
3048 -45.20513890108101
3049 -45.18063211093743
3050 -45.15577172245963
3051 -45.1328718779674
3052 -45.11002318496114
3053 -45.10279335044639
3054 -45.07399173571562
3055 -45.04872585681118
3056 -45.03539056261777
3057 -45.00735268154358
3058 -44.99209015520863
3059 -44.97202233555176
3060 -44.94874715675644
3061 -44.91451309199859
3062 -44.87953341891332
3063 -44.84731861310831
3064 -44.81597071248675
3065 -44.78416426114747
3066 -44.75348681265575
3067 -44.72350507788445
3068 -44.6920023332828
3069 -44.66182249628928
3070 -44.63747171376442
3071 -44.60157497749117
3072 -44.57278602453617
3073 -44.54180617911346
3074 -44.50902008011472
3075 -44.46706851700751
3076 -44.42775642969669
3077 -44.38984147558895
3078 -44.35487453243098
3079 -44.32113073498123
3080 -44.28794605600331
3081 -44.2576382532353
3082 -44.22816226840398
3083 -44.1988786308939
3084 -44.17186259021734
3085 -44.14583088148731
3086 -44.12048256841416
3087 -44.098380946674
3088 -44.07637602668847
3089 -44.04367723841047
3090 -44.01795146347412
3091 -43.99501637625146
3092 -43.97385574473567
3093 -43.95626841765485
3094 -43.94091261066971
3095 -43.92702372467864
3096 -43.91611790374886
3097 -43.90608238754136
3098 -43.89701903548177
3099 -43.88951575754693
3100 -43.88536875530657
3101 -43.8830686620051
3102 -43.87920373455373
3103 -43.87890386681384
3104 -43.88020337880818
3105 -43.87960941264072
3106 -43.8748204700077
3107 -43.88246021717958
3108 -43.8786875435607
3109 -43.88019778724652
3110 -43.88558031717415
3111 -43.88969345118046
3112 -43.89754261793053
3113 -43.90739843525009
3114 -43.91577415751502
3115 -43.92693472788681
3116 -43.93987989799915
3117 -43.95003697454918
3118 -43.96370076590716
3119 -43.97868795499813
3120 -43.99148336253324
3121 -44.00687030471035
3122 -44.02427191752589
3123 -44.03882017988177
3124 -44.05640567291144
3125 -44.07497905533162
3126 -44.09143597435046
3127 -44.11008557512051
3128 -44.13030102949593
3129 -44.14814507218966
3130 -44.1687054723618
3131 -44.18977249386516
3132 -44.20866877696738
3133 -44.23013627853371
3134 -44.25249003448956
3135 -44.27225607963341
3136 -44.29435052910834
3137 -44.31759926306613
3138 -44.33797040740356
3139 -44.36030166181568
3140 -44.38363634414042
3141 -44.40450671399002
3142 -44.42694809239084
3143 -44.44978114399153
3144 -44.47152695965205
3145 -44.49436320936159
3146 -44.51689638059624
3147 -44.53742350182659
3148 -44.55869828596508
3149 -44.58032596604545
3150 -44.60135214582805
3151 -44.62010390370533
3152 -44.63891997942105
3153 -44.6578828998608
3154 -44.67667870123099
3155 -44.69476100520776
3156 -44.71175252267138
3157 -44.7280321818084
3158 -44.7433859672846
3159 -44.7579001239161
3160 -44.77158883132888
3161 -44.78445901818409
3162 -44.79646297164366
3163 -44.80762662060065
3164 -44.81779889215736
3165 -44.82690291804353
3166 -44.83330725732699
3167 -44.84044284756894
3168 -44.84796615974482
3169 -44.85522946943718
3170 -44.8615208676826
3171 -44.86681222048398
3172 -44.87064471815398
3173 -44.87356950428205
3174 -44.87536783650376
3175 -44.87604101181557
3176 -44.87611384369985
3177 -44.87528301681683
3178 -44.87394806786386
3179 -44.87166182760108
3180 -44.86909407151795
3181 -44.86593628096634
3182 -44.86151551494656
3183 -44.85727391690311
3184 -44.85256057690786
3185 -44.84654654988739
3186 -44.84064123424855
3187 -44.83434636209198
3188 -44.82741197661475
3189 -44.81998160860776
3190 -44.81111875749484
3191 -44.80205689860433
3192 -44.79280819934915
3193 -44.78332011053138
3194 -44.77344134805718
3195 -44.76295666749433
3196 -44.75179491922717
3197 -44.74004223717593
3198 -44.72765108186702
3199 -44.71451639680323
3200 -44.70051214184608
3201 -44.68473182636797
3202 -44.66953471949018
3203 -44.6544458324108
3204 -44.63915717662059
3205 -44.62314354101789
3206 -44.60650676175194
3207 -44.58882455280829
3208 -44.57056541991145
3209 -44.55147576495033
3210 -44.53173891935127
3211 -44.51100252191549
3212 -44.4901634645854
3213 -44.46878996446052
3214 -44.44644694326654
3215 -44.4239198424382
3216 -44.40102590535002
3217 -44.37751999086596
3218 -44.35334678499116
3219 -44.32861236309807
3220 -44.30339147606833
3221 -44.27753533930602
3222 -44.25108909632973
3223 -44.22395655799785
3224 -44.19609700968218
3225 -44.15511577906347
3226 -44.12041370379639
3227 -44.08861019769998
3228 -44.0584390052301
3229 -44.02864809127851
3230 -43.99862620036108
3231 -43.96766678715798
3232 -43.93603469188416
3233 -43.90325581013191
3234 -43.86946385958804
3235 -43.83501998276822
3236 -43.79976494342029
3237 -43.764160306045
3238 -43.73154886364613
3239 -43.69720618009313
3240 -43.6618069064972
3241 -43.62505147785701
3242 -43.58722436958615
3243 -43.54913480508037
3244 -43.51010624278867
3245 -43.4705134783494
3246 -43.43060909246942
3247 -43.38994923641521
3248 -43.34889712220254
3249 -43.30784745773366
3250 -43.26601896455333
3251 -43.22344848038301
3252 -43.17992747312334
3253 -43.13621137945201
3254 -43.092934657494
3255 -43.05038502901282
3256 -43.00782182666548
3257 -42.96519805343711
3258 -42.92223267164624
3259 -42.87917819894101
3260 -42.8356091286908
3261 -42.79189779291743
3262 -42.73831467037694
3263 -42.69083605051086
3264 -42.64538652312334
3265 -42.60152748558615
3266 -42.55894912927014
3267 -42.51749513245075
3268 -42.47635195272332
3269 -42.43590788617074
3270 -42.39573175269976
3271 -42.35634510810366
3272 -42.31691630952762
3273 -42.27815695526213
3274 -42.23969895667156
3275 -42.20205743958267
3276 -42.16478400088695
3277 -42.12838353457629
3278 -42.0923526888691
3279 -42.05662015325029
3280 -42.02183916511123
3281 -41.98839372928402
3282 -41.9556868869046
3283 -41.9239381750489
3284 -41.89291015804926
3285 -41.8625091843856
3286 -41.83216591896453
3287 -41.80217315423298
3288 -41.77241283209722
3289 -41.73525085445354
3290 -41.70273071113398
3291 -41.67243076461244
3292 -41.64367408291558
3293 -41.61607215514373
3294 -41.58924529548824
3295 -41.56300621758232
3296 -41.53868781727258
3297 -41.5142026694859
3298 -41.48967290066422
3299 -41.46535476910765
3300 -41.44128305908207
3301 -41.41758745318816
3302 -41.39404034375408
3303 -41.37062799280294
3304 -41.34753188766778
3305 -41.32479213129301
3306 -41.30238606914711
3307 -41.28042548642119
3308 -41.2588261548702
3309 -41.23769776877506
3310 -41.21699698930855
3311 -41.1968480203448
3312 -41.17728885357154
3313 -41.15822410326532
3314 -41.13960945756473
3315 -41.11761302599633
3316 -41.09833648919088
3317 -41.0811388410991
3318 -41.06543540373961
3319 -41.05007148469657
3320 -41.03529165959186
3321 -41.02110223633748
3322 -41.00730738998001
3323 -40.99371963963933
3324 -40.98039211973479
3325 -40.96732762516837
3326 -40.95460326160674
3327 -40.94224341683234
3328 -40.93018329370226
3329 -40.91867759074515
3330 -40.90765983354808
3331 -40.89714983666356
3332 -40.88711647626458
3333 -40.87753901490441
3334 -40.8666529057164
3335 -40.85892934636951
3336 -40.84934777190692
3337 -40.84079011732977
3338 -40.83532359114884
3339 -40.82724094267511
3340 -40.82277645806782
3341 -40.81576452557864
3342 -40.80983893603694
3343 -40.80754105690373
3344 -40.80239664051665
3345 -40.80088631164353
3346 -40.79677199734246
3347 -40.79630424194281
3348 -40.79571371258817
3349 -40.795293419503
3350 -40.79539141574105
3351 -40.79592556889425
3352 -40.79710412097259
3353 -40.79880629641628
3354 -40.80122201273464
3355 -40.80431866475152
3356 -40.80810607047557
3357 -40.81250543890341
3358 -40.81750455279029
3359 -40.82337134158641
3360 -40.83010702985938
3361 -40.83753403683433
3362 -40.84564146968734
3363 -40.85420600032939
3364 -40.86335044074672
3365 -40.87322821291659
3366 -40.88366660055492
3367 -40.89501051959353
3368 -40.90768827518028
3369 -40.92086607842701
3370 -40.93493578287429
3371 -40.9472748765272
3372 -40.96151935611314
3373 -40.97702935071275
3374 -40.99381224666652
3375 -41.01148332836831
3376 -41.03019050725374
3377 -41.04969484071677
3378 -41.07007512199156
3379 -41.09099711870727
3380 -41.11292581423767
3381 -41.13559339753232
3382 -41.15913558805312
3383 -41.18327813563904
3384 -41.20824717008441
3385 -41.23385364872444
3386 -41.26016961031247
3387 -41.28695661507408
3388 -41.31440529277911
3389 -41.34220684359178
3390 -41.37054529116587
3391 -41.39923821389598
3392 -41.42838014606422
3393 -41.4577761549827
3394 -41.48772363881103
3395 -41.51779181060985
3396 -41.54822247805317
3397 -41.57872098037494
3398 -41.60947614787504
3399 -41.64028839365465
3400 -41.67149081955576
3401 -41.69953941325154
3402 -41.73261870519375
3403 -41.76158276279504
3404 -41.79175055194147
3405 -41.82650176388665
3406 -41.85653257201461
3407 -41.88737100065623
3408 -41.91888820524436
3409 -41.95487143696909
3410 -41.9854260476637
3411 -42.01671100100292
3412 -42.04863862165497
3413 -42.08076145594866
3414 -42.11729165782395
3415 -42.14817951480664
3416 -42.17986543765372
3417 -42.2117416993949
3418 -42.24397205257711
3419 -42.27961308449416
3420 -42.3106210224202
3421 -42.34189722928271
3422 -42.37362383042195
3423 -42.40820246913478
3424 -42.43890420686764
3425 -42.46982077093932
3426 -42.50346827309672
3427 -42.53347816741712
3428 -42.56588343707348
3429 -42.59524138918698
3430 -42.62680954910324
3431 -42.65730737677784
3432 -42.68719038954291
3433 -42.71623976037307
3434 -42.74495415809064
3435 -42.77307070173036
3436 -42.80074292424491
3437 -42.82756628676962
3438 -42.8539965569512
3439 -42.87964655179331
3440 -42.90460388977093
3441 -42.9287333793206
3442 -42.95202212227444
3443 -42.97427422943983
3444 -42.99587674869019
3445 -43.01627910108436
3446 -43.03537216377893
3447 -43.05351531765338
3448 -43.07058222114031
3449 -43.08632328490883
3450 -43.10106805390326
3451 -43.11441323671735
3452 -43.12628816532576
3453 -43.13708700509203
3454 -43.14654714242764
3455 -43.1544712085446
3456 -43.16141904028802
3457 -43.16700998378383
3458 -43.17117579809652
3459 -43.17434225056036
3460 -43.17626791889042
3461 -43.17682416997756
3462 -43.17626870289453
3463 -43.17448264337131
3464 -43.17161023521724
3465 -43.16770005801202
3466 -43.1626278135737
3467 -43.15679091920817
3468 -43.15007565674956
3469 -43.14251544821539
3470 -43.13424269015477
3471 -43.12524362323916
3472 -43.11562335088542
3473 -43.10533217823832
3474 -43.09467531720225
3475 -43.08351883361765
3476 -43.07196066368584
3477 -43.06013088576866
3478 -43.04802127050122
3479 -43.03567766021469
3480 -43.02321952268822
3481 -43.0106120182814
3482 -42.99799974043867
3483 -42.98536044411986
3484 -42.97274769716965
3485 -42.96023797023944
3486 -42.94786990805893
3487 -42.93568972231244
3488 -42.92375531447603
3489 -42.91207433595706
3490 -42.90064415835576
3491 -42.88952261859529
3492 -42.87871165553227
3493 -42.86828779440052
3494 -42.8582447976035
3495 -42.84857293153719
3496 -42.83932274318588
3497 -42.83051252683339
3498 -42.82218681189414
3499 -42.81434305714775
3500 -42.80698269335996
3501 -42.80012596848338
3502 -42.79371515265712
3503 -42.78790041096768
3504 -42.78254721520665
3505 -42.77761992004621
3506 -42.77316005959487
3507 -42.769206115432
3508 -42.76574946706211
3509 -42.76275156853944
3510 -42.76032576431501
3511 -42.7583627162514
3512 -42.75695169279069
3513 -42.75637619915975
3514 -42.75577815971891
3515 -42.75610212195038
3516 -42.75735756857084
3517 -42.75937488302374
3518 -42.76230133425865
3519 -42.76590413061098
3520 -42.7700600783707
3521 -42.77466062060738
3522 -42.77984419851992
3523 -42.78569860707333
3524 -42.79226489527282
3525 -42.79964470865924
3526 -42.80798456717892
3527 -42.81712025506713
3528 -42.8271561214654
3529 -42.83820318991758
3530 -42.85034961661831
3531 -42.86340409969414
3532 -42.8776872777273
3533 -42.89314861341621
3534 -42.91004839038204
3535 -42.92505874642044
3536 -42.94303639603465
3537 -42.963126463091
3538 -42.98521154616187
3539 -43.00871747485107
3540 -43.03385283369399
3541 -43.06034196609633
3542 -43.08842710591458
3543 -43.11759723344741
3544 -43.14786795243563
3545 -43.17960201446053
3546 -43.21323699597966
3547 -43.24840846550493
3548 -43.28528802762551
3549 -43.32336341534781
3550 -43.36276016952819
3551 -43.40299934846395
3552 -43.44281613522919
3553 -43.48386223412624
3554 -43.5262408014997
3555 -43.56934247020608
3556 -43.61358361164127
3557 -43.65825130016942
3558 -43.70358943616855
3559 -43.74922617397388
3560 -43.79548171948196
3561 -43.84179564439194
3562 -43.88843846027204
3563 -43.93506864168358
3564 -43.98185581791137
3565 -44.02842720396798
3566 -44.07487759148201
3567 -44.12102288830062
3568 -44.1669349744404
3569 -44.21220221168033
3570 -44.25698241118831
3571 -44.30094371977904
3572 -44.3442382068266
3573 -44.38660423690643
3574 -44.4281270781328
3575 -44.4685767181795
3576 -44.50811412577227
3577 -44.5465886483881
3578 -44.58401559924808
3579 -44.62022580594703
3580 -44.65517100544782
3581 -44.68853087693729
3582 -44.72035006877077
3583 -44.75070982514565
3584 -44.7798702836667
3585 -44.80774544514166
3586 -44.83449104597737
3587 -44.85986253387088
3588 -44.88314473411722
3589 -44.9052783390282
3590 -44.92616896218448
3591 -44.9457377169039
3592 -44.96404458327783
3593 -44.9808782050976
3594 -44.99633831979084
3595 -45.01013982871601
3596 -45.0219496354151
3597 -45.03230903771221
3598 -45.04146856902246
3599 -45.0493001309659
3600 -45.05586115384574
3601 -45.06112589112173
3602 -45.06505289321129
3603 -45.06771300221194
3604 -45.06921051142327
3605 -45.06949110420361
3606 -45.06865193916533
3607 -45.06658427311501
3608 -45.0635423826172
3609 -45.05933062769455
3610 -45.05414426805899
3611 -45.04796624506226
3612 -45.04098617222871
3613 -45.03319021635763
3614 -45.02476520385262
3615 -45.01561638412308
3616 -45.00592801299337
3617 -44.99562401324379
3618 -44.98484542562807
3619 -44.97361839336656
3620 -44.96206868064509
3621 -44.95017434258832
3622 -44.93802062068878
3623 -44.92557334146137
3624 -44.91292871237896
3625 -44.90010358829499
3626 -44.88720713846217
3627 -44.87417410642933
3628 -44.86112555182783
3629 -44.8480143532109
3630 -44.83496176883681
3631 -44.82188695242152
3632 -44.80884150640593
3633 -44.79574715068202
3634 -44.78267408086571
3635 -44.76959874345425
3636 -44.75654120061701
3637 -44.74339856524789
3638 -44.73024758055419
3639 -44.71692052785515
3640 -44.70337040899181
3641 -44.68963727279773
3642 -44.67572672590426
3643 -44.66146608957452
3644 -44.64703066233862
3645 -44.63219554301497
3646 -44.61693117426478
3647 -44.60123624688896
3648 -44.59741171596333
3649 -44.59380130845135
3650 -44.58973625980676
3651 -44.58518168121257
3652 -44.58010044444878
3653 -44.57444229600326
3654 -44.56812361077338
3655 -44.5610368130447
3656 -44.55300783262825
3657 -44.54373762052641
3658 -44.53265756667624
3659 -44.51896423441782
3660 -44.50308578887857
3661 -44.48139568695202
3662 -44.46048070915113
3663 -44.43931897165686
3664 -44.4176414394978
3665 -44.39525189315006
3666 -44.37197128628436
3667 -44.34764290908847
3668 -44.32230018882305
3669 -44.29604434028468
3670 -44.26886601975734
3671 -44.24094481917179
3672 -44.21227032545386
3673 -44.18277950426263
3674 -44.15266776599778
3675 -44.12176785642868
3676 -44.0903638163924
3677 -44.05819583427044
3678 -44.02567131075966
3679 -43.99247451506588
3680 -43.9590244687127
3681 -43.92508452736177
3682 -43.89206706420518
3683 -43.85820148039973
3684 -43.82405164317083
3685 -43.78940229690501
3686 -43.75474634143104
3687 -43.71979864963924
3688 -43.68497850284436
3689 -43.64994301545948
3690 -43.61513050027824
3691 -43.5803330373287
3692 -43.54594577729704
3693 -43.51165755614298
3694 -43.47786760840074
3695 -43.44426676616571
3696 -43.41121510918164
3697 -43.37841858064584
3698 -43.34624301783661
3699 -43.31436492715049
3700 -43.28316432166665
3701 -43.25228028587951
3702 -43.22214315332593
3703 -43.19244048356212
3704 -43.16342441419436
3705 -43.13479113801836
3706 -43.10690534712703
3707 -43.07942906801136
3708 -43.05273218413781
3709 -43.02647535925865
3710 -43.00101621504505
3711 -42.975983356029
3712 -42.95175139426978
3713 -42.92796823097057
3714 -42.9050474751939
3715 -42.88260099892372
3716 -42.86100469103955
3717 -42.83986511365848
3718 -42.81960581620613
3719 -42.7997958543537
3720 -42.78079552532442
3721 -42.76230943373079
3722 -42.74478280946641
3723 -42.72778488270414
3724 -42.71184354981548
3725 -42.69654449037818
3726 -42.6823717647754
3727 -42.66453394544742
3728 -42.64950592332177
3729 -42.63668827338093
3730 -42.62563702386031
3731 -42.61564401688968
3732 -42.60711955332893
3733 -42.59940356754332
3734 -42.592864205879
3735 -42.58708875493292
3736 -42.58258577514231
3737 -42.57883091567642
3738 -42.57637372687326
3739 -42.57478993349368
3740 -42.57458093492924
3741 -42.57527081447177
3742 -42.57733553688217
3743 -42.58028080035071
3744 -42.58457730209459
3745 -42.58972329016944
3746 -42.59617721649403
3747 -42.60342342260495
3748 -42.61192344503723
3749 -42.62120866281365
3750 -42.63169910605341
3751 -42.64289540942665
3752 -42.65521328453885
3753 -42.66815092094056
3754 -42.68217134732403
3755 -42.69675119377248
3756 -42.71221123728191
3757 -42.72804088976385
3758 -42.74470946659766
3759 -42.76174726712346
3760 -42.77950346641898
3761 -42.79749445268919
3762 -42.81611230638795
3763 -42.83484463314949
3764 -42.85409449833701
3765 -42.87333345518044
3766 -42.89299296711576
3767 -42.91263722214735
3768 -42.93260961523433
3769 -42.95236248001668
3770 -42.9723852753931
3771 -42.99224257000135
3772 -43.01231106976842
3773 -43.03214772101644
3774 -43.05220866252715
3775 -43.07207952714108
3776 -43.09211263010974
3777 -43.11184334645714
3778 -43.1317176088744
3779 -43.15132239470487
3780 -43.17103822508358
3781 -43.19023095582278
3782 -43.20947997849619
3783 -43.22827371968067
3784 -43.24711753383156
3785 -43.26573628365038
3786 -43.28462980366353
3787 -43.30337159663169
3788 -43.32236746441149
3789 -43.34122025075364
3790 -43.36044659132637
3791 -43.37965767177239
3792 -43.39923238590009
3793 -43.41875450498858
3794 -43.43865444177818
3795 -43.45856548840273
3796 -43.47892365760494
3797 -43.49924549096558
3798 -43.51990123328551
3799 -43.54067882615033
3800 -43.56182022818943
3801 -43.58306163749308
3802 -43.60463312090094
3803 -43.62423473098477
3804 -43.64485491842524
3805 -43.66589689948488
3806 -43.68744523945722
3807 -43.70912005729249
3808 -43.731128903589
3809 -43.7531424237992
3810 -43.77534002040877
3811 -43.79745716948345
3812 -43.81966004471923
3813 -43.84162784732269
3814 -43.86353366662831
3815 -43.88516330436595
3816 -43.90672029055984
3817 -43.92806175295495
3818 -43.94933145270608
3819 -43.97027594997548
3820 -43.99105294587816
3821 -44.01146891639641
3822 -44.03162793759607
3823 -44.05135775211677
3824 -44.07079464573312
3825 -44.08976640867112
3826 -44.10842220103734
3827 -44.12664416063799
3828 -44.1444562083374
3829 -44.16174780533989
3830 -44.17863086370591
3831 -44.19499067084178
3832 -44.21093482625911
3833 -44.22638202799236
3834 -44.24137682771379
3835 -44.25582334775257
3836 -44.26980294629318
3837 -44.28329873126916
3838 -44.29631545320611
3839 -44.30881426119374
3840 -44.3208456973996
3841 -44.33235703687883
3842 -44.34341081981962
3843 -44.35393536395243
3844 -44.36398628371037
3845 -44.3734887485139
3846 -44.38248832935562
3847 -44.3909461192987
3848 -44.39890955636984
3849 -44.4072274083778
3850 -44.41376323766431
3851 -44.4206652086273
3852 -44.42675916738575
3853 -44.43211840566229
3854 -44.43683906775547
3855 -44.4409063902539
3856 -44.44448676366272
3857 -44.44749989035287
3858 -44.44998647351609
3859 -44.45189150280263
3860 -44.45331190656002
3861 -44.45416575972275
3862 -44.45451837023214
3863 -44.4543286524566
3864 -44.45368912533633
3865 -44.45255974712691
3866 -44.45097842780957
3867 -44.4489426623806
3868 -44.44653800561221
3869 -44.44374381479835
3870 -44.44066274963885
3871 -44.4372814995483
3872 -44.43365212533539
3873 -44.42978074778073
3874 -44.4257418296843
3875 -44.42153497920256
3876 -44.41725387206485
3877 -44.41289243760905
3878 -44.40851646859602
3879 -44.40412341576351
3880 -44.39979571353122
3881 -44.39551916240515
3882 -44.39134556915209
3883 -44.38729166434849
3884 -44.38342927149235
3885 -44.37974533204554
3886 -44.37629585474141
3887 -44.37307551690483
3888 -44.37013824277194
3889 -44.36749700479093
3890 -44.36515228685201
3891 -44.3631147058878
3892 -44.36137865792791
3893 -44.3599817047501
3894 -44.35892550241577
3895 -44.35819890763815
3896 -44.35779162851832
3897 -44.35769949582652
3898 -44.35791905889131
3899 -44.35844550242992
3900 -44.35926320014187
3901 -44.36035313369173
3902 -44.36170685192715
3903 -44.36332230421175
3904 -44.36516896657029
3905 -44.3672992432537
3906 -44.36960258111959
3907 -44.37206178728903
3908 -44.37463098983872
3909 -44.3773170210424
3910 -44.38008173193323
3911 -44.38295743381607
3912 -44.38585924552355
3913 -44.38882203728299
3914 -44.39182426857796
3915 -44.39486060236848
3916 -44.39789622860901
3917 -44.40095883684875
3918 -44.40397125660196
3919 -44.40696465912619
3920 -44.40989492412871
3921 -44.41275407908891
3922 -44.41547863287646
3923 -44.41809051663903
3924 -44.42056618656652
3925 -44.42289708446579
3926 -44.42508364040664
3927 -44.42717262423793
3928 -44.42911988252759
3929 -44.43093726602315
3930 -44.43261254790736
3931 -44.43417518832576
3932 -44.43559589198865
3933 -44.43688469891551
3934 -44.43804592682858
3935 -44.43908908038279
3936 -44.43999651045019
3937 -44.4407764204083
3938 -44.44151382190039
3939 -44.44212439309764
3940 -44.44260135669691
3941 -44.44292399145962
3942 -44.44310190121393
3943 -44.44317036856493
3944 -44.44319091965217
3945 -44.44315775076321
3946 -44.44307063016669
3947 -44.44295253750056
3948 -44.44278132559596
3949 -44.44253813792625
3950 -44.44225197618876
3951 -44.44192719790624
3952 -44.44158838318173
3953 -44.44119501513195
3954 -44.44078312134284
3955 -44.44032606781339
3956 -44.43985607160474
3957 -44.43935630507489
3958 -44.43888022200299
3959 -44.43841657016328
3960 -44.43797190473588
3961 -44.43757779227537
3962 -44.4372371615162
3963 -44.43697292690212
3964 -44.43679600757454
3965 -44.43671710852095
3966 -44.43675573483238
3967 -44.43692445887519
3968 -44.43726503178102
3969 -44.437772709315
3970 -44.43847483848204
3971 -44.43938785847659
3972 -44.44053540316673
3973 -44.44191436921016
3974 -44.44355760707386
3975 -44.44549020695315
3976 -44.447733025192
3977 -44.45031006162682
3978 -44.45321701919418
3979 -44.45647250577445
3980 -44.46009661125628
3981 -44.46408889437857
3982 -44.46847203834765
3983 -44.47325207266656
3984 -44.47843333068133
3985 -44.48401604452988
3986 -44.49000685655655
3987 -44.49639998269245
3988 -44.50314224111834
3989 -44.5103860410084
3990 -44.51798958019751
3991 -44.52594329868252
3992 -44.5341805720695
3993 -44.54269398840096
3994 -44.55148035363575
3995 -44.56058627505395
3996 -44.56996063568827
3997 -44.57961847977278
3998 -44.58946691253171
3999 -44.59945687203543
4000 -44.60949929364283
4001 -44.6212004463277
4002 -44.6235941312053
4003 -44.62586088559105
4004 -44.62844194491639
4005 -44.63137910679423
4006 -44.63472850709664
4007 -44.63855683413343
4008 -44.64294047431485
4009 -44.64798309455352
4010 -44.65380570195032
4011 -44.66057831877711
4012 -44.66848662167615
4013 -44.67042484039711
4014 -44.6722765042848
4015 -44.67440289892726
4016 -44.67683941457206
4017 -44.67962879602224
4018 -44.68282270738058
4019 -44.68647215190163
4020 -44.69064529306475
4021 -44.69542334062665
4022 -44.70089436664539
4023 -44.70715390874306
4024 -44.71422497487877
4025 -44.72180968820668
4026 -44.72929909201394
4027 -44.73648350751793
4028 -44.74313771061924
4029 -44.74913404847368
4030 -44.75430136066617
4031 -44.75857004949269
4032 -44.76182723296546
4033 -44.76403997892741
4034 -44.76513463343542
4035 -44.76513671657158
4036 -44.76400082123615
4037 -44.76177192720927
4038 -44.75841792647115
4039 -44.75401376697032
4040 -44.74858037211363
4041 -44.74217063456052
4042 -44.73481520949888
4043 -44.72662902229654
4044 -44.72599756573432
4045 -44.72538148555041
4046 -44.724607860372
4047 -44.72361654747349
4048 -44.72231916433738
4049 -44.72058756177798
4050 -44.71824080854396
4051 -44.71503756593086
4052 -44.71066777797213
4053 -44.70472532576665
4054 -44.6967029771699
4055 -44.68602303029276
4056 -44.67385004575573
4057 -44.66117917001096
4058 -44.64816120181999
4059 -44.63489832880565
4060 -44.63278270633109
4061 -44.63079845297275
4062 -44.62853348243809
4063 -44.62594008114743
4064 -44.62556087668838
4065 -44.62518704695854
4066 -44.6247308114496
4067 -44.62417627784232
4068 -44.6235050152521
4069 -44.62269577778295
4070 -44.62172377755818
4071 -44.62055960896531
4072 -44.61916784144525
4073 -44.61750421056738
4074 -44.6155127438441
4075 -44.61312118431795
4076 -44.61023306916464
4077 -44.60671774380553
4078 -44.60239884755376
4079 -44.60168756996886
4080 -44.60098917647386
4081 -44.60014505887936
4082 -44.59912716050718
4083 -44.59790076786775
4084 -44.59642218008966
4085 -44.59463527630354
4086 -44.59246749574076
4087 -44.58982316458454
4088 -44.58657607936905
4089 -44.58255828486519
4090 -44.5818953326111
4091 -44.58124200705125
4092 -44.58044895560367
4093 -44.57966644066261
4094 -44.57871570439364
4095 -44.57756220028467
4096 -44.5761637530963
4097 -44.57446600320404
4098 -44.57240004205045
4099 -44.56987669806049
4100 -44.56677656650108
4101 -44.56294722776126
4102 -44.55819521670559
4103 -44.55228000460848
4104 -44.54489963983916
4105 -44.54345420054403
4106 -44.54205412078458
4107 -44.54040269077204
4108 -44.53845619706131
4109 -44.53615972025433
4110 -44.53344590466191
4111 -44.53022333074462
4112 -44.52636989870823
4113 -44.52173744929729
4114 -44.51614351123712
4115 -44.51509121671147
4116 -44.51406577887254
4117 -44.51392675123112
4118 -44.51378835024488
4119 -44.51361685635084
4120 -44.51340476338273
4121 -44.51314305142335
4122 -44.5128209470105
4123 -44.51242569149812
4124 -44.51194230331539
4125 -44.51135330444038
4126 -44.51063839211329
4127 -44.50977401692121
4128 -44.50873277209813
4129 -44.50748244738458
4130 -44.50598473756284
4131 -44.50419311868671
4132 -44.50204931304291
4133 -44.49947998953147
4134 -44.49639211704639
4135 -44.492663293531
4136 -44.48815228905234
4137 -44.48266675685311
4138 -44.48157649297875
4139 -44.48051642948097
4140 -44.47926038528311
4141 -44.47777619387261
4142 -44.4760251103684
4143 -44.47430670183465
4144 -44.47227389647422
4145 -44.46986626367294
4146 -44.46700738532831
4147 -44.46359784128662
4148 -44.459527369513
4149 -44.45463475128513
4150 -44.44875343623594
4151 -44.44233435746493
4152 -44.43423096649798
4153 -44.42502404176783
4154 -44.42290789972076
4155 -44.42091255070824
4156 -44.41866136302343
4157 -44.416134039764
4158 -44.41330845163783
4159 -44.41015782480132
4160 -44.40664434572704
4161 -44.40599179380295
4162 -44.40535390986311
4163 -44.40459129905543
4164 -44.40368546230034
4165 -44.40261689497481
4166 -44.40136479355201
4167 -44.39990674307367
4168 -44.39822047029301
4169 -44.39627417921608
4170 -44.39403211902399
4171 -44.39144838769498
4172 -44.38845921458956
4173 -44.38498570613174
4174 -44.38094381265224
4175 -44.37628221809676
4176 -44.3709441624957
4177 -44.36522999996096
4178 -44.35947819536756
4179 -44.35792731269962
4180 -44.35647911200711
4181 -44.35486572447068
4182 -44.35308977012023
4183 -44.35115774653696
4184 -44.3490796227509
4185 -44.34688148501263
4186 -44.34457658879275
4187 -44.34219444097722
4188 -44.33978328053896
4189 -44.33746300192006
4190 -44.33544320524528
4191 -44.33390167581335
4192 -44.33287154615052
4193 -44.33245888067617
4194 -44.33270661000608
4195 -44.33362308875218
4196 -44.33526157982802
4197 -44.3376501980156
4198 -44.34085493476448
4199 -44.34124271399146
4200 -44.34161236680505
4201 -44.34203803020573
4202 -44.34254760180478
4203 -44.34318494552514
4204 -44.34399577259798
4205 -44.34508007445574
4206 -44.34662714071315
4207 -44.3487941283768
4208 -44.35093980203511
4209 -44.35473135877984
4210 -44.36049038067362
4211 -44.36160198317643
4212 -44.36263816564767
4213 -44.36386739216229
4214 -44.36532782311859
4215 -44.36707156442474
4216 -44.36917815355264
4217 -44.37174198135108
4218 -44.37489362084318
4219 -44.37881209943508
4220 -44.38376058350067
4221 -44.39007039999053
4222 -44.39155355548556
4223 -44.39297226417866
4224 -44.39461178126422
4225 -44.39651068151298
4226 -44.39872177719157
4227 -44.40131874326543
4228 -44.40439789842306
4229 -44.40808886347351
4230 -44.41255777758415
4231 -44.4180366418847
4232 -44.42484016651959
4233 -44.43332901745798
4234 -44.43544921137442
4235 -44.43746801203486
4236 -44.43977081470305
4237 -44.44240265446769
4238 -44.44542139731003
4239 -44.44889999462741
4240 -44.45292777428385
4241 -44.45761197513514
4242 -44.46313417311803
4243 -44.46970202357306
4244 -44.4775843251136
4245 -44.48791534617568
4246 -44.53315792657393
4247 -44.54918599886751
4248 -44.5528282034826
4249 -44.5562430310126
4250 -44.56003825907707
4251 -44.56426238460184
4252 -44.56948206488143
4253 -44.57775581810851
4254 -44.5987478952295
4255 -44.68541992442476
4256 -49.07647508990991
4257 -544.8757443976262
4258 -1654.085507014686
4259 -1312.673682662758
4260 -1033.654719701898
4261 -830.6335936707089
4262 -702.1220070957056
4263 -651.8814561231427
4264 -612.0339109750761
4265 -573.5656565534152
4266 -537.0988678739416
4267 -502.5124950262374
4268 -468.8320855294512
4269 -435.4352585828299
4270 -409.0449819371979
4271 -389.7591908841639
4272 -372.6100044272897
4273 -368.420597261704
4274 -364.9095761410475
4275 -361.3580069885091
4276 -357.8682098050228
4277 -354.5037717565108
4278 -351.8199061847824
4279 -349.7225515945953
4280 -348.0366225705178
4281 -346.5805028630576
4282 -345.314819496804
4283 -343.8177394317036
4284 -342.4452164777501
4285 -342.4206903424102
4286 -344.3238632073771
4287 -347.7394313546321
4288 -351.5930595094976
4289 -351.9239676928626
4290 -352.2674885737968
4291 -352.7062978152956
4292 -353.2906004961501
4293 -354.0079153249509
4294 -355.0202911473461
4295 -356.3722464657965
4296 -358.0873649052821
4297 -359.887384325725
4298 -361.9943337566105
4299 -364.3832858971896
4300 -364.8460288295298
4301 -365.2895606504994
4302 -365.7862591705185
4303 -366.3473378028459
4304 -366.9798445754826
4305 -367.7007575389119
4306 -368.5858475535205
4307 -369.6794968904838
4308 -371.3408418205431
4309 -373.8219541134276
4310 -374.2358522568807
4311 -374.6801492612689
4312 -375.1719350678491
4313 -375.7733012797925
4314 -376.523976397744
4315 -377.5031109143718
4316 -378.764598876422
4317 -380.3251849726194
4318 -382.4248766309979
4319 -385.1307990743304
4320 -385.486535288625
4321 -385.8158533951533
4322 -386.2186780177972
4323 -386.6470658787623
4324 -387.1351187625278
4325 -387.736898051615
4326 -388.531249244572
4327 -389.4456261769423
4328 -390.5906090498785
4329 -391.9626244993761
4330 -393.7283888565744
4331 -396.113439522386
4332 -398.9302231611034
4333 -402.8160772173435
4334 -407.6587451760612
4335 -414.4050179981081
4336 -423.6114743849354
4337 -434.276650214901
4338 -445.4554132096216
4339 -456.5257835461881
4340 -339.2072290360396
4341 -342.4340220984936
4342 -345.4791828180991
4343 -348.9726869150022
4344 -352.9105285233197
4345 -357.4770100432074
4346 -357.4536614288498
4347 -357.4536676024934
4348 -357.4536737653214
4349 -357.4536737662036
4350 -357.4536737669739
4351 -357.4536737669741
4352 -357.4536737669741
4353 -357.4536737669741
4354 -357.4536737669741
4355 -357.4536737669741
4356 -357.4536737669741
4357 -357.4536737669741
4358 -357.4536737669741
4359 -357.4536737669741
4360 -357.4536737669741
