"report-def-0-rfile"
"Iteration" "report-def-0-sa"
("Iteration" "report-def-0-sa")
1 1.100000000904811
2 1.100000000226378
3 1.099999999010207
4 1.099999997146683
5 1.099999994401657
6 1.09999999055495
7 1.099999985440186
8 1.09999997887852
9 1.099999970678535
10 1.099999960635717
11 1.099999948533817
12 1.099999934142798
13 1.099999917219593
14 1.099999897508282
15 1.099999874739224
16 1.099999848629135
17 1.099999818880965
18 1.099999785184654
19 1.099999747217065
20 1.099999704641717
21 1.099999657113221
22 1.099999604283423
23 1.099999545795785
24 1.099999481286982
25 1.099999410386887
26 1.099999332718444
27 1.099999247897439
28 1.099999155532128
29 1.099999055222345
30 1.099998946558628
31 1.099998829121359
32 1.099998702479487
33 1.099998566190836
34 1.099998419801491
35 1.099998262845225
36 1.099998094841521
37 1.099997915294106
38 1.099997723697634
39 1.099997519553699
40 1.099997302354976
41 1.099997071600195
42 1.099996826793714
43 1.09999656743731
44 1.099996293030186
45 1.099996003068788
46 1.099995697054678
47 1.099995374579566
48 1.099995035298409
49 1.099994678887386
50 1.099994305032977
51 1.099993959712219
52 1.099993607807522
53 1.099993242746575
54 1.099992864002314
55 1.099992470965702
56 1.099992062939663
57 1.099991639130355
58 1.099991198758544
59 1.099990741338646
60 1.099990266442285
61 1.099989773594566
62 1.09998926228697
63 1.099988731974093
64 1.099988182103795
65 1.099987612102237
66 1.099987021384521
67 1.099986409352771
68 1.09998577538513
69 1.099985118832536
70 1.099984439017544
71 1.099983735233488
72 1.099983006735997
73 1.099982252744963
74 1.099981472440597
75 1.0999806649617
76 1.099979829399483
77 1.099978964802099
78 1.106234850822072
79 1.142691182994049
80 1.172053135631475
81 1.200563663579382
82 1.228312388078185
83 1.255363090673162
84 1.281752373135251
85 1.307499216491444
86 1.332599564859446
87 1.357023998717486
88 1.380738345045246
89 1.403704298615808
90 1.425880254592969
91 1.447222772503731
92 1.467680350264314
93 1.48718951621731
94 1.505686631747425
95 1.523108562331964
96 1.539393078041796
97 1.55447958488367
98 1.568308816424866
99 1.580823153474713
100 1.591966904325323
101 1.601685338461203
102 1.609933653342279
103 1.616663292221356
104 1.621820405956539
105 1.643673606683359
106 1.672572090066144
107 1.699959620817108
108 1.725801925217414
109 1.75003502610436
110 1.772580798942861
111 1.793305205360461
112 1.81201218688372
113 1.828418629849502
114 1.842093664224429
115 1.8523404635154
116 1.857964655749728
117 1.856714670633866
118 1.84362354865443
119 1.822495840352086
120 1.83781237831687
121 1.85424877903858
122 1.870277166486589
123 1.885893593439044
124 1.901093676956152
125 1.915873637203541
126 1.930230543350695
127 1.94416739813001
128 1.957683423213354
129 1.97077784988662
130 1.983451812259738
131 1.995705557852198
132 2.009862492493488
133 2.032002122768846
134 2.043434505537816
135 2.05454546318813
136 2.065336407048103
137 2.079366140876458
138 2.097147922622381
139 2.113508655054707
140 2.128356369647322
141 2.141575634398187
142 2.153070874324615
143 2.162758995621272
144 2.178828783267354
145 2.195408250096551
146 2.210458989128977
147 2.23006855768619
148 2.246862839194483
149 2.262591462491778
150 2.277298997193516
151 2.29102977062619
152 2.313308000208767
153 2.334190518673839
154 2.353344508805114
155 2.370432209529557
156 2.385140654341118
157 2.397181812637601
158 2.406313394876082
159 2.42349938324679
160 2.448982016267468
161 2.472825770271546
162 2.493671907143576
163 2.510415370495879
164 2.522378066054579
165 2.529256153284595
166 2.531052265906481
167 2.528020127524442
168 2.520568094376908
169 2.50916715847194
170 2.51118083503465
171 2.527804306512197
172 2.541890026783627
173 2.552700308702017
174 2.559886604603756
175 2.563263073850598
176 2.567540177788952
177 2.579572790257316
178 2.587111073517911
179 2.602039575747777
180 2.618099737242453
181 2.629914752981268
182 2.636929083049718
183 2.638507379702885
184 2.634560737016917
185 2.625225358801836
186 2.61089306844113
187 2.6092676717107
188 2.615612181916282
189 2.621793366343302
190 2.628986084389285
191 2.63320120833479
192 2.63385064970747
193 2.631041768052151
194 2.624985217261798
195 2.615952509886088
196 2.604389572122912
197 2.590543796661617
198 2.574556671345103
199 2.556647327657323
200 2.537088544796433
201 2.516132468266484
202 2.499152721110484
203 2.484597067568953
204 2.473745501276431
205 2.472949480248638
206 2.47164099620176
207 2.470058157262039
208 2.473711010454823
209 2.481747572453936
210 2.490167602656727
211 2.498744218647003
212 2.507534704694089
213 2.516547820579675
214 2.525777414992567
215 2.535231185831987
216 2.544914200828277
217 2.553969852078402
218 2.564290281872863
219 2.574599145024395
220 2.584982284449862
221 2.619194232776149
222 2.628597738272635
223 2.637642637460072
224 2.646454880143803
225 2.655278138487353
226 2.664519315926719
227 2.674077280943099
228 2.684044601881764
229 2.694470957692245
230 2.705381911446642
231 2.716792092361782
232 2.728719393938129
233 2.741180456604543
234 2.759480784024248
235 2.779839231451938
236 2.815895034142332
237 2.831220706611888
238 2.848010746441796
239 2.866143183327996
240 2.885791896636068
241 2.9076641391339
242 2.945457748832895
243 2.992926272355241
244 3.036249696975637
245 3.079118607146784
246 3.121127467050655
247 3.16167579899833
248 3.200221848482718
249 3.236287930216756
250 3.269360053529186
251 3.29924381383082
252 3.325782905469135
253 3.348883297555708
254 3.368483646729569
255 3.384551875423324
256 3.397094911189484
257 3.406147177884759
258 3.411770326531535
259 3.414047697122958
260 3.413080902655142
261 3.408986065552026
262 3.401891431527458
263 3.39193062628076
264 3.379243401043897
265 3.363977391330201
266 3.346283396714369
267 3.326308586975737
268 3.30419599544424
269 3.280078074089297
270 3.254074564855257
271 3.226292671480048
272 3.196828321509642
273 3.165750132119451
274 3.133099863487906
275 3.098925069604258
276 3.063310883836647
277 3.026372070552727
278 2.988234033701672
279 2.949033443892694
280 2.90888948766254
281 2.867939978287485
282 2.826313223718265
283 2.784104767536173
284 2.741394673934991
285 2.72883986050099
286 2.728902684528178
287 2.727040804198839
288 2.723246184735622
289 2.723637117576048
290 2.733379186546538
291 2.74156533465945
292 2.748193274990911
293 2.753262434383366
294 2.756780247806216
295 2.758726864262491
296 2.75915237082676
297 2.758074008951593
298 2.755514600770139
299 2.751502245930031
300 2.746070320486828
301 2.739257468071258
302 2.731105394265137
303 2.721657649885216
304 2.710969006429971
305 2.699093981766032
306 2.686115282181383
307 2.672092375325694
308 2.65708534244086
309 2.641154826735665
310 2.624363241750491
311 2.606775720497274
312 2.588459534481238
313 2.569477934087634
314 2.54989686331298
315 2.5297685341663
316 2.50914312341221
317 2.488069067044919
318 2.466597910846953
319 2.451484885342284
320 2.455646832065332
321 2.458557262703266
322 2.460239607759022
323 2.460717271834744
324 2.460015571877094
325 2.458159865277528
326 2.45517805856141
327 2.451100791062235
328 2.445960614868858
329 2.439793786062734
330 2.432636916761399
331 2.424526156607927
332 2.415497022008407
333 2.405584292682513
334 2.394814235347279
335 2.383220431393345
336 2.370839546185899
337 2.357708001374285
338 2.363877582284945
339 2.383309148583252
340 2.402348536410439
341 2.419742622886096
342 2.429690192086491
343 2.426244919212653
344 2.425027748460362
345 2.42241696617137
346 2.416529625000012
347 2.406662711265686
348 2.392815832545067
349 2.375342989354955
350 2.354738362090737
351 2.331517748393781
352 2.306162394407432
353 2.279096589947635
354 2.250682571878427
355 2.221223971542476
356 2.190971820224191
357 2.16013375232487
358 2.142861705917565
359 2.138611520631606
360 2.13403278904426
361 2.129123085264321
362 2.123883616919347
363 2.118314832248594
364 2.11241773693179
365 2.106194280888178
366 2.099646984791615
367 2.092778966019351
368 2.085580744311536
369 2.078051123128695
370 2.07019542958694
371 2.062022112800118
372 2.053543393867979
373 2.044769682528291
374 2.035710321598655
375 2.026375146835155
376 2.027098614569779
377 2.030564510632291
378 2.034018184585372
379 2.037460318569201
380 2.040891757023756
381 2.044313357991919
382 2.047726002846266
383 2.051130732750466
384 2.054528651040438
385 2.05792070963301
386 2.061307931847952
387 2.064690844772064
388 2.068069158632716
389 2.071455800690391
390 2.074850373099348
391 2.07825201332528
392 2.081663493547279
393 2.0850687973217
394 2.088455318297648
395 2.091821353134606
396 2.095163695097245
397 2.098475000565602
398 2.101740656109986
399 2.104947802034417
400 2.108100069760104
401 2.111200560874357
402 2.114251986621746
403 2.117256728220317
404 2.120216776773291
405 2.123133566466509
406 2.12600770337057
407 2.128835765250362
408 2.131627762152826
409 2.134387637529046
410 2.13711836510668
411 2.139822269786408
412 2.142501285147127
413 2.145156939756228
414 2.147790611777749
415 2.150403479723308
416 2.152996348946908
417 2.155570719369059
418 2.158127598013586
419 2.16066789526226
420 2.163192499158434
421 2.165702417005037
422 2.168198229829395
423 2.170680365645503
424 2.173148997793658
425 2.17560588147739
426 2.178051588821604
427 2.18048743772871
428 2.18291458179728
429 2.185326894032282
430 2.187725093153024
431 2.190109852828726
432 2.192481774375008
433 2.194854416254497
434 2.19721870149541
435 2.199570768894042
436 2.201911467986583
437 2.204241283221119
438 2.206560683721452
439 2.208870147034161
440 2.211170045892455
441 2.213460114809058
442 2.215740812340187
443 2.218010539038927
444 2.220270275111413
445 2.222525353449829
446 2.224774804903351
447 2.227017586186282
448 2.229253084294438
449 2.231480993910358
450 2.233701240541706
451 2.235909961772802
452 2.23811180333345
453 2.240306907618862
454 2.242495519369371
455 2.244677836544208
456 2.246851729184786
457 2.249020243102333
458 2.251182693532261
459 2.253339584156206
460 2.255490931895701
461 2.257636638137503
462 2.259776398320494
463 2.261910680226276
464 2.264040371692766
465 2.266164616529076
466 2.268283811580879
467 2.270398244158058
468 2.272504673843185
469 2.277355917378301
470 2.289306528101347
471 2.30088876896232
472 2.312158840344249
473 2.323404719760953
474 2.334835786782946
475 2.34648048331078
476 2.358387430717312
477 2.370577468245682
478 2.383142422498025
479 2.39617627668447
480 2.409743872744226
481 2.423808177549556
482 2.437570344223389
483 2.451374576542122
484 2.465255392290092
485 2.479181610285715
486 2.493108292881697
487 2.506601068255237
488 2.519807547063405
489 2.533176929935459
490 2.546624543709795
491 2.560088523479581
492 2.57352237206113
493 2.586892696708811
494 2.600177673225328
495 2.613365076086609
496 2.62644584483507
497 2.639415510346325
498 2.652261854283265
499 2.665008132733929
500 2.677647857874934
501 2.690186054808559
502 2.702628041812199
503 2.714959576186276
504 2.727175918867145
505 2.739276595371987
506 2.751255467395869
507 2.763158713523536
508 2.774978605557404
509 2.78671570919348
510 2.798200394138234
511 2.809461827253378
512 2.820498299698643
513 2.831308228179855
514 2.841988767873627
515 2.852479541209359
516 2.862770040185607
517 2.872857655916621
518 2.882739549933572
519 2.892410121982636
520 2.901865585625322
521 2.911106243633093
522 2.920127911201387
523 2.928950241239022
524 2.937596043741178
525 2.946036955271528
526 2.954271535097599
527 2.962302457005055
528 2.970127704152143
529 2.977749438053392
530 2.985165426761568
531 2.992379941224871
532 2.999474322984523
533 3.00637777674669
534 3.013097509512314
535 3.019639185757254
536 3.026009890851907
537 3.032236433241749
538 3.038386426744022
539 3.044395759331418
540 3.050274292832946
541 3.056021449194625
542 3.058533178091629
543 3.061155148686332
544 3.064670884968633
545 3.068840524532004
546 3.073463166382568
547 3.078387143822365
548 3.083544087601547
549 3.085941871418436
550 3.088042978518679
551 3.090425618739167
552 3.093000516396866
553 3.09559675370057
554 3.098235338891394
555 3.101163155702536
556 3.104888331230979
557 3.109373083318153
558 3.114456033563725
559 3.119974726533379
560 3.123635911582527
561 3.127443433804376
562 3.131507191376339
563 3.13586416109161
564 3.140448025872464
565 3.145206745958642
566 3.149940911000388
567 3.154742432096694
568 3.159546382521794
569 3.164460756473146
570 3.169795502655092
571 3.175500041472103
572 3.181281451987966
573 3.187607934524746
574 3.194347853492268
575 3.201466153331809
576 3.209017588666721
577 3.216876181595869
578 3.225339759886564
579 3.233753435041987
580 3.241675997060993
581 3.249388086172781
582 3.25701096911286
583 3.26530438314416
584 3.274336890041176
585 3.28394620702002
586 3.292215311500632
587 3.301695285517356
588 3.311652544640076
589 3.322003180350319
590 3.332671332182051
591 3.343548207890044
592 3.354598018789671
593 3.365777673311017
594 3.377053900618227
595 3.388402827456727
596 3.39980674502013
597 3.411306198105952
598 3.422896689643482
599 3.434539533886626
600 3.446200608693046
601 3.457857637135079
602 3.469460587075359
603 3.479855981178822
604 3.489414640443594
605 3.498506794005654
606 3.507994212789387
607 3.517877575287375
608 3.528302194933828
609 3.538991388530963
610 3.550182296572256
611 3.561511562878146
612 3.572966439039089
613 3.584363934368596
614 3.595559511566704
615 3.606508235668943
616 3.617218080205953
617 3.628211179302403
618 3.639577373896726
619 3.651508059779691
620 3.663539036565568
621 3.675522397894013
622 3.687385489340332
623 3.700866514854496
624 3.713400724211628
625 3.725440545489795
626 3.736149039000712
627 3.74569626956687
628 3.754575063653015
629 3.763098624847388
630 3.771583052620629
631 3.779965988314983
632 3.788240537291431
633 3.796341937539058
634 3.804121380045669
635 3.811499911080046
636 3.829131552739959
637 3.85038374329641
638 3.870396925278787
639 3.889150037870011
640 3.906643823953595
641 3.922894890319141
642 3.937930909038819
643 3.951788197998715
644 3.964509115828951
645 3.976139016328303
646 3.986723451641824
647 3.996302465142555
648 4.004919716825436
649 4.012614432113616
650 4.019413478800231
651 4.025347698709813
652 4.030411454878212
653 4.034555673064058
654 4.03775161945375
655 4.039984898402327
656 4.041255745509291
657 4.041577846415151
658 4.040946708011227
659 4.039372947982968
660 4.036867918186995
661 4.033440052601168
662 4.029097525151704
663 4.023846720773131
664 4.017692615552519
665 4.010644813622186
666 4.002715045001853
667 3.993918674186128
668 3.984274374686185
669 3.973804156214756
670 3.962537221652314
671 3.950505601289485
672 3.937738755442337
673 3.924267892216004
674 3.910124270765439
675 3.895348260399305
676 3.87996988868954
677 3.864017634176657
678 3.847518669383155
679 3.830499454445101
680 3.812986041111894
681 3.795003848967482
682 3.776580585209702
683 3.757743196986855
684 3.738517938565326
685 3.718930293254786
686 3.699003945459475
687 3.678763642448732
688 3.658234294074219
689 3.637439176075573
690 3.61640050561191
691 3.595135722209448
692 3.573662770430738
693 3.552000869259272
694 3.530164737883115
695 3.508167070571012
696 3.486021055170837
697 3.463729016831483
698 3.441297573235521
699 3.418737866945614
700 3.396064934763032
701 3.37330065986488
702 3.350488640236086
703 3.340700208926589
704 3.334350763827608
705 3.327891298022109
706 3.321323784084572
707 3.314649596714612
708 3.307869466195775
709 3.300983635132521
710 3.293992690601988
711 3.286901526079012
712 3.279718872618244
713 3.272452811257448
714 3.265094160010692
715 3.257627940546908
716 3.250057445034319
717 3.242386132897713
718 3.234617851406352
719 3.226757239741281
720 3.218808699551219
721 3.210778101210233
722 3.202669616661654
723 3.194486496086016
724 3.186231327789596
725 3.177906987738299
726 3.169516430468168
727 3.161062678165004
728 3.152540521058146
729 3.143955854879378
730 3.135313887374145
731 3.126618401904682
732 3.1178541971649
733 3.109021930429163
734 3.100122896626682
735 3.091157141332653
736 3.082128853837326
737 3.073024283926292
738 3.063825293299648
739 3.054536244148572
740 3.045161084053287
741 3.035662683581936
742 3.026031507320742
743 3.016264367338562
744 3.006366484834922
745 2.996343117548208
746 2.986199441132621
747 2.975940606850992
748 2.970413959469607
749 2.965080463205171
750 2.959591183017722
751 2.953949483957944
752 2.948156748823017
753 2.942215457888336
754 2.936126806856406
755 2.929892642639984
756 2.923508594966183
757 2.916976865539805
758 2.9102645704348
759 2.903371487423433
760 2.896301865827094
761 2.889060379343081
762 2.881651324551895
763 2.874078569905937
764 2.866345886124466
765 2.858455545030475
766 2.850397548691196
767 2.8421760212811
768 2.833793660841629
769 2.825250804048949
770 2.816541743959427
771 2.807683881541572
772 2.798682267024781
773 2.789538610601851
774 2.780257158847782
775 2.770840489847898
776 2.761291596282786
777 2.751615077254363
778 2.741815178267462
779 2.731896327426135
780 2.721863156860433
781 2.711719505350074
782 2.701468879291892
783 2.695566459459383
784 2.692251886637602
785 2.688716364968331
786 2.684960906462532
787 2.680987227469937
788 2.676797023435588
789 2.672392000795206
790 2.667772752983072
791 2.662940154010152
792 2.657895350903617
793 2.652640072584366
794 2.647174926889262
795 2.641497894368533
796 2.635617951266136
797 2.629538968088976
798 2.623264122972619
799 2.618253149247964
800 2.614999698718643
801 2.611534438984274
802 2.607858610034466
803 2.603973659246607
804 2.599881139169254
805 2.59558302513381
806 2.591081631002568
807 2.586379615510506
808 2.581473936455187
809 2.576369807703126
810 2.57107385282987
811 2.565588866043752
812 2.5599181278182
813 2.554064731912313
814 2.548024475174488
815 2.541804285808945
816 2.535411616090256
817 2.528853513501109
818 2.522134324273544
819 2.51525896360872
820 2.50823265977498
821 2.501058631554871
822 2.493743999403167
823 2.486294138656823
824 2.478713912021521
825 2.470995070631407
826 2.463108444080262
827 2.455107985508216
828 2.447001216897365
829 2.438800763212845
830 2.43051164763239
831 2.422138592682618
832 2.41368600161891
833 2.405156936837547
834 2.396553312999461
835 2.387877669909241
836 2.379134277751604
837 2.370327204071561
838 2.361461227066189
839 2.352542161731014
840 2.343573704304367
841 2.334559250776059
842 2.325489180616879
843 2.316369841223004
844 2.30721573063617
845 2.298030484571118
846 2.288818784254546
847 2.279583998433717
848 2.270329619197327
849 2.261059011787155
850 2.260085365564641
851 2.260441143325333
852 2.26052995285794
853 2.260353472836422
854 2.259901103910709
855 2.259187902986193
856 2.25821661865421
857 2.256991047980086
858 2.255526482832809
859 2.253827329935097
860 2.251898209685122
861 2.249744098231989
862 2.247370438201934
863 2.246102513427507
864 2.248882733076575
865 2.251394380136853
866 2.253639664845679
867 2.255621068982981
868 2.25734127471965
869 2.258803151918733
870 2.260009738621037
871 2.260964301271075
872 2.261670226759739
873 2.26212939180149
874 2.262343611866061
875 2.262315122072474
876 2.262047880333681
877 2.261546063983169
878 2.260814018048553
879 2.259856142005433
880 2.258674118850269
881 2.257272052547806
882 2.255654145030141
883 2.25382606140265
884 2.251793311801007
885 2.249560533753087
886 2.247132429683157
887 2.244513407741996
888 2.241704073747405
889 2.238706304282567
890 2.235530471300191
891 2.232180911780786
892 2.228661922366651
893 2.224977744243849
894 2.221132624862071
895 2.217130730060595
896 2.212976163217717
897 2.20867295652071
898 2.20422507894081
899 2.199635290940422
900 2.194896893459838
901 2.190013845159124
902 2.184990131787402
903 2.179829871302658
904 2.17453759093059
905 2.169117528880836
906 2.163573354732241
907 2.157908937748007
908 2.15212828055928
909 2.146235416328656
910 2.140234374413949
911 2.134129162410659
912 2.127923714211684
913 2.121621944970751
914 2.115227851322449
915 2.108744619043472
916 2.10217621401734
917 2.095526450273605
918 2.088798989185277
919 2.081997484381335
920 2.075125451005831
921 2.068186456924106
922 2.061184072349307
923 2.057664513452159
924 2.057113173349434
925 2.056550716264033
926 2.055977208936184
927 2.055392715495531
928 2.054797297670261
929 2.05419103183476
930 2.053573993562569
931 2.052946259553559
932 2.052307900658608
933 2.051659005648782
934 2.05099965656866
935 2.050329933659595
936 2.049660696665676
937 2.049094311721636
938 2.048518000208379
939 2.047931919148602
940 2.047336148565455
941 2.046730781744642
942 2.046115918275569
943 2.045491658109775
944 2.044858102928813
945 2.044215357587294
946 2.043563525993605
947 2.042902713317877
948 2.042233026178798
949 2.041554572251095
950 2.040867466824139
951 2.040171826590821
952 2.03946773537066
953 2.038755285309756
954 2.038034581739249
955 2.037305728863526
956 2.036568835449724
957 2.035824006573245
958 2.035071350281536
959 2.034310975444425
960 2.033542991036247
961 2.032767493067069
962 2.031984542712868
963 2.031194245016728
964 2.030396713563291
965 2.029592064100533
966 2.028780412461435
967 2.027961872922686
968 2.02713655447045
969 2.026304569977676
970 2.025466057071127
971 2.024621139778528
972 2.023769938609854
973 2.022912572519276
974 2.022049160745114
975 2.021179822944514
976 2.020304680127302
977 2.019423863282061
978 2.018537503170659
979 2.017645728389627
980 2.016748666372603
981 2.015846443931067
982 2.014939178229402
983 2.014026952624594
984 2.013109892202026
985 2.013157221060542
986 2.013249781603678
987 2.01333018898826
988 2.013398527669655
989 2.013454878137615
990 2.013499322738419
991 2.01353194999327
992 2.013552849003845
993 2.013562109940963
994 2.013559823536104
995 2.013546083466853
996 2.013520982586666
997 2.013834773911412
998 2.01420701463051
999 2.014564910628872
1000 2.014908519045328
1001 2.015237894956757
1002 2.015553103147192
1003 2.015854213429068
1004 2.016141291292585
1005 2.016414404942863
1006 2.016673609970534
1007 2.016918977809884
1008 2.017150582482601
1009 2.017368500919069
1010 2.017572811235993
1011 2.017763592092755
1012 2.017940925325973
1013 2.018104894127382
1014 2.018255580654394
1015 2.01839307031451
1016 2.01851745102308
1017 2.018628810401108
1018 2.018727238518909
1019 2.018812823304628
1020 2.018885657033366
1021 2.018945833913348
1022 2.018993449608486
1023 2.019028605718194
1024 2.019051401737394
1025 2.019061937363756
1026 2.019060313755514
1027 2.019046633514509
1028 2.019021000414439
1029 2.018983518784304
1030 2.018934294751679
1031 2.018873435386276
1032 2.018801048849042
1033 2.018717244115877
1034 2.018622131421704
1035 2.018515822087286
1036 2.018398428577751
1037 2.018270063767157
1038 2.018130840483094
1039 2.017980871071158
1040 2.01782027451959
1041 2.017649168052385
1042 2.017467669768154
1043 2.017275898484913
1044 2.01707397384186
1045 2.016862015984431
1046 2.016640146064282
1047 2.016408485591628
1048 2.016167156971628
1049 2.015916285058883
1050 2.015655995433099
1051 2.015386420668219
1052 2.015107675369697
1053 2.014819886201245
1054 2.014523176942453
1055 2.014217673924006
1056 2.013903503377894
1057 2.013580778136668
1058 2.013249626396363
1059 2.012910177265435
1060 2.012562559954568
1061 2.012206899039179
1062 2.011843324641765
1063 2.011471967302893
1064 2.011092949359186
1065 2.010706406589215
1066 2.010312469733772
1067 2.009911270146989
1068 2.009502940088028
1069 2.009087606322815
1070 2.00866539901648
1071 2.008236448277029
1072 2.007800885121678
1073 2.007358839457034
1074 2.006910434715537
1075 2.00649227223021
1076 2.006443351000392
1077 2.006385944345478
1078 2.006320162913704
1079 2.006246118510261
1080 2.006163922956554
1081 2.006073687967441
1082 2.005975524311407
1083 2.005869542509781
1084 2.005755856797794
1085 2.005634580474587
1086 2.005505827162372
1087 2.005369732903187
1088 2.005226415529161
1089 2.005075989751798
1090 2.0049185662041
1091 2.004754257986483
1092 2.004583182722189
1093 2.004405454823545
1094 2.004221191336395
1095 2.004030510009585
1096 2.003833523577199
1097 2.003630346102842
1098 2.003421092670892
1099 2.003205878977316
1100 2.002989749117344
1101 2.002925478464468
1102 2.002853550079039
1103 2.00277406520723
1104 2.002687126743251
1105 2.002592837923839
1106 2.002491301447105
1107 2.002382607965552
1108 2.002266858995252
1109 2.002144159326673
1110 2.002014613280429
1111 2.001878325279937
1112 2.001735400439399
1113 2.001585943850297
1114 2.001430061587393
1115 2.001267855762462
1116 2.001099442694114
1117 2.000924926306429
1118 2.000744411333225
1119 2.000558000771098
1120 2.000365799185797
1121 2.000167867295805
1122 1.999964167627945
1123 1.999754757554798
1124 1.999539750055916
1125 1.999319255290952
1126 1.999093383666884
1127 1.998862246581168
1128 1.998625958592623
1129 1.99838463458464
1130 1.998138389608925
1131 1.997887338448495
1132 1.99763159375739
1133 1.997371270237264
1134 1.997106481699735
1135 1.996837341268976
1136 1.996563963600805
1137 1.996286467087444
1138 1.996004963619994
1139 1.995719564829239
1140 1.995430379711487
1141 1.995137519322345
1142 1.994841097683206
1143 1.994541224799842
1144 1.994238012011917
1145 1.99393156845736
1146 1.993622003494549
1147 1.993309420557696
1148 1.992993925386956
1149 1.992675625891218
1150 1.992354628216014
1151 1.992031039491826
1152 1.991704964629068
1153 1.991376510851671
1154 1.991045792993856
1155 1.990712915715221
1156 1.99037797945097
1157 1.990041084203473
1158 1.989702328578826
1159 1.98936180808062
1160 1.989019618321532
1161 1.988675854762094
1162 1.988330612451114
1163 1.987983984979973
1164 1.987635999599618
1165 1.987286872809366
1166 1.986936635313655
1167 1.986585378254377
1168 1.986233190179274
1169 1.985880158969693
1170 1.985526372938661
1171 1.985171917413852
1172 1.984816878376866
1173 1.984461338255552
1174 1.984105376957649
1175 1.983749066287546
1176 1.98339248595377
1177 1.983035716674755
1178 1.982678833790533
1179 1.982321910823308
1180 1.981965019711278
1181 1.981608232242409
1182 1.98125161879927
1183 1.981102484648365
1184 1.981027388730258
1185 1.980951035402172
1186 1.98087349310982
1187 1.980794832949513
1188 1.980715122626861
1189 1.980634429278831
1190 1.980552819963664
1191 1.980470358970532
1192 1.980387109780708
1193 1.980303137152423
1194 1.980218504630447
1195 1.980133274751433
1196 1.980047508215968
1197 1.979961266047827
1198 1.979874609519362
1199 1.979787597423135
1200 1.979700284989719
1201 1.979612731163368
1202 1.97952499498598
1203 1.979437132778875
1204 1.979349198824476
1205 1.979261245073548
1206 1.979173326415157
1207 1.979085495595269
1208 1.978997804471422
1209 1.978910303816284
1210 1.978823041366679
1211 1.978736064248571
1212 1.978649419695023
1213 1.978563154541773
1214 1.978477315384541
1215 1.978391947898179
1216 1.978307099990456
1217 1.978222816824216
1218 1.978139142223912
1219 1.978056119377158
1220 1.977973790930629
1221 1.977892198001949
1222 1.977811381042103
1223 1.977731373655008
1224 1.977652218506299
1225 1.977573955473489
1226 1.977496622789762
1227 1.977420257741778
1228 1.977344899149284
1229 1.977270582906145
1230 1.977197345216295
1231 1.977125215401499
1232 1.977054213631454
1233 1.976984373348805
1234 1.976915727709854
1235 1.976848308643139
1236 1.976782148287617
1237 1.976717277704745
1238 1.976653727688998
1239 1.976591542624944
1240 1.976530747673678
1241 1.976471366234311
1242 1.976413422808351
1243 1.976356940084865
1244 1.976301940430294
1245 1.97624844453669
1246 1.976196472531246
1247 1.976146046265824
1248 1.976097184370686
1249 1.976049906075382
1250 1.976004230683066
1251 1.975960175463874
1252 1.975917756380805
1253 1.975877000279905
1254 1.975837924950413
1255 1.975800547012716
1256 1.975764882379518
1257 1.975730947286191
1258 1.975698757074915
1259 1.975668326452975
1260 1.975639669359002
1261 1.975612799980209
1262 1.97558773193254
1263 1.975564434993812
1264 1.975542988968696
1265 1.975523369968117
1266 1.975505590122111
1267 1.975489651372017
1268 1.975475573777143
1269 1.975463378290491
1270 1.975453065154535
1271 1.975444644312694
1272 1.975438125528304
1273 1.975433517967263
1274 1.975430830749354
1275 1.975430073973926
1276 1.975431255810775
1277 1.975434383933466
1278 1.975439462741862
1279 1.975446485045022
1280 1.975455471962279
1281 1.975466429181346
1282 1.975479354930427
1283 1.975494252157678
1284 1.975511127049591
1285 1.975529986130783
1286 1.975550835277014
1287 1.975573680899506
1288 1.975598513076391
1289 1.975625362198226
1290 1.975654219405807
1291 1.975685087597398
1292 1.975717956972471
1293 1.975752854312107
1294 1.97578976880228
1295 1.975828701726998
1296 1.975869641427893
1297 1.975912613945502
1298 1.97595760649885
1299 1.97600460618622
1300 1.976053625761854
1301 1.976104664582383
1302 1.976157721382341
1303 1.976212793159515
1304 1.976323776676262
1305 1.976671989954452
1306 1.977020604253361
1307 1.97736964903449
1308 1.977719089959435
1309 1.978068988525554
1310 1.978419264675066
1311 1.978770021242115
1312 1.97912124181077
1313 1.979472963412227
1314 1.97982514723242
1315 1.980177827591967
1316 1.980531036599439
1317 1.980884713427434
1318 1.981238937714889
1319 1.981593689633622
1320 1.981948957288308
1321 1.982304794564617
1322 1.98266118085314
1323 1.983018125912921
1324 1.983375635651768
1325 1.983733718954309
1326 1.984092376446924
1327 1.98445161629209
1328 1.984811444534512
1329 1.985171844596147
1330 1.985532869670846
1331 1.985894495640951
1332 1.986256705939466
1333 1.986619550693007
1334 1.986983009559788
1335 1.987347084308861
1336 1.987711753824086
1337 1.988077067068071
1338 1.988443001788069
1339 1.988809558455689
1340 1.989176714265973
1341 1.989544517507307
1342 1.98991291997707
1343 1.990281970164664
1344 1.990651643169701
1345 1.991021913341235
1346 1.991392832733734
1347 1.991764377704281
1348 1.992136522414123
1349 1.992509314285101
1350 1.992882700098985
1351 1.993256726214262
1352 1.993631339797696
1353 1.994006587080639
1354 1.994382412242795
1355 1.994758863679912
1356 1.995135886140589
1357 1.995513525767691
1358 1.995891726803753
1359 1.996270532350698
1360 1.996649886624056
1361 1.997029809250702
1362 1.99741031920939
1363 1.997791357596962
1364 1.99817296927473
1365 1.998555123109623
1366 1.998937810643487
1367 1.999320998140562
1368 1.999704703678095
1369 2.000088944273937
1370 2.000473684169724
1371 2.000858887227658
1372 2.001244596953424
1373 2.001630772911382
1374 2.002017377294924
1375 2.002404453302917
1376 2.002791942733463
1377 2.003179817920434
1378 2.00356813301801
1379 2.003956848997769
1380 2.004345926116812
1381 2.004735407317096
1382 2.005125253533861
1383 2.005515425593185
1384 2.005905941513718
1385 2.006296784706171
1386 2.006687941277346
1387 2.00707939762522
1388 2.00747116699196
1389 2.007863179136914
1390 2.008255474994989
1391 2.008648010071746
1392 2.009040741581252
1393 2.009433682675712
1394 2.009826817386276
1395 2.010220129936386
1396 2.010613639090324
1397 2.011007271575716
1398 2.011401039579283
1399 2.011794954138715
1400 2.012188938676706
1401 2.01258300480638
1402 2.012977164771644
1403 2.013371342641725
1404 2.013765549251566
1405 2.014159793870598
1406 2.014554028967908
1407 2.01494823583309
1408 2.015342366204639
1409 2.015736430367722
1410 2.016130437805263
1411 2.016524339093066
1412 2.016918115119581
1413 2.01731174513654
1414 2.017705209768565
1415 2.018098488313848
1416 2.018491560112543
1417 2.018884406279795
1418 2.019277006193538
1419 2.019669338388602
1420 2.020061381221031
1421 2.020453113429603
1422 2.020844512415662
1423 2.02123555696635
1424 2.021626224167091
1425 2.022016460768099
1426 2.022406274460487
1427 2.022795642420747
1428 2.023184541359066
1429 2.023572947470315
1430 2.023960838057841
1431 2.024348189239797
1432 2.024735006461137
1433 2.025121202817971
1434 2.025506785275106
1435 2.025891728904399
1436 2.02627600896342
1437 2.026659603053928
1438 2.027042489007252
1439 2.02742464111298
1440 2.027806033122726
1441 2.028186638625543
1442 2.028566462716067
1443 2.028945414843464
1444 2.02932353254952
1445 2.029700724637419
1446 2.03007702891116
1447 2.030452353579713
1448 2.030826738330605
1449 2.031200097543157
1450 2.031572469636816
1451 2.031943762005067
1452 2.03231401314362
1453 2.032683129935538
1454 2.033051151033418
1455 2.033417982957161
1456 2.033783639559192
1457 2.034148027632853
1458 2.03451086323215
1459 2.034872126022304
1460 2.035231795753859
1461 2.035589851906517
1462 2.03594627402585
1463 2.036301039963741
1464 2.036654129147773
1465 2.037005525155171
1466 2.037355238399691
1467 2.037703179463391
1468 2.03804936351997
1469 2.038393770790639
1470 2.038736415865221
1471 2.039077209130093
1472 2.039416165254359
1473 2.039753263385041
1474 2.040088483768753
1475 2.040421806879743
1476 2.040753212942557
1477 2.041082682309627
1478 2.04141023043345
1479 2.041735766423372
1480 2.042059307127236
1481 2.042380832873469
1482 2.042700323962349
1483 2.043017760698383
1484 2.043333123395305
1485 2.043646392419164
1486 2.043957548157004
1487 2.044266571247761
1488 2.044573442506395
1489 2.044878142462366
1490 2.045180651376302
1491 2.045480949427047
1492 2.045779016690771
1493 2.046074833359813
1494 2.046368379535787
1495 2.046659635485347
1496 2.046948581740062
1497 2.047235198779846
1498 2.047519466684081
1499 2.047801365378044
1500 2.048080875399222
1501 2.048357976150049
1502 2.04863264730441
1503 2.048904869573807
1504 2.049174623683044
1505 2.04944189037752
1506 2.049706650030966
1507 2.049968883198259
1508 2.050228570524021
1509 2.050485692724916
1510 2.050740230613891
1511 2.050992165095086
1512 2.051241477163563
1513 2.051488147897826
1514 2.051732158910018
1515 2.051973491544248
1516 2.052212127148406
1517 2.052448046923703
1518 2.052681232723999
1519 2.052911666154648
1520 2.053139328790775
1521 2.053364202427153
1522 2.053586268919265
1523 2.053805510206882
1524 2.05402190847389
1525 2.054235446071912
1526 2.05444610555896
1527 2.054653869672785
1528 2.054858721533749
1529 2.055060644480973
1530 2.055259621750839
1531 2.055455636639956
1532 2.055648672821334
1533 2.055838714391767
1534 2.056025745367115
1535 2.056209749614136
1536 2.056390711751667
1537 2.056568616244933
1538 2.056743447651953
1539 2.056915191070884
1540 2.057083831690229
1541 2.057249354646785
1542 2.057411731693459
1543 2.057570947021743
1544 2.057727001511589
1545 2.057879881032818
1546 2.058029571442261
1547 2.05817605919151
1548 2.058319330562081
1549 2.058459371950312
1550 2.058596170309706
1551 2.05872971290563
1552 2.05885998702039
1553 2.058986981434091
1554 2.05911068479432
1555 2.059231082689112
1556 2.059348163289023
1557 2.059461914940206
1558 2.05957232620608
1559 2.059679385886107
1560 2.059783082952852
1561 2.059883406661942
1562 2.059980348493958
1563 2.060073898166523
1564 2.060164045404927
1565 2.060250778383694
1566 2.060334084002887
1567 2.060413952676232
1568 2.060490375095526
1569 2.060563342258058
1570 2.060632845339749
1571 2.060698875849169
1572 2.060761425687328
1573 2.060820488506375
1574 2.060876057175282
1575 2.06092812424505
1576 2.060976681874406
1577 2.061021723712732
1578 2.061063243927117
1579 2.061101236285772
1580 2.061135695266657
1581 2.06116661540067
1582 2.0611939915166
1583 2.061217819178568
1584 2.061238093840243
1585 2.061254811225532
1586 2.061267967240339
1587 2.061277558549357
1588 2.061283582079546
1589 2.061286034728199
1590 2.061284913632211
1591 2.061280217287722
1592 2.061271943781795
1593 2.061260090999716
1594 2.06124465771963
1595 2.061225642712721
1596 2.061203044965279
1597 2.061176863806989
1598 2.061147099029903
1599 2.061113750760955
1600 2.061076819444675
1601 2.061036305827209
1602 2.060992210920388
1603 2.06094453612979
1604 2.06089328315393
1605 2.060838454016182
1606 2.060780051103032
1607 2.06071807714243
1608 2.06065253638696
1609 2.060583436489396
1610 2.060510774189852
1611 2.060434560983784
1612 2.060354802976039
1613 2.060271505863516
1614 2.06018467584122
1615 2.060094319198574
1616 2.06000044041119
1617 2.059903044992363
1618 2.059802138887908
1619 2.059697729830601
1620 2.059589823428592
1621 2.059478426970018
1622 2.059363547112346
1623 2.059245192866762
1624 2.059123372020523
1625 2.058998091634495
1626 2.058869352231164
1627 2.058737162653838
1628 2.058601531905163
1629 2.058462469458192
1630 2.058319984733467
1631 2.058174088626443
1632 2.05802479091344
1633 2.057872102393611
1634 2.057716034796363
1635 2.057556599286257
1636 2.057393806901242
1637 2.057227672070167
1638 2.057058207395289
1639 2.056885424399844
1640 2.056709334768915
1641 2.056529951551044
1642 2.056347287995057
1643 2.056161358155657
1644 2.055972175227544
1645 2.055779753296
1646 2.055584106404787
1647 2.05538524926532
1648 2.055183195710752
1649 2.054977959672946
1650 2.054769556631192
1651 2.054557996305121
1652 2.05434329926381
1653 2.054125472094751
1654 2.053904522811615
1655 2.053680468464049
1656 2.05345332506503
1657 2.053223109404185
1658 2.052989838710308
1659 2.052753459419202
1660 2.052514133525601
1661 2.05227180512733
1662 2.052026490639209
1663 2.051778208052104
1664 2.051526975569788
1665 2.051272812383616
1666 2.051015711484072
1667 2.05075574432199
1668 2.050492904395903
1669 2.050227209223058
1670 2.049958669757607
1671 2.049687291782492
1672 2.049413148776858
1673 2.049139446451635
1674 2.048939597234715
1675 2.048736809677427
1676 2.048531070673849
1677 2.048322460812768
1678 2.048110966533326
1679 2.047896606059201
1680 2.047679432023279
1681 2.047459567492167
1682 2.047237034339437
1683 2.047011855421873
1684 2.046784053836557
1685 2.046553653437047
1686 2.04632067670441
1687 2.046085146999999
1688 2.045847087728923
1689 2.045606523160572
1690 2.045363476155024
1691 2.045117970341348
1692 2.044869997038429
1693 2.044619636896908
1694 2.044366883206194
1695 2.044111760519309
1696 2.043854294181235
1697 2.043594510299525
1698 2.043332433179136
1699 2.043068087857928
1700 2.042801499707436
1701 2.042532694735722
1702 2.04226169733653
1703 2.041988525813201
1704 2.041713181091976
1705 2.041435753582932
1706 2.041156236949287
1707 2.040874656296238
1708 2.040591037395399
1709 2.040305373905881
1710 2.040017756951702
1711 2.039728178555901
1712 2.039436631135263
1713 2.039143206206116
1714 2.038847863425871
1715 2.038550694925152
1716 2.038251657608947
1717 2.037950844767689
1718 2.037648246652692
1719 2.037343853333342
1720 2.037037756933308
1721 2.036729914326314
1722 2.036420419170372
1723 2.036109261249882
1724 2.035796397177352
1725 2.03548198904542
1726 2.035165991344289
1727 2.03484839240603
1728 2.034529288038569
1729 2.034208667063572
1730 2.033886515716825
1731 2.033562894262105
1732 2.033237826179618
1733 2.032911331630315
1734 2.032583427713824
1735 2.032254142038207
1736 2.031923501578896
1737 2.031591529682865
1738 2.031258252852456
1739 2.03092365219437
1740 2.030587821534164
1741 2.030250786980562
1742 2.02991249393159
1743 2.029573002997946
1744 2.029232375846643
1745 2.028890595312852
1746 2.028547645056816
1747 2.028203587670979
1748 2.027858483041094
1749 2.027512314418765
1750 2.027166628133855
1751 2.026819904178985
1752 2.026470592590614
1753 2.026120304978805
1754 2.025769063057888
1755 2.025416888356983
1756 2.025063802258751
1757 2.024709787447692
1758 2.02435494995585
1759 2.023999275308247
1760 2.023642784361207
1761 2.023285539677504
1762 2.022927481574363
1763 2.022568705926462
1764 2.022209191794292
1765 2.021848917193937
1766 2.021487983834427
1767 2.021126369804579
1768 2.020764052052205
1769 2.02040113275871
1770 2.020037507901674
1771 2.019673314430364
1772 2.019308487795249
1773 2.018943129468791
1774 2.018577174135182
1775 2.018210685603435
1776 2.017843721648202
1777 2.017476249587503
1778 2.017108256244272
1779 2.016739873188849
1780 2.016370990982493
1781 2.016001670913748
1782 2.015631931177956
1783 2.01526183160795
1784 2.014891302592591
1785 2.014520404020783
1786 2.014149152224413
1787 2.01377756394682
1788 2.013405654259888
1789 2.013033439972573
1790 2.012660935778424
1791 2.012288157070649
1792 2.011915083423371
1793 2.011541766301587
1794 2.011168220495129
1795 2.010794460579512
1796 2.010420537022207
1797 2.010046390400952
1798 2.009672108505719
1799 2.009297667868993
1800 2.008923046160683
1801 2.008548330912808
1802 2.008173497658728
1803 2.007798564315006
1804 2.007423550119468
1805 2.007048469162712
1806 2.006673333661269
1807 2.0062981200522
1808 2.00592291615345
1809 2.005547699075402
1810 2.005172441792175
1811 2.004797231671195
1812 2.004422042394231
1813 2.004046886396431
1814 2.003671774300001
1815 2.003296718564422
1816 2.002921720780051
1817 2.002546801651019
1818 2.002171971824038
1819 2.001797243686329
1820 2.001422627760675
1821 2.001048136338554
1822 2.000673780480219
1823 2.000299534117313
1824 1.999925446497537
1825 1.99955156635688
1826 1.999177827914538
1827 1.998804280167039
1828 1.998430971856341
1829 1.99805783816705
1830 1.997684927951256
1831 1.997312290335417
1832 1.996939858799125
1833 1.996567721153423
1834 1.996195848890583
1835 1.995824251366333
1836 1.995452900471202
1837 1.995081883947532
1838 1.994711172376871
1839 1.994340775654984
1840 1.993970665089478
1841 1.993600934780414
1842 1.993231554277206
1843 1.992862492798119
1844 1.992493838626037
1845 1.992125559375157
1846 1.991757624562081
1847 1.991390121135778
1848 1.991022977345798
1849 1.990656280275572
1850 1.990289957868725
1851 1.989924096502126
1852 1.989558624183636
1853 1.989193627869807
1854 1.988829033967755
1855 1.988464929908253
1856 1.988101242181997
1857 1.987738058188832
1858 1.987375299612486
1859 1.987013056291769
1860 1.986651256681821
1861 1.986289987962312
1862 1.98592917544518
1863 1.985568866754362
1864 1.985209108504684
1865 1.984849865744651
1866 1.984491143578703
1867 1.984132907971793
1868 1.98377520643683
1869 1.983418085468529
1870 1.983061509180295
1871 1.982705482090686
1872 1.982349969279244
1873 1.981995018019263
1874 1.981665481743837
1875 1.981368101430602
1876 1.981071091360072
1877 1.980774519049829
1878 1.980478393188667
1879 1.980182722771752
1880 1.979887514486018
1881 1.979592777524412
1882 1.979298577628027
1883 1.979004806627571
1884 1.978711589127472
1885 1.978418816626586
1886 1.978126556576681
1887 1.977834816304143
1888 1.977543604045526
1889 1.977252926674473
1890 1.976962792184695
1891 1.976673207308224
1892 1.976384179871232
1893 1.976095713215207
1894 1.975807817574291
1895 1.975520499579224
1896 1.97523376635065
1897 1.974947683106585
1898 1.974662137576837
1899 1.974377197567962
1900 1.974092928375286
1901 1.973809216022637
1902 1.973526127285182
1903 1.973243727520166
1904 1.972961902162136
1905 1.972680718717142
1906 1.972400242202243
1907 1.972120416911489
1908 1.97184118740768
1909 1.971562621473024
1910 1.971284784106661
1911 1.971007620573017
1912 1.970731135457356
1913 1.970455271415751
1914 1.970180095664249
1915 1.969905675063031
1916 1.969631951621105
1917 1.969358928905518
1918 1.969086610556113
1919 1.968815000100265
1920 1.968544101045201
1921 1.968273916806584
1922 1.968004443286923
1923 1.967735679628839
1924 1.967467628039294
1925 1.967200291561514
1926 1.966933660858962
1927 1.966667750943096
1928 1.966402564465834
1929 1.96613810398689
1930 1.96587437192326
1931 1.965611308680419
1932 1.965348979374822
1933 1.965087386834002
1934 1.964826533134392
1935 1.964566420208238
1936 1.964307048617433
1937 1.964048419522152
1938 1.963790534411659
1939 1.963533394647326
1940 1.963277064601902
1941 1.963021486407822
1942 1.962766601857388
1943 1.962512539979831
1944 1.962259173106346
1945 1.962006566089847
1946 1.961754721715858
1947 1.961503641265781
1948 1.961253324455341
1949 1.961003771071417
1950 1.960755045200223
1951 1.960507016463503
1952 1.960259814645516
1953 1.960013308551037
1954 1.959767626654433
1955 1.959522637423683
1956 1.959278406272707
1957 1.959034997378952
1958 1.958792279831165
1959 1.958550384820676
1960 1.958309178986513
1961 1.95806872783704
1962 1.957829095519376
1963 1.957590147619157
1964 1.957351949670256
1965 1.957114565855384
1966 1.956877860852994
1967 1.956641900220787
1968 1.956406681907796
1969 1.956172270093752
1970 1.955938528090591
1971 1.955705521973602
1972 1.95547324893769
1973 1.955241706091151
1974 1.95501089027815
1975 1.954780865466705
1976 1.954551492742072
1977 1.954322837409124
1978 1.95409489625125
1979 1.953867665852555
1980 1.953641142520875
1981 1.953415319472671
1982 1.953190171453882
1983 1.952965683853745
1984 1.952741878435099
1985 1.95251875383456
1986 1.952296299700345
1987 1.952074519211812
1988 1.951853408623174
1989 1.951632964144915
1990 1.951413183917856
1991 1.951194066940199
1992 1.950975607983785
1993 1.950757800489146
1994 1.950540642111522
1995 1.950324129488208
1996 1.950108258375748
1997 1.949893024343809
1998 1.949678422850541
1999 1.949464449226981
2000 1.949251098706928
2001 1.949038366392903
2002 1.948826247278651
2003 1.948614736277559
2004 1.948403828240975
2005 1.948193517962086
2006 1.947983800093424
2007 1.947774669189474
2008 1.947566119719661
2009 1.947358146083359
2010 1.947150742658297
2011 1.946943906430497
2012 1.946737632867523
2013 1.946531915908587
2014 1.946326749769393
2015 1.946122128538604
2016 1.945918045680489
2017 1.945714495221451
2018 1.945511471442493
2019 1.945308968234033
2020 1.945106979695033
2021 1.944905499705863
2022 1.944704522048545
2023 1.944504040491532
2024 1.944304048714903
2025 1.944104540131631
2026 1.943905508224461
2027 1.94370694636319
2028 1.943508848278767
2029 1.943311207771411
2030 1.943114017971387
2031 1.942917272445897
2032 1.9427209648911
2033 1.942525086809354
2034 1.942329630743783
2035 1.942134590026485
2036 1.941939957933649
2037 1.941745727769749
2038 1.941551892855294
2039 1.941358446169008
2040 1.941165378219735
2041 1.940972682538065
2042 1.940780352724808
2043 1.940588381865106
2044 1.940396762685059
2045 1.940205489139082
2046 1.94001455533804
2047 1.939823954253895
2048 1.93963367890846
2049 1.939443722390764
2050 1.939254077855712
2051 1.93906473854964
2052 1.938875697815934
2053 1.93868694909137
2054 1.938498486922226
2055 1.938310303730663
2056 1.938122392441853
2057 1.937934746683523
2058 1.937747359288966
2059 1.937560223635522
2060 1.937373333231987
2061 1.937186681818153
2062 1.937000263318433
2063 1.936814071849719
2064 1.936628101693009
2065 1.936442347358742
2066 1.936256803494385
2067 1.936071464805671
2068 1.935886326236028
2069 1.935701382823074
2070 1.935516629805389
2071 1.935332062567952
2072 1.935147675409907
2073 1.934963464919737
2074 1.934779419836754
2075 1.934595532675401
2076 1.934411799698396
2077 1.934228216294646
2078 1.934044777741513
2079 1.933861479986822
2080 1.933678329282829
2081 1.933495322828344
2082 1.933312457278523
2083 1.933129729904177
2084 1.932947139908316
2085 1.932764684200554
2086 1.932582360543398
2087 1.932400166294369
2088 1.932218098763866
2089 1.932036155272571
2090 1.931854332685407
2091 1.931672628336805
2092 1.931491039903054
2093 1.931309565191858
2094 1.931128202158749
2095 1.930946948848546
2096 1.930789427632021
2097 1.930654652866021
2098 1.930520013311991
2099 1.930385508295771
2100 1.930251136343325
2101 1.930116906345219
2102 1.929982818102616
2103 1.929848869747106
2104 1.929715060005502
2105 1.929581404085281
2106 1.92944790578468
2107 1.92931456251775
2108 1.929181371851034
2109 1.929048331404765
2110 1.928915438847483
2111 1.928782690492046
2112 1.928650082111214
2113 1.928517621639861
2114 1.928385307700537
2115 1.92825313786867
2116 1.928121110397244
2117 1.927989220465794
2118 1.927857463819411
2119 1.927725838563549
2120 1.927594342802961
2121 1.927462974669128
2122 1.927331732322545
2123 1.927200614234138
2124 1.927069611831458
2125 1.926938689426102
2126 1.926807849064843
2127 1.926677092700157
2128 1.926546422150836
2129 1.926415839097518
2130 1.926285345087588
2131 1.926154941310471
2132 1.92602462617891
2133 1.925894399784839
2134 1.925764261545537
2135 1.92563421089556
2136 1.925504247943804
2137 1.925374371334572
2138 1.925244580793368
2139 1.92511487583318
2140 1.924985256015484
2141 1.924855720998394
2142 1.924726270334197
2143 1.924596903497814
2144 1.92446762029823
2145 1.924338420690281
2146 1.924209304533904
2147 1.924080271583046
2148 1.923951321906621
2149 1.923822454847542
2150 1.923693670431367
2151 1.923564968244454
2152 1.923436349228329
2153 1.923307814369609
2154 1.92317936464504
2155 1.923051001050569
2156 1.922922724595024
2157 1.922794536441071
2158 1.922666437651412
2159 1.92253842953019
2160 1.922410513492514
2161 1.922282690928527
2162 1.922154963214211
2163 1.922027331746641
2164 1.921899797878852
2165 1.921772362958869
2166 1.921645028581602
2167 1.921517796824473
2168 1.921390669060863
2169 1.921263646739171
2170 1.921136731301615
2171 1.921009924036695
2172 1.920883227077421
2173 1.920756643046754
2174 1.920630174315734
2175 1.920503823181305
2176 1.920377591897906
2177 1.920251483999194
2178 1.920125501917381
2179 1.919999647042303
2180 1.919873921378014
2181 1.919748327061138
2182 1.919622866055183
2183 1.919497549932492
2184 1.919372381918969
2185 1.919247360740235
2186 1.919122485192043
2187 1.918997754163487
2188 1.91887316664837
2189 1.918748721722858
2190 1.918624418499744
2191 1.918500256144526
2192 1.918376233683514
2193 1.918252350361033
2194 1.918128605579603
2195 1.918004998792585
2196 1.917881529480232
2197 1.91775819733319
2198 1.917635003318938
2199 1.917511947060107
2200 1.917389028210031
2201 1.917266247545156
2202 1.917143604998865
2203 1.917021100658084
2204 1.916898734578999
2205 1.916776505079169
2206 1.916654411170397
2207 1.916532452889079
2208 1.916410626450276
2209 1.916288932204509
2210 1.916167378543478
2211 1.916045962221127
2212 1.915924679388685
2213 1.915803526523683
2214 1.915682499356915
2215 1.91556159807788
2216 1.915440818774216
2217 1.915320158767013
2218 1.915199618384178
2219 1.915079189590147
2220 1.914958875594523
2221 1.914838677199463
2222 1.914718601538462
2223 1.914598647702194
2224 1.914478815332907
2225 1.914359104679727
2226 1.914239516208101
2227 1.914120052430246
2228 1.914000715951467
2229 1.913881508567307
2230 1.913762432093843
2231 1.913643487736713
2232 1.91352467664239
2233 1.913405999973561
2234 1.913287459128543
2235 1.913169055753128
2236 1.913050792033682
2237 1.912932671809418
2238 1.912814698776311
2239 1.912696876335786
2240 1.912579207015908
2241 1.912461604142228
2242 1.912344256330143
2243 1.912227070589148
2244 1.912110049622455
2245 1.91199320216964
2246 1.911876528807934
2247 1.911760032050157
2248 1.911643716292914
2249 1.911527581844866
2250 1.911411630998401
2251 1.911295867899794
2252 1.911180292427254
2253 1.911064906619695
2254 1.910949714883726
2255 1.910834718135835
2256 1.910719918083822
2257 1.91060531855164
2258 1.910490393870007
2259 1.910376205434446
2260 1.910262126398544
2261 1.910148253820978
2262 1.910034588935237
2263 1.909921132919949
2264 1.909807887137293
2265 1.909694853136174
2266 1.909582032338368
2267 1.909469426035445
2268 1.909357035515834
2269 1.909244861741183
2270 1.909132905679644
2271 1.909021155286379
2272 1.90890972056597
2273 1.908798505805742
2274 1.908687508994525
2275 1.908576730159423
2276 1.908466074289403
2277 1.908355639640631
2278 1.908245426360565
2279 1.908135434539265
2280 1.908025761739695
2281 1.907916309759697
2282 1.907807076285049
2283 1.907698061228681
2284 1.907589168362837
2285 1.907480496091997
2286 1.907372142083614
2287 1.907264019318337
2288 1.907156127324032
2289 1.907048467284517
2290 1.906941035884219
2291 1.906833832018647
2292 1.906726758075025
2293 1.906619911901671
2294 1.906513391069347
2295 1.906407094685016
2296 1.906301019422437
2297 1.906195166310514
2298 1.90608953206137
2299 1.905984117697205
2300 1.905878919898664
2301 1.905773939565099
2302 1.905669173391193
2303 1.90556462248874
2304 1.905460283313188
2305 1.905356156702996
2306 1.90525223895619
2307 1.905148531512382
2308 1.905045031617358
2309 1.90494174095102
2310 1.904838656722732
2311 1.904735780640666
2312 1.904633110131792
2313 1.904530547278775
2314 1.904428191741408
2315 1.904326142114348
2316 1.904224298043959
2317 1.904122655539658
2318 1.904021218698571
2319 1.903919985371862
2320 1.903818858010274
2321 1.903717937132913
2322 1.903617322110824
2323 1.9035168130553
2324 1.903416510688177
2325 1.903316514665377
2326 1.903216725500497
2327 1.903117140495641
2328 1.903017662110893
2329 1.902918490863607
2330 1.90281952655747
2331 1.902720767196768
2332 1.902622115759874
2333 1.902523673609683
2334 1.90242554057038
2335 1.902327516802065
2336 1.902229704041549
2337 1.902132201638125
2338 1.902034789739567
2339 1.901937670275575
2340 1.901846775524187
2341 1.901778797341189
2342 1.901710725193118
2343 1.901642788112699
2344 1.901574872278141
2345 1.901506974768645
2346 1.901438982724603
2347 1.901371121704731
2348 1.901303279272315
2349 1.901235452191945
2350 1.901167528176216
2351 1.901099734189873
2352 1.901031841376173
2353 1.900963962930254
2354 1.900896211393635
2355 1.900828343840753
2356 1.900760601653037
2357 1.900692869700968
2358 1.900625144439717
2359 1.900557313259875
2360 1.900489603337212
2361 1.900421785290731
2362 1.900354086725195
2363 1.900286392374765
2364 1.900218698752941
2365 1.90015089319801
2366 1.900083203230528
2367 1.900015510482147
2368 1.899947696847409
2369 1.899879884707849
2370 1.899812073973586
2371 1.899744378344746
2372 1.899676683258631
2373 1.899608873351462
2374 1.899541063604888
2375 1.899473253569057
2376 1.899405556658909
2377 1.899337857997402
2378 1.899270154466575
2379 1.899202333663677
2380 1.899134623024651
2381 1.899066792954041
2382 1.89899907145736
2383 1.898931343252307
2384 1.898863604946192
2385 1.898795743782586
2386 1.898727987396301
2387 1.898660220514425
2388 1.898592327287596
2389 1.898524537476154
2390 1.898456732657622
2391 1.898388914417477
2392 1.898320966891149
2393 1.898253004392946
2394 1.898185025911571
2395 1.898117144266128
2396 1.898049244328068
2397 1.897981322644247
2398 1.897913266523849
2399 1.897845302289454
2400 1.897777313379694
2401 1.897709183814469
2402 1.897641142102212
2403 1.897573067908783
2404 1.897504962362529
2405 1.897436709644582
2406 1.897368538103011
2407 1.897300329471581
2408 1.897232085509539
2409 1.897163804555886
2410 1.897095374273594
2411 1.897027021187121
2412 1.896958516563743
2413 1.896889973616196
2414 1.896821504524666
2415 1.896752994596895
2416 1.896684440287654
2417 1.896615729648311
2418 1.896546975814059
2419 1.896478290844316
2420 1.896409447031316
2421 1.8963405572699
2422 1.896271733454844
2423 1.896202880004954
2424 1.896133887646311
2425 1.896064983306581
2426 1.895996049795553
2427 1.89592697494487
2428 1.89585787127014
2429 1.895788849821775
2430 1.895719796494111
2431 1.895650707479284
2432 1.895581583861174
2433 1.895512421811856
2434 1.895443222878738
2435 1.89537386201473
2436 1.895304574992926
2437 1.895235244281509
2438 1.895165870955352
2439 1.895096451224358
2440 1.895026986209263
2441 1.894957472381121
2442 1.894887798522883
2443 1.894818188980674
2444 1.894748415567327
2445 1.894678703874336
2446 1.894608936873863
2447 1.894539115570518
2448 1.894469236093105
2449 1.894399299398388
2450 1.894329301583278
2451 1.894259243573168
2452 1.894189121591414
2453 1.894118936555248
2454 1.894048684483999
2455 1.893978366299075
2456 1.893907978040247
2457 1.893837408516201
2458 1.893766880370172
2459 1.893696277519791
2460 1.893625600185053
2461 1.89355484388177
2462 1.893484009477105
2463 1.893413093067985
2464 1.893341983907289
2465 1.893270903630178
2466 1.893199736679568
2467 1.893128372477709
2468 1.893057032253575
2469 1.892985600634826
2470 1.892913967262618
2471 1.892842352857271
2472 1.892770642225583
2473 1.892698725155184
2474 1.892626821997594
2475 1.892554817714951
2476 1.892482602210359
2477 1.892410395552345
2478 1.892338082822106
2479 1.892265554636721
2480 1.892192920835114
2481 1.892120290137215
2482 1.892047547965551
2483 1.891974584376568
2484 1.891901507770165
2485 1.891828317393752
2486 1.891755121732696
2487 1.891681805607389
2488 1.891608257964251
2489 1.891534589821029
2490 1.891460799504203
2491 1.891386995417339
2492 1.89131306332445
2493 1.891239001614023
2494 1.891164701310708
2495 1.891090270552424
2496 1.891015817262881
2497 1.89094122780715
2498 1.890866502916836
2499 1.890791638619691
2500 1.890716633348533
2501 1.890641487834915
2502 1.890566198127451
2503 1.890490762668857
2504 1.890415073153177
2505 1.890339237976464
2506 1.890263255645853
2507 1.890187124837489
2508 1.890110843660084
2509 1.890034519403692
2510 1.889958038673363
2511 1.889881399921647
2512 1.88980449504684
2513 1.889727540218963
2514 1.889650422676302
2515 1.889573140920969
2516 1.889495695718658
2517 1.889418083189996
2518 1.889340301844973
2519 1.889262243830661
2520 1.889184016360268
2521 1.889105617971852
2522 1.889027153656262
2523 1.888948515541686
2524 1.88886969989182
2525 1.88879070535106
2526 1.88871142462826
2527 1.888631964843157
2528 1.888552430545267
2529 1.888472714278426
2530 1.888392812409173
2531 1.888312723678538
2532 1.888232446845063
2533 1.888151875232409
2534 1.888071223030325
2535 1.88799037898382
2536 1.887909341929024
2537 1.887828110093781
2538 1.887746684396432
2539 1.887665062262964
2540 1.887583242615599
2541 1.887501224389244
2542 1.887418901501558
2543 1.887336485287553
2544 1.887253869633017
2545 1.887171051220202
2546 1.887088029083603
2547 1.88700480227874
2548 1.886921265192182
2549 1.886837628547736
2550 1.886753680009306
2551 1.886669629996022
2552 1.8865853731624
2553 1.886500906359788
2554 1.88641622879776
2555 1.886331339679647
2556 1.88624623824055
2557 1.886160925905639
2558 1.886075399599259
2559 1.885989658594597
2560 1.885903702195511
2561 1.885817531774679
2562 1.88573104076945
2563 1.885644438342657
2564 1.885557617849831
2565 1.885470582961422
2566 1.885383328666882
2567 1.885338467751094
2568 1.885387529932436
2569 1.885435538277359
2570 1.885482490457546
2571 1.885528383628542
2572 1.885573215420339
2573 1.885616983881725
2574 1.885659686878039
2575 1.885701319845941
2576 1.885741883131086
2577 1.885781374970405
2578 1.885819790705953
2579 1.885857136331727
2580 1.885893405195877
2581 1.885928595601605
2582 1.885962703327016
2583 1.885995736755756
2584 1.886027694812146
2585 1.886058575887547
2586 1.886088378173704
2587 1.886117099990019
2588 1.886144739729181
2589 1.886171297332506
2590 1.88619676700965
2591 1.886221152319745
2592 1.886244449548988
2593 1.8862666576967
2594 1.886287772937055
2595 1.886307798464759
2596 1.886326733124966
2597 1.88634457112044
2598 1.886361313129662
2599 1.886376960658149
2600 1.886391510632689
2601 1.886404959953399
2602 1.886417307553422
2603 1.886428557502217
2604 1.886438706829761
2605 1.8864477577733
2606 1.886455709842547
2607 1.886462561491767
2608 1.886468313152845
2609 1.886472965382997
2610 1.886476521447333
2611 1.886478979322773
2612 1.886480337113835
2613 1.886480600579862
2614 1.886479765384778
2615 1.886477837563613
2616 1.886474815419746
2617 1.886470699992402
2618 1.886465489744103
2619 1.886459188136361
2620 1.886451806591645
2621 1.886443349036715
2622 1.886433803594055
2623 1.886423172254574
2624 1.886411456541291
2625 1.886398656239124
2626 1.886384779716108
2627 1.886369826298407
2628 1.88635379803273
2629 1.886336696975546
2630 1.886318525394119
2631 1.886299285601155
2632 1.886278980082938
2633 1.886257611171464
2634 1.886235176079028
2635 1.886211687822524
2636 1.886187144083046
2637 1.886161545154091
2638 1.886134896633754
2639 1.886107204407223
2640 1.886078469812144
2641 1.886048696033222
2642 1.886017886066681
2643 1.885986043011582
2644 1.885953167477292
2645 1.885919265366254
2646 1.885884342738464
2647 1.885848397822605
2648 1.885811436779786
2649 1.885773466117159
2650 1.885734484306167
2651 1.885694498126523
2652 1.885653514289958
2653 1.885611531609414
2654 1.88556855672706
2655 1.885524596432434
2656 1.885479649674039
2657 1.885433726020164
2658 1.88538682724856
2659 1.885338955196341
2660 1.885290117361072
2661 1.885240320557958
2662 1.885189567144385
2663 1.885137862050794
2664 1.88508520764978
2665 1.885031614260358
2666 1.884977081677158
2667 1.884921617689814
2668 1.884865230070936
2669 1.884807918846681
2670 1.884749694730236
2671 1.884690557782088
2672 1.884630516075178
2673 1.884569577774557
2674 1.884507743094769
2675 1.884445022925154
2676 1.88438141756276
2677 1.884316938025875
2678 1.884251587452964
2679 1.884185368856109
2680 1.884118293299446
2681 1.884050363856567
2682 1.883981583768779
2683 1.883911964468192
2684 1.883841506758245
2685 1.883770222370047
2686 1.883698115052579
2687 1.883625188432149
2688 1.883551454273855
2689 1.883476913622008
2690 1.883401575593036
2691 1.88332544665603
2692 1.883248535968075
2693 1.883170844746858
2694 1.883092384982841
2695 1.88301315791448
2696 1.882933175843924
2697 1.882852445408734
2698 1.882770967666097
2699 1.882688754920119
2700 1.882605808516534
2701 1.882522137918592
2702 1.882437749991707
2703 1.882352654325967
2704 1.882266852441915
2705 1.882180356622785
2706 1.88209316840789
2707 1.88200530012013
2708 1.881916753341802
2709 1.881827540422736
2710 1.881737662981692
2711 1.881647133418228
2712 1.88155595613121
2713 1.881464135341921
2714 1.881371683562146
2715 1.881278602479322
2716 1.881184904461978
2717 1.881090591397211
2718 1.880995676056215
2719 1.880900160251965
2720 1.880804053867806
2721 1.880707364105907
2722 1.88061010104216
2723 1.880512266498703
2724 1.880413873039423
2725 1.880314922874347
2726 1.880215429098031
2727 1.88011539368151
2728 1.880014829329945
2729 1.879913738070109
2730 1.879812132685961
2731 1.879710015208492
2732 1.879607398446323
2733 1.879504287248316
2734 1.879400689097126
2735 1.879296611475424
2736 1.879192062018854
2737 1.879087045536521
2738 1.878981575012409
2739 1.878875652679969
2740 1.878769291628047
2741 1.878662494142345
2742 1.878555270554778
2743 1.87844762858363
2744 1.878339578707937
2745 1.878231123345092
2746 1.878122275668123
2747 1.878013038132244
2748 1.877903423951643
2749 1.877793435465525
2750 1.877683085862164
2751 1.877572380339086
2752 1.877461326758193
2753 1.877349932951944
2754 1.877238206872909
2755 1.877126151223533
2756 1.877013781534178
2757 1.876901103325399
2758 1.87678812460073
2759 1.876674856078156
2760 1.876561302846321
2761 1.876447470540718
2762 1.87633337258196
2763 1.876219014620909
2764 1.876104404938771
2765 1.875989551625972
2766 1.875874462871738
2767 1.875759144114408
2768 1.875643606195632
2769 1.875527857311207
2770 1.875411905888161
2771 1.87529575975042
2772 1.87517943003437
2773 1.875062922375013
2774 1.874946242373362
2775 1.874829400893172
2776 1.874712406266017
2777 1.87459526950312
2778 1.874477993648078
2779 1.87436059237518
2780 1.874243071418751
2781 1.874125436376971
2782 1.874007698257745
2783 1.87388986533952
2784 1.873771948654329
2785 1.873653951246295
2786 1.873535886804549
2787 1.873417761097651
2788 1.873299579800552
2789 1.873181353957364
2790 1.873063092022316
2791 1.87294480504509
2792 1.872826498833433
2793 1.87270817910578
2794 1.872589856920054
2795 1.872471540695619
2796 1.872353241546658
2797 1.872234965364042
2798 1.872116717848748
2799 1.871998510145485
2800 1.871880350702529
2801 1.871762250531669
2802 1.871644215491974
2803 1.871526251371491
2804 1.871408370578975
2805 1.871290578593685
2806 1.871172883995653
2807 1.871055292525762
2808 1.870937815574466
2809 1.870820463970335
2810 1.870703241221916
2811 1.870586158040882
2812 1.87046922571785
2813 1.870352450083113
2814 1.870235836932584
2815 1.87011939715015
2816 1.87000314179752
2817 1.869887074063474
2818 1.869771204926692
2819 1.869655545462396
2820 1.86954009881118
2821 1.869424875940636
2822 1.869309887909164
2823 1.869195137694211
2824 1.869080636023652
2825 1.86896639112569
2826 1.868852414001043
2827 1.868738710305856
2828 1.868625285513811
2829 1.868512153013256
2830 1.868399318261772
2831 1.868286786757907
2832 1.868174571741522
2833 1.868062676001729
2834 1.867951112756946
2835 1.867839887416847
2836 1.867729005293457
2837 1.867618479537455
2838 1.867508312881169
2839 1.867398518748534
2840 1.867289102373105
2841 1.867180071726385
2842 1.867071434543226
2843 1.86696319867693
2844 1.866855371745201
2845 1.86674795883034
2846 1.86664097219329
2847 1.866534416674666
2848 1.866428299923901
2849 1.86632262687381
2850 1.866217405032919
2851 1.866112649537096
2852 1.866008362919598
2853 1.865904552617276
2854 1.865801225978213
2855 1.865698387911433
2856 1.865596048146846
2857 1.865494216521497
2858 1.865392897807669
2859 1.865292099205921
2860 1.865191827821933
2861 1.865092090856218
2862 1.864992895277796
2863 1.864894245552199
2864 1.864796153844081
2865 1.864698624358791
2866 1.864601664144926
2867 1.864505277507606
2868 1.86440947368636
2869 1.864314262075382
2870 1.864219646803157
2871 1.864125632013815
2872 1.864032229386975
2873 1.863939442919117
2874 1.863847279206728
2875 1.863755744614891
2876 1.863664842975309
2877 1.863574585760523
2878 1.863484976667428
2879 1.863396019386961
2880 1.863307722698106
2881 1.863220095244964
2882 1.863133140575087
2883 1.863046862233816
2884 1.862961271238653
2885 1.862876370978213
2886 1.862792164826
2887 1.862708663405591
2888 1.862625870093708
2889 1.862543788125128
2890 1.862462425589925
2891 1.862381788133034
2892 1.862301881218067
2893 1.862222710351563
2894 1.862144283548572
2895 1.862066603598643
2896 1.861989675840872
2897 1.861913505512591
2898 1.861838095242389
2899 1.861763450124281
2900 1.861689577703156
2901 1.861616485527761
2902 1.86154417857997
2903 1.861472659234309
2904 1.861401929647567
2905 1.861444911106522
2906 1.861610213689824
2907 1.861776413590833
2908 1.861943486996089
2909 1.862111410729448
2910 1.862280161521395
2911 1.862449716568587
2912 1.862620052186676
2913 1.862791145476455
2914 1.862962974927091
2915 1.863135518931788
2916 1.86330875577721
2917 1.863482663293187
2918 1.863657219415343
2919 1.863832401874071
2920 1.864008188827749
2921 1.864184558441061
2922 1.864361489442507
2923 1.86453896078648
2924 1.864716951757371
2925 1.86489544218389
2926 1.865074412051953
2927 1.865253841562038
2928 1.865433711131768
2929 1.865614001798946
2930 1.86579469478512
2931 1.865975771459034
2932 1.866157213639186
2933 1.866339004232436
2934 1.86652112485972
2935 1.866703558862063
2936 1.866886289329945
2937 1.867069299870006
2938 1.867252574185258
2939 1.867436096495698
2940 1.867619851143514
2941 1.867803822389357
2942 1.867987995233795
2943 1.868172355178005
2944 1.868356887627028
2945 1.868541578610988
2946 1.868726414477505
2947 1.868911382398284
2948 1.869096469960487
2949 1.869281665228672
2950 1.869466956552694
2951 1.86965233338602
2952 1.869837785222559
2953 1.870023301712302
2954 1.870208872464946
2955 1.870394487523031
2956 1.870580137009928
2957 1.870765811563022
2958 1.8709515019385
2959 1.871137198914203
2960 1.871322893462339
2961 1.871508576907872
2962 1.871694240625355
2963 1.871879873046156
2964 1.872065467701959
2965 1.872251019567152
2966 1.872436521820033
2967 1.872621967277171
2968 1.872807349673472
2969 1.872992662474204
2970 1.873177898312496
2971 1.873363050178339
2972 1.873548110211635
2973 1.873733068550524
2974 1.873917919831089
2975 1.874102658023518
2976 1.874287277476661
2977 1.874471773297595
2978 1.874656139640564
2979 1.874840368873844
2980 1.875024456893049
2981 1.875208400016722
2982 1.875392194163973
2983 1.875575835788655
2984 1.875759324786096
2985 1.875942659012463
2986 1.87612583566296
2987 1.87630885175704
2988 1.87649170455483
2989 1.876674391567207
2990 1.876856975553802
2991 1.877039385914112
2992 1.877221617100569
2993 1.877403662252116
2994 1.877585518564829
2995 1.877767183323571
2996 1.877948653998739
2997 1.878129928009731
2998 1.878311003114044
2999 1.878491877336527
3000 1.878672548313701
3001 1.878853013764282
3002 1.879033271495663
3003 1.879213319336322
3004 1.87939315471558
3005 1.879572775431209
3006 1.879752179361432
3007 1.879931364532607
3008 1.880110328937183
3009 1.880289069754622
3010 1.880467584763955
3011 1.880645871580976
3012 1.88082392802409
3013 1.881001750246835
3014 1.881179336204494
3015 1.881356684065915
3016 1.881533792037971
3017 1.881710657091571
3018 1.881887277029557
3019 1.882063649339063
3020 1.882239774125914
3021 1.882415647401991
3022 1.88259126725242
3023 1.882766632097148
3024 1.882941740405001
3025 1.883116590566707
3026 1.883291180775214
3027 1.883465508647134
3028 1.883639572159013
3029 1.883813369952904
3030 1.883986900765777
3031 1.88416016338297
3032 1.884333156658493
3033 1.884505880256983
3034 1.884678333547147
3035 1.884850516250779
3036 1.885022428131119
3037 1.885194068005536
3038 1.885365434330879
3039 1.885536526931812
3040 1.885707345829942
3041 1.885877890283645
3042 1.886048159590504
3043 1.886218153018208
3044 1.886387869837587
3045 1.886557309326372
3046 1.88672647060397
3047 1.886895352776458
3048 1.887063955260194
3049 1.887232277447684
3050 1.887400317469947
3051 1.887568074589899
3052 1.887735548397223
3053 1.887902738057687
3054 1.888069642604833
3055 1.888236261023656
3056 1.888402592284314
3057 1.888568635769823
3058 1.888734390677767
3059 1.888899856265712
3060 1.889065032392359
3061 1.889229918517602
3062 1.889394513934308
3063 1.889558819112904
3064 1.889722833966477
3065 1.889886557335844
3066 1.890049990271248
3067 1.890213132668228
3068 1.890375979842107
3069 1.890538531844759
3070 1.890700789100512
3071 1.890862765062017
3072 1.891024471089087
3073 1.891185905779774
3074 1.891347064507023
3075 1.891507942651077
3076 1.891668535789127
3077 1.891828839806702
3078 1.891988850636115
3079 1.892148564346318
3080 1.892307976667891
3081 1.892467083504057
3082 1.89262588166777
3083 1.892784367710732
3084 1.892942538693586
3085 1.893100393370459
3086 1.893257929383668
3087 1.893415144269166
3088 1.893572035640446
3089 1.893728601193042
3090 1.893884838700777
3091 1.894040746010372
3092 1.894196322893499
3093 1.894351567087912
3094 1.894506476419381
3095 1.89466104830855
3096 1.894815280664456
3097 1.894969170820703
3098 1.895122716454121
3099 1.895275915067982
3100 1.895428763539714
3101 1.895581259404302
3102 1.895733402186298
3103 1.895885189611373
3104 1.896036619515163
3105 1.896187689629681
3106 1.896338398014808
3107 1.896488743042284
3108 1.896638722674098
3109 1.896788334600765
3110 1.896937576559568
3111 1.897086446070192
3112 1.897234939623732
3113 1.897383053199021
3114 1.897530783739271
3115 1.897678128103377
3116 1.897825083378559
3117 1.897971646430228
3118 1.898117813819503
3119 1.898263582137383
3120 1.898408948023655
3121 1.898553907952538
3122 1.898698458268314
3123 1.898842595463042
3124 1.898986315784347
3125 1.899129614914181
3126 1.89927248874259
3127 1.899414933291837
3128 1.899556944565548
3129 1.899698518207847
3130 1.899839650915816
3131 1.899980338255502
3132 1.900120574038032
3133 1.900260352400905
3134 1.900399668569826
3135 1.900538517678296
3136 1.900676895254532
3137 1.900814797975623
3138 1.900952221375925
3139 1.901089160286462
3140 1.901225609822386
3141 1.901361565380562
3142 1.901497022019341
3143 1.901631974025031
3144 1.901766416085573
3145 1.901900342852107
3146 1.902033748303756
3147 1.90216662695879
3148 1.902298973539133
3149 1.902430782346823
3150 1.902562047567174
3151 1.902692763409843
3152 1.902822924960652
3153 1.902952527678597
3154 1.90308156710545
3155 1.903210039122366
3156 1.903337939767242
3157 1.903465264276376
3158 1.903592007792662
3159 1.90371816514329
3160 1.903843731442719
3161 1.903968701658018
3162 1.904093070517862
3163 1.904216832473858
3164 1.904339982314509
3165 1.904462514556031
3166 1.904584423718375
3167 1.904705704414737
3168 1.904826351181456
3169 1.904946358849251
3170 1.905065721157239
3171 1.905184432243196
3172 1.905302486350296
3173 1.905419877754184
3174 1.90553660080686
3175 1.90565264967028
3176 1.905768018318085
3177 1.905882700692797
3178 1.905996690728472
3179 1.906109982402495
3180 1.906222569773484
3181 1.906334447050393
3182 1.906445608174747
3183 1.906556047048873
3184 1.906665757627966
3185 1.906774734255041
3186 1.906882970932647
3187 1.906990461642399
3188 1.907097200470351
3189 1.907203181394783
3190 1.907308398449588
3191 1.907412845663205
3192 1.9075165170861
3193 1.907619406821778
3194 1.907721508951193
3195 1.907822817567077
3196 1.907923326977588
3197 1.908023031397809
3198 1.90812192508969
3199 1.908220002376433
3200 1.908317257648742
3201 1.908413685336387
3202 1.908509279903317
3203 1.908604035862492
3204 1.908697947799174
3205 1.908791010363979
3206 1.908883218271788
3207 1.908974566302195
3208 1.909065049293131
3209 1.909154662184056
3210 1.909243399930661
3211 1.909331257536979
3212 1.909418230428039
3213 1.909504314592328
3214 1.909589505286901
3215 1.909673797855375
3216 1.909757187756101
3217 1.909839670533376
3218 1.909921241823106
3219 1.91000189740592
3220 1.910081633108367
3221 1.910160444635687
3222 1.910238327967313
3223 1.910315279264264
3224 1.910391294735937
3225 1.910466370672055
3226 1.91054050350889
3227 1.91061368973539
3228 1.910685926002821
3229 1.910757209003064
3230 1.910827535596728
3231 1.910896902732192
3232 1.910965307597386
3233 1.911032747162665
3234 1.911099218738014
3235 1.911164719726619
3236 1.911229247624417
3237 1.911292800062757
3238 1.911355374755014
3239 1.911416969575318
3240 1.911477582529334
3241 1.911537211685045
3242 1.911595855280493
3243 1.91165351164697
3244 1.911710178357404
3245 1.911765858529841
3246 1.911820550795708
3247 1.911874253727953
3248 1.911926965976911
3249 1.911978686431177
3250 1.912029414030924
3251 1.912079147862321
3252 1.912127886979125
3253 1.912175630876104
3254 1.912222379019271
3255 1.912268131002088
3256 1.91231288644194
3257 1.912356645157808
3258 1.912399407131176
3259 1.912441172439697
3260 1.912481941287366
3261 1.912521716877449
3262 1.912560511886609
3263 1.912598326626349
3264 1.912635161532735
3265 1.912671017147526
3266 1.912705894103378
3267 1.91273979314259
3268 1.912772715087148
3269 1.912804660926785
3270 1.912835631729421
3271 1.912865628669617
3272 1.912894653008495
3273 1.912922706120328
3274 1.912949789450502
3275 1.912975904562772
3276 1.913001053129262
3277 1.913025236964074
3278 1.913048457953517
3279 1.913070718105704
3280 1.913092019496958
3281 1.913112364339615
3282 1.913131754936571
3283 1.913150193680238
3284 1.913167683070678
3285 1.913184225609996
3286 1.913199824045609
3287 1.91321448106831
3288 1.913228199561801
3289 1.913240982517508
3290 1.91325283301374
3291 1.913263754247583
3292 1.913273749510229
3293 1.913282822107587
3294 1.913290975466919
3295 1.91329821311893
3296 1.913304538685116
3297 1.913309955851348
3298 1.91331446840335
3299 1.913318080171746
3300 1.913320795093454
3301 1.913322617184856
3302 1.913323550517081
3303 1.913323599256233
3304 1.913322767614276
3305 1.913321059913255
3306 1.913318480697378
3307 1.913315034232992
3308 1.913310725014621
3309 1.913305557598612
3310 1.913299536633247
3311 1.913292666921304
3312 1.913284953412228
3313 1.913276401014165
3314 1.913267014709367
3315 1.913256799566251
3316 1.913245760695252
3317 1.913233903256487
3318 1.913221232489383
3319 1.913207753679071
3320 1.91319347213736
3321 1.913178393244225
3322 1.913162522428623
3323 1.913145865147679
3324 1.913128426935399
3325 1.913110213337827
3326 1.91309122993246
3327 1.913071482351684
3328 1.913050976279389
3329 1.913029717430022
3330 1.9130077132459
3331 1.912984970248985
3332 1.912961492745382
3333 1.912937287920754
3334 1.912912338287406
3335 1.912886673697467
3336 1.912860299808303
3337 1.912833222486995
3338 1.912805447587025
3339 1.912776981085637
3340 1.912747828934576
3341 1.912717997096593
3342 1.912687491578991
3343 1.912656317756894
3344 1.91262448119589
3345 1.912591989085894
3346 1.912558847526712
3347 1.912525062634187
3348 1.912490640515211
3349 1.912455587320575
3350 1.912419909221175
3351 1.912383612401228
3352 1.912346703040747
3353 1.912309187352472
3354 1.912271071557945
3355 1.912232361913776
3356 1.912193064688047
3357 1.912153185571325
3358 1.912112731398177
3359 1.912071708511511
3360 1.912030123224095
3361 1.911987981855152
3362 1.911945290739046
3363 1.911902056221841
3364 1.911858284674053
3365 1.91181398247375
3366 1.91176915595842
3367 1.911723811442141
3368 1.911677955328835
3369 1.911631594043944
3370 1.911584734023699
3371 1.911537381688417
3372 1.911489543484979
3373 1.911441225859039
3374 1.911392435249774
3375 1.911343178120677
3376 1.911454252078941
3377 1.911644850750876
3378 1.911835372794554
3379 1.912025756966713
3380 1.912216002026265
3381 1.912406104531549
3382 1.912596062284439
3383 1.912785873092321
3384 1.912975534803467
3385 1.913165045167953
3386 1.913354403147437
3387 1.91354360647378
3388 1.913732651684894
3389 1.913921537426467
3390 1.914110260656725
3391 1.914298818661204
3392 1.914487208929085
3393 1.914675429155678
3394 1.914863479509524
3395 1.915051355211562
3396 1.915239053984014
3397 1.915426573522602
3398 1.915613911553407
3399 1.91580106575628
3400 1.915987973524013
3401 1.916174747261749
3402 1.916361329382511
3403 1.916547718734114
3404 1.91673391175406
3405 1.916919906117101
3406 1.917105699491755
3407 1.917291289535219
3408 1.917476673891255
3409 1.917661851460025
3410 1.917846818546536
3411 1.918031573973131
3412 1.918216114105886
3413 1.918400436559401
3414 1.918584539087353
3415 1.918768420683184
3416 1.918952077801748
3417 1.919135508128032
3418 1.919318709322002
3419 1.919501679028356
3420 1.919684358832531
3421 1.919866860854132
3422 1.920049124069878
3423 1.920231146014491
3424 1.92041292540479
3425 1.920594458482256
3426 1.92077568528611
3427 1.920956719238364
3428 1.921137500411014
3429 1.921318024937763
3430 1.921498290219417
3431 1.92167829364114
3432 1.921858032566218
3433 1.922037446767146
3434 1.922216593859554
3435 1.922395468185971
3436 1.922574126038106
3437 1.922752506742007
3438 1.922930606128465
3439 1.923108365368122
3440 1.923285895105222
3441 1.923463135239888
3442 1.923640084248587
3443 1.923816739266259
3444 1.923993096228991
3445 1.924169152300177
3446 1.924344904648959
3447 1.924520292585876
3448 1.924695429937902
3449 1.924870255570502
3450 1.925044765087866
3451 1.925218955385816
3452 1.92539282335429
3453 1.925566307851349
3454 1.925739523009422
3455 1.92591234845229
3456 1.92608484211602
3457 1.926257056547463
3458 1.926428929861376
3459 1.926600459490348
3460 1.926771642454735
3461 1.926942416793662
3462 1.927112841000022
3463 1.92728296782369
3464 1.927452735584786
3465 1.927622141397278
3466 1.927791182355101
3467 1.927959797179851
3468 1.9281280423459
3469 1.928295917180858
3470 1.928463414401614
3471 1.928630532956508
3472 1.928797328487022
3473 1.928963739495287
3474 1.92912976164842
3475 1.929295391948317
3476 1.929460627380939
3477 1.929625409871571
3478 1.929789849033817
3479 1.92995388425008
3480 1.930117512495526
3481 1.930280732044088
3482 1.930443538573231
3483 1.930605929090559
3484 1.930767900608847
3485 1.930929451425167
3486 1.931090577245641
3487 1.93125127515858
3488 1.931411542298148
3489 1.931571320690292
3490 1.931730720067879
3491 1.931889679789921
3492 1.932048196978428
3493 1.932206270045527
3494 1.932363894815012
3495 1.932521068453914
3496 1.932677728878725
3497 1.93283399280236
3498 1.932989797918294
3499 1.933145140046352
3500 1.933300016230324
3501 1.933454424832859
3502 1.933608361666786
3503 1.933761823906584
3504 1.933914808750081
3505 1.934067314701641
3506 1.934219337684734
3507 1.934370874941924
3508 1.934521864719903
3509 1.934672364845269
3510 1.934822430144305
3511 1.934971999860386
3512 1.935121070704067
3513 1.935269640080513
3514 1.935417645945192
3515 1.935565207217977
3516 1.935712259340361
3517 1.935858799829084
3518 1.936004766571742
3519 1.936150277648143
3520 1.936295271041073
3521 1.936439743022354
3522 1.936583691202322
3523 1.9367271145173
3524 1.936870009295345
3525 1.937012373231099
3526 1.937154144255526
3527 1.937295381080728
3528 1.937436142642279
3529 1.937576364368736
3530 1.937716044113259
3531 1.937855181055457
3532 1.937993771753104
3533 1.938131814144255
3534 1.93826930749526
3535 1.938406248440085
3536 1.938542634996175
3537 1.938678466508029
3538 1.938813739688071
3539 1.938948452676845
3540 1.939082604978419
3541 1.939216193460089
3542 1.939349216383093
3543 1.939481673334318
3544 1.939613561251172
3545 1.939744878430871
3546 1.939875562969275
3547 1.940005674670019
3548 1.940135211887106
3549 1.94026417299637
3550 1.940392556385759
3551 1.940520360460881
3552 1.940647583644931
3553 1.9407742860822
3554 1.940900403265356
3555 1.941025933685717
3556 1.941150877166887
3557 1.941275230881018
3558 1.941398934182705
3559 1.941522047942033
3560 1.941644632632505
3561 1.941766623371675
3562 1.941888018683544
3563 1.942008818432501
3564 1.942129019802881
3565 1.942248621370014
3566 1.942367623050644
3567 1.942486022079936
3568 1.94260375607277
3569 1.942720948315424
3570 1.942837533808933
3571 1.942953511482212
3572 1.943068881592574
3573 1.943183641681459
3574 1.9432977294721
3575 1.943411206403144
3576 1.94352407138104
3577 1.943636385885995
3578 1.943748084947335
3579 1.943859167521232
3580 1.943969633906525
3581 1.944079481693805
3582 1.944188648466346
3583 1.944297258612897
3584 1.944405246997793
3585 1.944512612603583
3586 1.944619355928469
3587 1.944725476204707
3588 1.944830910929327
3589 1.944935784846942
3590 1.945040032777688
3591 1.945143653788862
3592 1.945246648299506
3593 1.94534901401841
3594 1.945450751410645
3595 1.94555185820274
3596 1.945652333534096
3597 1.945752177899886
3598 1.945851389112477
3599 1.945949968317097
3600 1.946047913384498
3601 1.946145223534043
3602 1.946241899360047
3603 1.946337938720425
3604 1.946433342299773
3605 1.946528107932689
3606 1.946622234940295
3607 1.946715724015147
3608 1.946808573133549
3609 1.94690071992898
3610 1.946992289949764
3611 1.947083218179402
3612 1.947173505412678
3613 1.947263149715083
3614 1.947352150583576
3615 1.947440508887293
3616 1.947528222773355
3617 1.94761522996486
3618 1.947701656397636
3619 1.947787437146341
3620 1.947872573216448
3621 1.947957062880096
3622 1.948040905844565
3623 1.948124103192284
3624 1.948206653281272
3625 1.948288494373924
3626 1.948369753179277
3627 1.948450364873332
3628 1.948530330636489
3629 1.94860964891914
3630 1.948688257493301
3631 1.948766283190224
3632 1.948843661152019
3633 1.948920329213367
3634 1.948996414511842
3635 1.949071852226184
3636 1.949146642464017
3637 1.949220786725516
3638 1.949294283787138
3639 1.949367135222497
3640 1.94943933986937
3641 1.94951089936982
3642 1.949581812625212
3643 1.94965201765361
3644 1.949721642169593
3645 1.949790621505814
3646 1.949858893716103
3647 1.949926586736652
3648 1.949993635925171
3649 1.950059979371791
3650 1.950125681567128
3651 1.950190807130063
3652 1.950255291536917
3653 1.95031907298267
3654 1.950382279804547
3655 1.950444847501513
3656 1.950506714297271
3657 1.950568008734798
3658 1.95062866636069
3659 1.950688625456499
3660 1.950748014802994
3661 1.950806769973374
3662 1.950864829277761
3663 1.95092232174377
3664 1.950979182991559
3665 1.951035351381772
3666 1.951090954868754
3667 1.951145928330486
3668 1.951200212418155
3669 1.951253936627046
3670 1.95130703666587
3671 1.951359451107453
3672 1.951411309884415
3673 1.951462548954379
3674 1.95151310684348
3675 1.951563111821726
3676 1.951612499882392
3677 1.951661209868498
3678 1.951709307942025
3679 1.951756860077732
3680 1.951803802415521
3681 1.951850073849369
3682 1.951895804915665
3683 1.951940932973061
3684 1.951985395729005
3685 1.95202932367208
3686 1.952072654063923
3687 1.952115326417417
3688 1.952157471600624
3689 1.952199026149307
3690 1.952239929478892
3691 1.952280311937874
3692 1.952320109743506
3693 1.952359261876921
3694 1.952397835172621
3695 1.952435896347773
3696 1.952473381731646
3697 1.952510230408219
3698 1.952546573896934
3699 1.952582348554352
3700 1.952617493482622
3701 1.952652075791949
3702 1.952686162481156
3703 1.952719689997054
3704 1.952752597539263
3705 1.952785016998802
3706 1.952816884830855
3707 1.952848140247891
3708 1.952878850634701
3709 1.952909083196163
3710 1.952938774485949
3711 1.952967863808854
3712 1.952996418711873
3713 1.953024506640991
3714 1.953052064229319
3715 1.953079030856214
3716 1.953105474215307
3717 1.953131461726382
3718 1.953156930070922
3719 1.953181818675177
3720 1.953206195370425
3721 1.953230127901857
3722 1.953253553020987
3723 1.953276410220005
3724 1.95329876749639
3725 1.953320692764253
3726 1.953342122833849
3727 1.953362997252294
3728 1.953383384182309
3729 1.953403351703359
3730 1.953422836667873
3731 1.953441842577061
3732 1.953460373478347
3733 1.953478430856795
3734 1.953496019242198
3735 1.953513140187343
3736 1.953529733181163
3737 1.953545866434954
3738 1.953561608081529
3739 1.953576894968057
3740 1.953591730387912
3741 1.953606119058664
3742 1.9536200629044
3743 1.953633566663351
3744 1.953646632272033
3745 1.953659263158086
3746 1.953671464174626
3747 1.953683237379841
3748 1.953694587701249
3749 1.953705517265663
3750 1.953716029681339
3751 1.953726130219246
3752 1.953735820735931
3753 1.953745041399828
3754 1.953753926444946
3755 1.953762412472529
3756 1.95377050315287
3757 1.953778203629202
3758 1.953785516251408
3759 1.953792381456852
3760 1.953798932611098
3761 1.953805107410527
3762 1.953810909768472
3763 1.953816280422248
3764 1.953821352402645
3765 1.953826063698181
3766 1.95383035498021
3767 1.953834294926801
3768 1.953837952162206
3769 1.953841264644182
3770 1.953844236608192
3771 1.95384680909673
3772 1.9538491151176
3773 1.9538510928596
3774 1.953852683157328
3775 1.95385395474725
3776 1.953854976329297
3777 1.9538556859101
3778 1.953856088105271
3779 1.953856123583121
3780 1.953855860971088
3781 1.953855368869946
3782 1.953854585601452
3783 1.953853452095385
3784 1.953852037172969
3785 1.953850345024218
3786 1.953848379846883
3787 1.953846210456982
3788 1.953843775054928
3789 1.953841077879457
3790 1.953838124555619
3791 1.953834917893354
3792 1.953831462144136
3793 1.953827762948594
3794 1.953823823134205
3795 1.953819583651928
3796 1.953815113416322
3797 1.953810416628199
3798 1.953805497496543
3799 1.953800360236719
3800 1.953795009069216
3801 1.953789448220317
3802 1.953783681921203
3803 1.953777714398952
3804 1.953771549886173
3805 1.953765192627442
3806 1.953758646669291
3807 1.953751916117286
3808 1.953745005097326
3809 1.953737917734728
3810 1.953730658125274
3811 1.953723293892646
3812 1.953715765715025
3813 1.953708076288391
3814 1.953700229748201
3815 1.953692231670647
3816 1.953684085421991
3817 1.953675795091137
3818 1.953667366182267
3819 1.953658801365927
3820 1.953650104756827
3821 1.953641217110049
3822 1.95363227197557
3823 1.953623207330549
3824 1.953614027298097
3825 1.953604737367877
3826 1.953595340224234
3827 1.953585840188963
3828 1.953576179523757
3829 1.953566490432829
3830 1.95355664902474
3831 1.953546788457562
3832 1.953536846847143
3833 1.953526828279399
3834 1.953516673602605
3835 1.953506451458739
3836 1.953496229628191
3837 1.953485886163062
3838 1.953475554039177
3839 1.953465171509268
3840 1.953454742500148
3841 1.953444192080919
3842 1.953433668450181
3843 1.95342304824409
3844 1.953412464341461
3845 1.953401855140571
3846 1.953391224798263
3847 1.953380514349378
3848 1.953369855513613
3849 1.95335912501273
3850 1.953348455569963
3851 1.953337785600237
3852 1.953327119224731
3853 1.953316460562859
3854 1.953305815096468
3855 1.953295185493441
3856 1.953284575846252
3857 1.953273990241475
3858 1.953263369984809
3859 1.953252847376093
3860 1.953242361035435
3861 1.953231915086612
3862 1.9532215136256
3863 1.953211162103598
3864 1.953200863158842
3865 1.953190620844767
3866 1.95318043919985
3867 1.953170323614516
3868 1.953160276673564
3869 1.953150302371091
3870 1.953140404685848
3871 1.953130525010192
3872 1.953120793764203
3873 1.953111088552713
3874 1.953101476960207
3875 1.95309202546104
3876 1.953082611692685
3877 1.95307336699935
3878 1.953064228939252
3879 1.953055197220136
3880 1.95304627995595
3881 1.953037418564999
3882 1.953028743160972
3883 1.95302019515151
3884 1.953011776950119
3885 1.953003492367248
3886 1.952995345192853
3887 1.952987276812586
3888 1.952979417067879
3889 1.952971707333462
3890 1.952964149905535
3891 1.952956749749383
3892 1.95294950920717
3893 1.952942431928521
3894 1.952935522897594
3895 1.952928784309573
3896 1.952922219740937
3897 1.952915832747198
3898 1.952909626862003
3899 1.952903543531026
3900 1.952897649618297
3901 1.952892010942101
3902 1.952886506693724
3903 1.952881264484527
3904 1.952876225677281
3905 1.952871392312361
3906 1.952866767887411
3907 1.952862355863845
3908 1.952858159668494
3909 1.952854120690719
3910 1.952850367601691
3911 1.952880523550226
3912 1.95298690990473
3913 1.953093043171128
3914 1.953198919475012
3915 1.953304534992704
3916 1.953409885952014
3917 1.953514967781974
3918 1.953619778418342
3919 1.953724312629201
3920 1.953828568465376
3921 1.95393254077084
3922 1.954036227749052
3923 1.954139624393036
3924 1.954242725951658
3925 1.954345524571248
3926 1.954448013537152
3927 1.954550186424443
3928 1.954652036370997
3929 1.954753557826483
3930 1.954854745868953
3931 1.954955595552252
3932 1.955056102216781
3933 1.955156261263369
3934 1.955256068241412
3935 1.955355518893284
3936 1.955454609111728
3937 1.955553334082401
3938 1.955651691592123
3939 1.955749677144759
3940 1.955847287155806
3941 1.955944518112877
3942 1.956041366647883
3943 1.956137829496375
3944 1.95623390348984
3945 1.956329585572207
3946 1.956424872746768
3947 1.956519760464022
3948 1.956614249075822
3949 1.956708334354806
3950 1.956802013681906
3951 1.956895284449324
3952 1.956988144156619
3953 1.957080590409612
3954 1.957172620861752
3955 1.95726423325399
3956 1.957355425370876
3957 1.957446195085588
3958 1.957536540314053
3959 1.957626459032708
3960 1.957715948461106
3961 1.957805008245091
3962 1.957893635803102
3963 1.957981829334256
3964 1.958069587089211
3965 1.95815690741772
3966 1.958243788770608
3967 1.958330228788429
3968 1.958416227516844
3969 1.958501782752237
3970 1.958586893047852
3971 1.958671556999279
3972 1.95875577323441
3973 1.958839540414034
3974 1.958922857242899
3975 1.959005721596336
3976 1.95908813382742
3977 1.959170091958512
3978 1.959251594801827
3979 1.959332640373543
3980 1.959413229122262
3981 1.959493359157714
3982 1.959573029397292
3983 1.959652237974253
3984 1.959730985418317
3985 1.959809271415328
3986 1.959887095183136
3987 1.959964453924475
3988 1.960041346621354
3989 1.960117772272623
3990 1.960193729991823
3991 1.960269218057238
3992 1.960344237147105
3993 1.960418785650314
3994 1.960492862711182
3995 1.96056646667333
3996 1.960639598339148
3997 1.960712256192953
3998 1.960784439486907
3999 1.96085614751308
4000 1.960927378754635
4001 1.960998133323522
4002 1.961068411376022
4003 1.961138211532548
4004 1.961207533171058
4005 1.961276374861574
4006 1.961344737629592
4007 1.961412620178975
4008 1.961480021978827
4009 1.961546942527893
4010 1.961613380502825
4011 1.961679337054634
4012 1.961744810978069
4013 1.961809801861466
4014 1.961874309322414
4015 1.961938333018354
4016 1.962001871774469
4017 1.96206492687935
4018 1.962127497288582
4019 1.962189582757409
4020 1.962251183044414
4021 1.962312297941711
4022 1.962372925590893
4023 1.962433069012639
4024 1.962492726543662
4025 1.962551898042941
4026 1.962610583382246
4027 1.962668782407891
4028 1.962726494937846
4029 1.962783720778374
4030 1.962840458936652
4031 1.962896709986294
4032 1.962952474408671
4033 1.963007750489919
4034 1.963062538172958
4035 1.96311683744782
4036 1.963170647493
4037 1.963223969958533
4038 1.963276804173328
4039 1.963329150255277
4040 1.963381008343239
4041 1.963432378631902
4042 1.96348326132693
4043 1.963533656614998
4044 1.96358356464443
4045 1.963632985753564
4046 1.963681920303323
4047 1.963730368685905
4048 1.963778330484559
4049 1.963825807759808
4050 1.963872800241298
4051 1.963919308434144
4052 1.963965332863872
4053 1.964010873280008
4054 1.964055931916674
4055 1.964100508630991
4056 1.964144604087036
4057 1.964188218978691
4058 1.964231354042256
4059 1.964274010020097
4060 1.964316187693121
4061 1.964357887886498
4062 1.964399111432229
4063 1.964439859568852
4064 1.96448013245683
4065 1.964519932597626
4066 1.964559259438325
4067 1.964598114702522
4068 1.964636499375278
4069 1.96467441363173
4070 1.964711860139178
4071 1.964748839191758
4072 1.964785351892412
4073 1.964821398529621
4074 1.964856981885017
4075 1.964892102393049
4076 1.964926761268417
4077 1.964960959940728
4078 1.964994698865397
4079 1.965027980984788
4080 1.96506080685871
4081 1.965093177859778
4082 1.965125094544153
4083 1.9651565591173
4084 1.965187573888409
4085 1.965218139585675
4086 1.965248257720153
4087 1.965277929843005
4088 1.96530715671818
4089 1.96533594160798
4090 1.965364285364737
4091 1.965392189656207
4092 1.965419656188792
4093 1.965446686678493
4094 1.965473282890474
4095 1.965499445768867
4096 1.965525178762183
4097 1.965550482123971
4098 1.965575359308303
4099 1.965599811455553
4100 1.965623839658603
4101 1.965647447117898
4102 1.96567063550371
4103 1.965693407551201
4104 1.965715765495052
4105 1.965737711365704
4106 1.965759248108857
4107 1.965780377066647
4108 1.965801101904149
4109 1.965821423933702
4110 1.965841345249712
4111 1.965860867992939
4112 1.965879994350737
4113 1.965898726521887
4114 1.965917066747552
4115 1.965935016452055
4116 1.965952579586597
4117 1.965969757692675
4118 1.965986553142952
4119 1.966002967498429
4120 1.966019003980382
4121 1.966034665928431
4122 1.966049955101583
4123 1.966064874048143
4124 1.966079425363001
4125 1.966093611687724
4126 1.966107435673556
4127 1.966120900019201
4128 1.966134006623548
4129 1.966146759912403
4130 1.966159161068084
4131 1.966171214530066
4132 1.966182921548844
4133 1.966194285798724
4134 1.966205311050031
4135 1.966215999489029
4136 1.966226354081313
4137 1.966236377846395
4138 1.966246073848077
4139 1.966255445148394
4140 1.966264494831494
4141 1.9662732260185
4142 1.966281641830656
4143 1.966289745434725
4144 1.966297539167123
4145 1.966305027020977
4146 1.966312213093111
4147 1.966319099885527
4148 1.966325690659587
4149 1.966331988708089
4150 1.966337997358097
4151 1.966343719926889
4152 1.966349159758632
4153 1.966354319391639
4154 1.966359203819308
4155 1.966363815664022
4156 1.966368157503505
4157 1.966372234853089
4158 1.96637605017011
4159 1.966379608071385
4160 1.966382911278801
4161 1.966385964326984
4162 1.966388771383155
4163 1.966391336068708
4164 1.966393662001773
4165 1.966395751963235
4166 1.966397610381317
4167 1.966399241768624
4168 1.966400649020782
4169 1.966401835802723
4170 1.966402805797869
4171 1.966403562711033
4172 1.966404110231393
4173 1.966404452066806
4174 1.966404591092185
4175 1.966404531866816
4176 1.966404278961602
4177 1.966403835339018
4178 1.966403204891091
4179 1.966402391361155
4180 1.966401398512605
4181 1.966400230125173
4182 1.966398890014407
4183 1.966397381096944
4184 1.966395708792632
4185 1.966393876117243
4186 1.966391886859634
4187 1.966389745587229
4188 1.966387456203782
4189 1.966385022355987
4190 1.966382448172958
4191 1.966379736304174
4192 1.966376891814793
4193 1.966373917684797
4194 1.966370817634987
4195 1.96636759530188
4196 1.966364255895212
4197 1.966360803268296
4198 1.966357242124849
4199 1.966353574696046
4200 1.966349806491611
4201 1.966423308667952
4202 1.966515674633309
4203 1.966608125486322
4204 1.966700787209905
4205 1.966793527718471
4206 1.96688647408891
4207 1.966979494543498
4208 1.967072711298135
4209 1.967166057866945
4210 1.967259533845044
4211 1.967353133169297
4212 1.967446852595533
4213 1.967540690412791
4214 1.9676346419581
4215 1.967728704012963
4216 1.967822873456216
4217 1.967917084558337
4218 1.968011463005239
4219 1.968105938815759
4220 1.968200508707343
4221 1.968295169386599
4222 1.96838991894959
4223 1.968484752619553
4224 1.968579668975023
4225 1.968674663281018
4226 1.968769733012975
4227 1.968864873350239
4228 1.96896008092196
4229 1.969055288476197
4230 1.969150559321248
4231 1.969245952432888
4232 1.969341336488884
4233 1.969436834566526
4234 1.969532379304092
4235 1.969627904883355
4236 1.969723471559237
4237 1.969819139737831
4238 1.969914842023879
4239 1.970010573183542
4240 1.970106329982197
4241 1.970202110272281
4242 1.970297910483779
4243 1.970393725599793
4244 1.970489551960693
4245 1.970585385692819
4246 1.970681226009208
4247 1.970777066442676
4248 1.970872903333564
4249 1.970968733195934
4250 1.971064488728739
4251 1.9711601677154
4252 1.97125595733057
4253 1.971351661519381
4254 1.971447339983561
4255 1.971543052655659
4256 1.971638666473586
4257 1.97173430794599
4258 1.971829843301868
4259 1.971925396365966
4260 1.972020899998683
4261 1.972116284904882
4262 1.97221167649852
4263 1.972307006849314
4264 1.972402270601175
4265 1.972497465270775
4266 1.972592585542846
4267 1.972687563637397
4268 1.9727825257192
4269 1.972877403272938
4270 1.972972192418786
4271 1.973066887912459
4272 1.973161486528197
4273 1.97325592137186
4274 1.973350254511773
4275 1.973444546564974
4276 1.973538727129914
4277 1.973632416770374
4278 1.973725987268634
4279 1.973819806610485
4280 1.973913433611621
4281 1.974006992877095
4282 1.974100417119871
4283 1.974193701555665
4284 1.974286842875541
4285 1.974379839182088
4286 1.974472687124468
4287 1.974565381940663
4288 1.974657920351175
4289 1.974750299085293
4290 1.974842452470934
4291 1.974934504906642
4292 1.975026389238212
4293 1.97511803631446
4294 1.975209573209575
4295 1.975300932311233
4296 1.975392108960923
4297 1.975483036198618
4298 1.975573839942054
4299 1.975664389419818
4300 1.975754745159843
4301 1.975844968067057
4302 1.97593486109547
4303 1.976024681166793
4304 1.976114231303689
4305 1.976203636270802
4306 1.976292763747007
4307 1.976381675215867
4308 1.976470434706801
4309 1.976558973016777
4310 1.97664728572085
4311 1.976735369903035
4312 1.976823157765751
4313 1.976910779024262
4314 1.97699809916324
4315 1.977085244602574
4316 1.97717208323828
4317 1.977258742987033
4318 1.977345155595042
4319 1.977431316842404
4320 1.977517158896805
4321 1.977602812061454
4322 1.977688205684001
4323 1.977773337106882
4324 1.977858139821079
4325 1.97794274169906
4326 1.978027074910672
4327 1.97811113539713
4328 1.978194920622569
4329 1.978278429578612
4330 1.978361659777742
4331 1.978444607337166
4332 1.978527271304928
4333 1.978609647790022
4334 1.978691734428106
4335 1.978773530319752
4336 1.978855031624087
4337 1.97893616952201
4338 1.979017008011874
4339 1.979097482547686
4340 1.97917778714564
4341 1.979257785694328
4342 1.979337412155231
4343 1.979416794910055
4344 1.979495801080089
4345 1.979574557617714
4346 1.979652998230136
4347 1.979731055459627
4348 1.979808856381671
4349 1.979886203871885
4350 1.979963292361122
4351 1.980040054411649
4352 1.980116489420824
4353 1.980192593925886
4354 1.980268433315903
4355 1.980343936636623
4356 1.980419101810158
4357 1.980493928255537
4358 1.980568412440626
4359 1.980642485968733
4360 1.980716211488116
4361 1.980789590389409
4362 1.980862688618916
4363 1.98093543499697
4364 1.981007827695919
4365 1.98107986638691
4366 1.981151547153083
4367 1.981222867198115
4368 1.981293762530082
4369 1.981364359285937
4370 1.981434592006638
4371 1.981504393760365
4372 1.981573892314135
4373 1.981643022278097
4374 1.981711716766536
4375 1.981780103646346
4376 1.981848117579045
4377 1.981915691735028
4378 1.981982955583289
4379 1.982049840815977
4380 1.982116346135038
4381 1.982182407866956
4382 1.982248152450978
4383 1.982313446344835
4384 1.982378361206412
4385 1.982442955232213
4386 1.98250716197319
4387 1.982570981747688
4388 1.982634347967757
4389 1.982697321759445
4390 1.982759973762696
4391 1.982822169121698
4392 1.982884036401501
4393 1.982945510778197
4394 1.983006589893338
4395 1.983067275874492
4396 1.983127564948048
4397 1.983187456381485
4398 1.983246950939563
4399 1.983306046365583
4400 1.983364674918849
4401 1.983422973146102
4402 1.983480870252555
4403 1.983538367067263
4404 1.983595461353192
4405 1.983652152483908
4406 1.983708439827605
4407 1.983764317678821
4408 1.983819718423959
4409 1.983874779278711
4410 1.983929429493532
4411 1.983983670235335
4412 1.984037499676143
4413 1.984090850080911
4414 1.984143859143996
4415 1.984196456152798
4416 1.984248573348069
4417 1.984300279642794
4418 1.984351580037434
4419 1.984402533123408
4420 1.984453005799247
4421 1.984503136649841
4422 1.984552855318999
4423 1.984602030201351
4424 1.984650928776249
4425 1.984699414915859
4426 1.984747420795459
4427 1.984795084981777
4428 1.984842272787251
4429 1.984889045521455
4430 1.98493547660608
4431 1.984981495186081
4432 1.985027033402657
4433 1.985072166369017
4434 1.985116952471711
4435 1.985161258445403
4436 1.985205223479941
4437 1.985248776739243
4438 1.985291919956841
4439 1.985334587930446
4440 1.985376841923893
4441 1.985418756190226
4442 1.9854602597591
4443 1.985501284712771
4444 1.985541906914536
4445 1.985582184765852
4446 1.985622054749836
4447 1.985661515711292
4448 1.98570049974532
4449 1.985739147039795
4450 1.98577738809991
4451 1.985815223518939
4452 1.985852652290971
4453 1.985889606574034
4454 1.985926226898029
4455 1.985962442412886
4456 1.98599825593597
4457 1.986033666629278
4458 1.986068606709989
4459 1.986103216872874
4460 1.986137426295984
4461 1.986171237347969
4462 1.986204649306752
4463 1.986237664517369
4464 1.986270282312484
4465 1.986302435014455
4466 1.986334263853975
4467 1.98636569971597
4468 1.98639674351425
4469 1.98642739472203
4470 1.986457655951323
4471 1.986487526719089
4472 1.986517009626239
4473 1.986546104314635
4474 1.98657474322336
4475 1.986603068016635
4476 1.986631008105408
4477 1.986658566661795
4478 1.98668574297912
4479 1.986712539892621
4480 1.986738957143762
4481 1.986764997641995
4482 1.986790661156872
4483 1.986815950560466
4484 1.98684086564629
4485 1.986865410775321
4486 1.986889584324797
4487 1.986913318945025
4488 1.986936686562628
4489 1.986959758751961
4490 1.986982465283633
4491 1.987004809243227
4492 1.987026790628228
4493 1.987048412581119
4494 1.987069675147619
4495 1.987090581521155
4496 1.987111131796681
4497 1.987131329217778
4498 1.987151173928071
4499 1.987170669221231
4500 1.98718981528969
4501 1.987208615475869
4502 1.987227070020222
4503 1.987245118577278
4504 1.987262890352393
4505 1.987280323484033
4506 1.987297418272695
4507 1.987314178174037
4508 1.987330603542071
4509 1.987346697884136
4510 1.987362397828737
4511 1.987377835950324
4512 1.987392947423378
4513 1.987407735846303
4514 1.98742220172565
4515 1.987436349059181
4516 1.987450179676139
4517 1.987463695684747
4518 1.987476897569297
4519 1.987489788973987
4520 1.987502370442209
4521 1.987514645674286
4522 1.987526615266055
4523 1.987538282968469
4524 1.987549649427816
4525 1.987560718442935
4526 1.987571490706017
4527 1.987581970059762
4528 1.987592157239115
4529 1.987602056127156
4530 1.987611667547171
4531 1.987620925048343
4532 1.987629901427338
4533 1.987638669127566
4534 1.98764709133798
4535 1.987655309948274
4536 1.987663186166338
4537 1.987670863991156
4538 1.987678273586824
4539 1.987685419015318
4540 1.987692301214099
4541 1.987698924276285
4542 1.987705289167906
4543 1.987711400016779
4544 1.987717257821341
4545 1.987722866733059
4546 1.987728227759198
4547 1.987733274440243
4548 1.987738150602639
4549 1.987742786728927
4550 1.987747123084854
4551 1.987751220697917
4552 1.987755158614394
4553 1.987758867010069
4554 1.987762350121913
4555 1.98776560913553
4556 1.987768649811802
4557 1.987771471846259
4558 1.987774079580459
4559 1.987776474200022
4560 1.987778660042997
4561 1.987780638306817
4562 1.987782413343703
4563 1.987783986366269
4564 1.987785361742136
4565 1.987786540646581
4566 1.987787527507381
4567 1.987788323564304
4568 1.987788933212328
4569 1.987789357708984
4570 1.987789601465467
4571 1.987789667170429
4572 1.987789557773233
4573 1.987789274564425
4574 1.987788821987484
4575 1.987788201347398
4576 1.987787417089117
4577 1.987786470517039
4578 1.987785366089225
4579 1.987784105107537
4580 1.987782692022942
4581 1.987781128151458
4582 1.987779417961412
4583 1.98777756278633
4584 1.987775568528924
4585 1.987773435064238
